image,label,keyword_hint,brightness_mean,contrast_std,sharpness_laplacian_var,saturation_mean
D:\vscode\workspace\recurrencePaper\YOLO-26-2\datasets\tt100k_aug_2160\test\images\10141.jpg,D:\vscode\workspace\recurrencePaper\YOLO-26-2\datasets\tt100k_aug_2160\test\labels\10141.txt,,140.86066818237305,35.66123302549629,1665.7049560546875,46.417598724365234
D:\vscode\workspace\recurrencePaper\YOLO-26-2\datasets\tt100k_aug_2160\test\images\10172.jpg,D:\vscode\workspace\recurrencePaper\YOLO-26-2\datasets\tt100k_aug_2160\test\labels\10172.txt,,160.85260391235352,54.30492696038627,1304.1436767578125,27.571857452392578
D:\vscode\workspace\recurrencePaper\YOLO-26-2\datasets\tt100k_aug_2160\test\images\10175.jpg,D:\vscode\workspace\recurrencePaper\YOLO-26-2\datasets\tt100k_aug_2160\test\labels\10175.txt,,120.9649887084961,59.46346041469693,928.836181640625,44.78034973144531
D:\vscode\workspace\recurrencePaper\YOLO-26-2\datasets\tt100k_aug_2160\test\images\10176.jpg,D:\vscode\workspace\recurrencePaper\YOLO-26-2\datasets\tt100k_aug_2160\test\labels\10176.txt,,139.9881935119629,59.69298985852244,2025.8785400390625,43.03049087524414
D:\vscode\workspace\recurrencePaper\YOLO-26-2\datasets\tt100k_aug_2160\test\images\10239.jpg,D:\vscode\workspace\recurrencePaper\YOLO-26-2\datasets\tt100k_aug_2160\test\labels\10239.txt,,141.40391159057617,43.65748386391081,3027.41064453125,48.6013298034668
D:\vscode\workspace\recurrencePaper\YOLO-26-2\datasets\tt100k_aug_2160\test\images\10251.jpg,D:\vscode\workspace\recurrencePaper\YOLO-26-2\datasets\tt100k_aug_2160\test\labels\10251.txt,,163.8618621826172,56.794318812075616,1369.804443359375,21.567459106445312
D:\vscode\workspace\recurrencePaper\YOLO-26-2\datasets\tt100k_aug_2160\test\images\10329.jpg,D:\vscode\workspace\recurrencePaper\YOLO-26-2\datasets\tt100k_aug_2160\test\labels\10329.txt,,135.7857666015625,51.02977424547514,4343.98486328125,48.81752395629883
D:\vscode\workspace\recurrencePaper\YOLO-26-2\datasets\tt100k_aug_2160\test\images\10480.jpg,D:\vscode\workspace\recurrencePaper\YOLO-26-2\datasets\tt100k_aug_2160\test\labels\10480.txt,,126.62332534790039,55.13025545131384,3397.017822265625,66.3175163269043
D:\vscode\workspace\recurrencePaper\YOLO-26-2\datasets\tt100k_aug_2160\test\images\10496.jpg,D:\vscode\workspace\recurrencePaper\YOLO-26-2\datasets\tt100k_aug_2160\test\labels\10496.txt,,131.51675033569336,38.501335143150044,2529.00634765625,53.24325180053711
D:\vscode\workspace\recurrencePaper\YOLO-26-2\datasets\tt100k_aug_2160\test\images\1053.jpg,D:\vscode\workspace\recurrencePaper\YOLO-26-2\datasets\tt100k_aug_2160\test\labels\1053.txt,,148.1040496826172,36.59865812441469,852.4766845703125,39.8264045715332
D:\vscode\workspace\recurrencePaper\YOLO-26-2\datasets\tt100k_aug_2160\test\images\10553.jpg,D:\vscode\workspace\recurrencePaper\YOLO-26-2\datasets\tt100k_aug_2160\test\labels\10553.txt,,133.08142852783203,42.28901756992153,2134.474853515625,36.65967559814453
D:\vscode\workspace\recurrencePaper\YOLO-26-2\datasets\tt100k_aug_2160\test\images\10562.jpg,D:\vscode\workspace\recurrencePaper\YOLO-26-2\datasets\tt100k_aug_2160\test\labels\10562.txt,,157.34283828735352,63.48181249607174,2193.4931640625,36.16578674316406
D:\vscode\workspace\recurrencePaper\YOLO-26-2\datasets\tt100k_aug_2160\test\images\1068.jpg,D:\vscode\workspace\recurrencePaper\YOLO-26-2\datasets\tt100k_aug_2160\test\labels\1068.txt,,123.65069961547852,63.87065580377742,1506.88720703125,26.403701782226562
D:\vscode\workspace\recurrencePaper\YOLO-26-2\datasets\tt100k_aug_2160\test\images\1069.jpg,D:\vscode\workspace\recurrencePaper\YOLO-26-2\datasets\tt100k_aug_2160\test\labels\1069.txt,,148.66661071777344,75.74574542571509,1522.239501953125,28.203479766845703
D:\vscode\workspace\recurrencePaper\YOLO-26-2\datasets\tt100k_aug_2160\test\images\10790.jpg,D:\vscode\workspace\recurrencePaper\YOLO-26-2\datasets\tt100k_aug_2160\test\labels\10790.txt,,134.80015182495117,45.97285129464792,2622.96044921875,47.13522720336914
D:\vscode\workspace\recurrencePaper\YOLO-26-2\datasets\tt100k_aug_2160\test\images\10839.jpg,D:\vscode\workspace\recurrencePaper\YOLO-26-2\datasets\tt100k_aug_2160\test\labels\10839.txt,,113.90581893920898,60.313123306889324,4974.44873046875,59.91423416137695
D:\vscode\workspace\recurrencePaper\YOLO-26-2\datasets\tt100k_aug_2160\test\images\10926.jpg,D:\vscode\workspace\recurrencePaper\YOLO-26-2\datasets\tt100k_aug_2160\test\labels\10926.txt,,138.55659103393555,48.91893806901966,1595.213134765625,31.884525299072266
D:\vscode\workspace\recurrencePaper\YOLO-26-2\datasets\tt100k_aug_2160\test\images\10956.jpg,D:\vscode\workspace\recurrencePaper\YOLO-26-2\datasets\tt100k_aug_2160\test\labels\10956.txt,,159.02711486816406,52.118164685283595,1112.6109619140625,28.68234634399414
D:\vscode\workspace\recurrencePaper\YOLO-26-2\datasets\tt100k_aug_2160\test\images\11013.jpg,D:\vscode\workspace\recurrencePaper\YOLO-26-2\datasets\tt100k_aug_2160\test\labels\11013.txt,,144.07347106933594,41.18418789675063,1078.6978759765625,41.49094772338867
D:\vscode\workspace\recurrencePaper\YOLO-26-2\datasets\tt100k_aug_2160\test\images\11050.jpg,D:\vscode\workspace\recurrencePaper\YOLO-26-2\datasets\tt100k_aug_2160\test\labels\11050.txt,,146.7265968322754,37.804419893964216,2105.71435546875,51.50566864013672
D:\vscode\workspace\recurrencePaper\YOLO-26-2\datasets\tt100k_aug_2160\test\images\11057.jpg,D:\vscode\workspace\recurrencePaper\YOLO-26-2\datasets\tt100k_aug_2160\test\labels\11057.txt,,120.23327255249023,64.81946587793422,2328.806640625,35.83858871459961
D:\vscode\workspace\recurrencePaper\YOLO-26-2\datasets\tt100k_aug_2160\test\images\11075.jpg,D:\vscode\workspace\recurrencePaper\YOLO-26-2\datasets\tt100k_aug_2160\test\labels\11075.txt,,121.08769226074219,56.95809152574719,2885.5810546875,35.291046142578125
D:\vscode\workspace\recurrencePaper\YOLO-26-2\datasets\tt100k_aug_2160\test\images\11143.jpg,D:\vscode\workspace\recurrencePaper\YOLO-26-2\datasets\tt100k_aug_2160\test\labels\11143.txt,,121.68708801269531,63.88985222533248,1924.64501953125,39.86452865600586
D:\vscode\workspace\recurrencePaper\YOLO-26-2\datasets\tt100k_aug_2160\test\images\11151.jpg,D:\vscode\workspace\recurrencePaper\YOLO-26-2\datasets\tt100k_aug_2160\test\labels\11151.txt,,101.87574768066406,60.260389606795606,4335.05908203125,57.77558135986328
D:\vscode\workspace\recurrencePaper\YOLO-26-2\datasets\tt100k_aug_2160\test\images\11237.jpg,D:\vscode\workspace\recurrencePaper\YOLO-26-2\datasets\tt100k_aug_2160\test\labels\11237.txt,,130.9906463623047,66.89473645796765,2079.78564453125,37.2713623046875
D:\vscode\workspace\recurrencePaper\YOLO-26-2\datasets\tt100k_aug_2160\test\images\11293.jpg,D:\vscode\workspace\recurrencePaper\YOLO-26-2\datasets\tt100k_aug_2160\test\labels\11293.txt,,124.28733825683594,55.278244136367874,2091.2451171875,22.90015411376953
D:\vscode\workspace\recurrencePaper\YOLO-26-2\datasets\tt100k_aug_2160\test\images\11438.jpg,D:\vscode\workspace\recurrencePaper\YOLO-26-2\datasets\tt100k_aug_2160\test\labels\11438.txt,,125.73170471191406,52.991097773461306,1735.2760009765625,49.14097213745117
D:\vscode\workspace\recurrencePaper\YOLO-26-2\datasets\tt100k_aug_2160\test\images\11522.jpg,D:\vscode\workspace\recurrencePaper\YOLO-26-2\datasets\tt100k_aug_2160\test\labels\11522.txt,,143.15582275390625,63.214168816739495,1072.083251953125,29.581157684326172
D:\vscode\workspace\recurrencePaper\YOLO-26-2\datasets\tt100k_aug_2160\test\images\11529.jpg,D:\vscode\workspace\recurrencePaper\YOLO-26-2\datasets\tt100k_aug_2160\test\labels\11529.txt,,152.54790878295898,38.428998317126286,1465.436279296875,31.540279388427734
D:\vscode\workspace\recurrencePaper\YOLO-26-2\datasets\tt100k_aug_2160\test\images\11620.jpg,D:\vscode\workspace\recurrencePaper\YOLO-26-2\datasets\tt100k_aug_2160\test\labels\11620.txt,,143.94107055664062,49.42328701487181,1597.5743408203125,36.173912048339844
D:\vscode\workspace\recurrencePaper\YOLO-26-2\datasets\tt100k_aug_2160\test\images\11642.jpg,D:\vscode\workspace\recurrencePaper\YOLO-26-2\datasets\tt100k_aug_2160\test\labels\11642.txt,,140.4658088684082,50.162174568285586,2237.3662109375,36.895484924316406
D:\vscode\workspace\recurrencePaper\YOLO-26-2\datasets\tt100k_aug_2160\test\images\11653.jpg,D:\vscode\workspace\recurrencePaper\YOLO-26-2\datasets\tt100k_aug_2160\test\labels\11653.txt,,152.37518692016602,37.49902343703413,1419.998291015625,39.4896240234375
D:\vscode\workspace\recurrencePaper\YOLO-26-2\datasets\tt100k_aug_2160\test\images\11696.jpg,D:\vscode\workspace\recurrencePaper\YOLO-26-2\datasets\tt100k_aug_2160\test\labels\11696.txt,,147.98239517211914,41.08015736952391,6295.59912109375,45.93860626220703
D:\vscode\workspace\recurrencePaper\YOLO-26-2\datasets\tt100k_aug_2160\test\images\11722.jpg,D:\vscode\workspace\recurrencePaper\YOLO-26-2\datasets\tt100k_aug_2160\test\labels\11722.txt,,154.3291893005371,58.803679064700574,1629.075439453125,24.67165756225586
D:\vscode\workspace\recurrencePaper\YOLO-26-2\datasets\tt100k_aug_2160\test\images\12044.jpg,D:\vscode\workspace\recurrencePaper\YOLO-26-2\datasets\tt100k_aug_2160\test\labels\12044.txt,,136.1333236694336,44.02232350874655,2149.4501953125,46.23924255371094
D:\vscode\workspace\recurrencePaper\YOLO-26-2\datasets\tt100k_aug_2160\test\images\12091.jpg,D:\vscode\workspace\recurrencePaper\YOLO-26-2\datasets\tt100k_aug_2160\test\labels\12091.txt,,139.24588775634766,52.697553643987,1541.3677978515625,37.023616790771484
D:\vscode\workspace\recurrencePaper\YOLO-26-2\datasets\tt100k_aug_2160\test\images\12253.jpg,D:\vscode\workspace\recurrencePaper\YOLO-26-2\datasets\tt100k_aug_2160\test\labels\12253.txt,,138.5921630859375,44.42731013862508,1439.4473876953125,39.75116729736328
D:\vscode\workspace\recurrencePaper\YOLO-26-2\datasets\tt100k_aug_2160\test\images\12342.jpg,D:\vscode\workspace\recurrencePaper\YOLO-26-2\datasets\tt100k_aug_2160\test\labels\12342.txt,,170.7368621826172,61.1815551972592,1554.2476806640625,26.417362213134766
D:\vscode\workspace\recurrencePaper\YOLO-26-2\datasets\tt100k_aug_2160\test\images\12397.jpg,D:\vscode\workspace\recurrencePaper\YOLO-26-2\datasets\tt100k_aug_2160\test\labels\12397.txt,,119.68071746826172,57.41875923900449,4725.70703125,54.68268966674805
D:\vscode\workspace\recurrencePaper\YOLO-26-2\datasets\tt100k_aug_2160\test\images\12405.jpg,D:\vscode\workspace\recurrencePaper\YOLO-26-2\datasets\tt100k_aug_2160\test\labels\12405.txt,,146.8247833251953,45.321608474167355,3750.927734375,45.293949127197266
D:\vscode\workspace\recurrencePaper\YOLO-26-2\datasets\tt100k_aug_2160\test\images\12420.jpg,D:\vscode\workspace\recurrencePaper\YOLO-26-2\datasets\tt100k_aug_2160\test\labels\12420.txt,,131.16741561889648,55.15696290091296,1558.3209228515625,35.6719856262207
D:\vscode\workspace\recurrencePaper\YOLO-26-2\datasets\tt100k_aug_2160\test\images\12436.jpg,D:\vscode\workspace\recurrencePaper\YOLO-26-2\datasets\tt100k_aug_2160\test\labels\12436.txt,,145.2601776123047,45.007295349725894,1777.60205078125,46.1248893737793
D:\vscode\workspace\recurrencePaper\YOLO-26-2\datasets\tt100k_aug_2160\test\images\12474.jpg,D:\vscode\workspace\recurrencePaper\YOLO-26-2\datasets\tt100k_aug_2160\test\labels\12474.txt,,173.5897331237793,35.30461333431843,1484.5062255859375,40.61046600341797
D:\vscode\workspace\recurrencePaper\YOLO-26-2\datasets\tt100k_aug_2160\test\images\1252.jpg,D:\vscode\workspace\recurrencePaper\YOLO-26-2\datasets\tt100k_aug_2160\test\labels\1252.txt,,117.73016357421875,74.41351708017046,5864.82470703125,65.07926559448242
D:\vscode\workspace\recurrencePaper\YOLO-26-2\datasets\tt100k_aug_2160\test\images\12529.jpg,D:\vscode\workspace\recurrencePaper\YOLO-26-2\datasets\tt100k_aug_2160\test\labels\12529.txt,,126.82007598876953,61.47329646086357,2609.2919921875,50.36118698120117
D:\vscode\workspace\recurrencePaper\YOLO-26-2\datasets\tt100k_aug_2160\test\images\12567.jpg,D:\vscode\workspace\recurrencePaper\YOLO-26-2\datasets\tt100k_aug_2160\test\labels\12567.txt,,159.7765007019043,49.13700523543194,2155.847900390625,14.881298065185547
D:\vscode\workspace\recurrencePaper\YOLO-26-2\datasets\tt100k_aug_2160\test\images\12601.jpg,D:\vscode\workspace\recurrencePaper\YOLO-26-2\datasets\tt100k_aug_2160\test\labels\12601.txt,,142.8330192565918,38.692007551087734,1010.8153076171875,31.915752410888672
D:\vscode\workspace\recurrencePaper\YOLO-26-2\datasets\tt100k_aug_2160\test\images\12605.jpg,D:\vscode\workspace\recurrencePaper\YOLO-26-2\datasets\tt100k_aug_2160\test\labels\12605.txt,,153.13597869873047,50.306006536068516,845.6757202148438,36.0163688659668
D:\vscode\workspace\recurrencePaper\YOLO-26-2\datasets\tt100k_aug_2160\test\images\12614.jpg,D:\vscode\workspace\recurrencePaper\YOLO-26-2\datasets\tt100k_aug_2160\test\labels\12614.txt,,127.42443466186523,70.45171150219251,1580.2799072265625,28.928817749023438
D:\vscode\workspace\recurrencePaper\YOLO-26-2\datasets\tt100k_aug_2160\test\images\12643.jpg,D:\vscode\workspace\recurrencePaper\YOLO-26-2\datasets\tt100k_aug_2160\test\labels\12643.txt,,135.74686813354492,39.4917220086826,5077.474609375,66.77385330200195
D:\vscode\workspace\recurrencePaper\YOLO-26-2\datasets\tt100k_aug_2160\test\images\12679.jpg,D:\vscode\workspace\recurrencePaper\YOLO-26-2\datasets\tt100k_aug_2160\test\labels\12679.txt,,133.9996337890625,55.79784731403657,2063.997314453125,47.09062576293945
D:\vscode\workspace\recurrencePaper\YOLO-26-2\datasets\tt100k_aug_2160\test\images\12686.jpg,D:\vscode\workspace\recurrencePaper\YOLO-26-2\datasets\tt100k_aug_2160\test\labels\12686.txt,,127.83929443359375,48.992611923494756,2226.59716796875,42.95229721069336
D:\vscode\workspace\recurrencePaper\YOLO-26-2\datasets\tt100k_aug_2160\test\images\12803.jpg,D:\vscode\workspace\recurrencePaper\YOLO-26-2\datasets\tt100k_aug_2160\test\labels\12803.txt,,155.60651397705078,35.89666497493863,1525.6455078125,34.761962890625
D:\vscode\workspace\recurrencePaper\YOLO-26-2\datasets\tt100k_aug_2160\test\images\12837.jpg,D:\vscode\workspace\recurrencePaper\YOLO-26-2\datasets\tt100k_aug_2160\test\labels\12837.txt,,120.92886352539062,63.773751279508964,1674.7218017578125,66.45515060424805
D:\vscode\workspace\recurrencePaper\YOLO-26-2\datasets\tt100k_aug_2160\test\images\1284.jpg,D:\vscode\workspace\recurrencePaper\YOLO-26-2\datasets\tt100k_aug_2160\test\labels\1284.txt,,92.79286193847656,55.45018492972282,2065.08740234375,57.8692512512207
D:\vscode\workspace\recurrencePaper\YOLO-26-2\datasets\tt100k_aug_2160\test\images\12858.jpg,D:\vscode\workspace\recurrencePaper\YOLO-26-2\datasets\tt100k_aug_2160\test\labels\12858.txt,,89.6178970336914,36.70859069658076,1486.670654296875,80.8348388671875
D:\vscode\workspace\recurrencePaper\YOLO-26-2\datasets\tt100k_aug_2160\test\images\12903.jpg,D:\vscode\workspace\recurrencePaper\YOLO-26-2\datasets\tt100k_aug_2160\test\labels\12903.txt,,119.25471496582031,56.05714369388395,1261.776123046875,72.50639724731445
D:\vscode\workspace\recurrencePaper\YOLO-26-2\datasets\tt100k_aug_2160\test\images\12981.jpg,D:\vscode\workspace\recurrencePaper\YOLO-26-2\datasets\tt100k_aug_2160\test\labels\12981.txt,,124.1152229309082,53.31068067378265,2200.528564453125,47.35089874267578
D:\vscode\workspace\recurrencePaper\YOLO-26-2\datasets\tt100k_aug_2160\test\images\12993.jpg,D:\vscode\workspace\recurrencePaper\YOLO-26-2\datasets\tt100k_aug_2160\test\labels\12993.txt,,133.63162994384766,46.222719961195544,2652.12890625,61.88508987426758
D:\vscode\workspace\recurrencePaper\YOLO-26-2\datasets\tt100k_aug_2160\test\images\13030.jpg,D:\vscode\workspace\recurrencePaper\YOLO-26-2\datasets\tt100k_aug_2160\test\labels\13030.txt,,125.23954772949219,75.28611900791518,4054.890869140625,58.50627136230469
D:\vscode\workspace\recurrencePaper\YOLO-26-2\datasets\tt100k_aug_2160\test\images\13044.jpg,D:\vscode\workspace\recurrencePaper\YOLO-26-2\datasets\tt100k_aug_2160\test\labels\13044.txt,,142.8069190979004,38.050641407624155,1357.799072265625,36.92949295043945
D:\vscode\workspace\recurrencePaper\YOLO-26-2\datasets\tt100k_aug_2160\test\images\13059.jpg,D:\vscode\workspace\recurrencePaper\YOLO-26-2\datasets\tt100k_aug_2160\test\labels\13059.txt,,132.79821395874023,72.73039750018155,1000.9893188476562,23.885326385498047
D:\vscode\workspace\recurrencePaper\YOLO-26-2\datasets\tt100k_aug_2160\test\images\1307.jpg,D:\vscode\workspace\recurrencePaper\YOLO-26-2\datasets\tt100k_aug_2160\test\labels\1307.txt,,132.53155899047852,53.12784835943452,2793.691650390625,42.71802520751953
D:\vscode\workspace\recurrencePaper\YOLO-26-2\datasets\tt100k_aug_2160\test\images\13083.jpg,D:\vscode\workspace\recurrencePaper\YOLO-26-2\datasets\tt100k_aug_2160\test\labels\13083.txt,,160.92498779296875,55.19862542030251,1960.4027099609375,26.26059341430664
D:\vscode\workspace\recurrencePaper\YOLO-26-2\datasets\tt100k_aug_2160\test\images\13101.jpg,D:\vscode\workspace\recurrencePaper\YOLO-26-2\datasets\tt100k_aug_2160\test\labels\13101.txt,,157.58556747436523,63.467263941411524,1338.9449462890625,21.24267578125
D:\vscode\workspace\recurrencePaper\YOLO-26-2\datasets\tt100k_aug_2160\test\images\13119.jpg,D:\vscode\workspace\recurrencePaper\YOLO-26-2\datasets\tt100k_aug_2160\test\labels\13119.txt,,144.65046310424805,56.25640009718271,3861.73974609375,57.61784362792969
D:\vscode\workspace\recurrencePaper\YOLO-26-2\datasets\tt100k_aug_2160\test\images\13143.jpg,D:\vscode\workspace\recurrencePaper\YOLO-26-2\datasets\tt100k_aug_2160\test\labels\13143.txt,,143.37804412841797,41.398008147103084,1988.8126220703125,58.45436096191406
D:\vscode\workspace\recurrencePaper\YOLO-26-2\datasets\tt100k_aug_2160\test\images\13155.jpg,D:\vscode\workspace\recurrencePaper\YOLO-26-2\datasets\tt100k_aug_2160\test\labels\13155.txt,,98.81221389770508,47.71790736579666,2899.3466796875,77.02840423583984
D:\vscode\workspace\recurrencePaper\YOLO-26-2\datasets\tt100k_aug_2160\test\images\13236.jpg,D:\vscode\workspace\recurrencePaper\YOLO-26-2\datasets\tt100k_aug_2160\test\labels\13236.txt,,127.7998161315918,55.79527544752133,1441.8992919921875,44.37923812866211
D:\vscode\workspace\recurrencePaper\YOLO-26-2\datasets\tt100k_aug_2160\test\images\13266.jpg,D:\vscode\workspace\recurrencePaper\YOLO-26-2\datasets\tt100k_aug_2160\test\labels\13266.txt,,137.7199363708496,35.88085440838589,1633.919189453125,54.89887237548828
D:\vscode\workspace\recurrencePaper\YOLO-26-2\datasets\tt100k_aug_2160\test\images\1334.jpg,D:\vscode\workspace\recurrencePaper\YOLO-26-2\datasets\tt100k_aug_2160\test\labels\1334.txt,,174.9667854309082,48.32693474259875,1218.058349609375,25.069496154785156
D:\vscode\workspace\recurrencePaper\YOLO-26-2\datasets\tt100k_aug_2160\test\images\13349.jpg,D:\vscode\workspace\recurrencePaper\YOLO-26-2\datasets\tt100k_aug_2160\test\labels\13349.txt,,134.6801986694336,64.07899195158147,2165.328369140625,48.4703369140625
D:\vscode\workspace\recurrencePaper\YOLO-26-2\datasets\tt100k_aug_2160\test\images\13364.jpg,D:\vscode\workspace\recurrencePaper\YOLO-26-2\datasets\tt100k_aug_2160\test\labels\13364.txt,,120.31290054321289,54.397633696482316,2367.06640625,65.9835090637207
D:\vscode\workspace\recurrencePaper\YOLO-26-2\datasets\tt100k_aug_2160\test\images\13365.jpg,D:\vscode\workspace\recurrencePaper\YOLO-26-2\datasets\tt100k_aug_2160\test\labels\13365.txt,,152.71176528930664,46.785715516568764,1051.8968505859375,30.110958099365234
D:\vscode\workspace\recurrencePaper\YOLO-26-2\datasets\tt100k_aug_2160\test\images\13430.jpg,D:\vscode\workspace\recurrencePaper\YOLO-26-2\datasets\tt100k_aug_2160\test\labels\13430.txt,,164.7810935974121,52.540958850538004,1954.5977783203125,41.61125946044922
D:\vscode\workspace\recurrencePaper\YOLO-26-2\datasets\tt100k_aug_2160\test\images\13446.jpg,D:\vscode\workspace\recurrencePaper\YOLO-26-2\datasets\tt100k_aug_2160\test\labels\13446.txt,,137.5585479736328,59.53103038214918,1405.073974609375,25.757190704345703
D:\vscode\workspace\recurrencePaper\YOLO-26-2\datasets\tt100k_aug_2160\test\images\13471.jpg,D:\vscode\workspace\recurrencePaper\YOLO-26-2\datasets\tt100k_aug_2160\test\labels\13471.txt,,154.3810691833496,42.14265502493518,1109.8624267578125,45.576560974121094
D:\vscode\workspace\recurrencePaper\YOLO-26-2\datasets\tt100k_aug_2160\test\images\13529.jpg,D:\vscode\workspace\recurrencePaper\YOLO-26-2\datasets\tt100k_aug_2160\test\labels\13529.txt,,120.87805938720703,65.81172300124958,2263.043701171875,37.79801559448242
D:\vscode\workspace\recurrencePaper\YOLO-26-2\datasets\tt100k_aug_2160\test\images\13587.jpg,D:\vscode\workspace\recurrencePaper\YOLO-26-2\datasets\tt100k_aug_2160\test\labels\13587.txt,,121.00770568847656,37.43951728669123,1548.73828125,64.13551330566406
D:\vscode\workspace\recurrencePaper\YOLO-26-2\datasets\tt100k_aug_2160\test\images\13627.jpg,D:\vscode\workspace\recurrencePaper\YOLO-26-2\datasets\tt100k_aug_2160\test\labels\13627.txt,,138.29568481445312,40.10972227729692,1968.68310546875,48.907005310058594
D:\vscode\workspace\recurrencePaper\YOLO-26-2\datasets\tt100k_aug_2160\test\images\1365.jpg,D:\vscode\workspace\recurrencePaper\YOLO-26-2\datasets\tt100k_aug_2160\test\labels\1365.txt,,124.74167251586914,65.17092592117211,2177.35791015625,39.73229217529297
D:\vscode\workspace\recurrencePaper\YOLO-26-2\datasets\tt100k_aug_2160\test\images\13674.jpg,D:\vscode\workspace\recurrencePaper\YOLO-26-2\datasets\tt100k_aug_2160\test\labels\13674.txt,,165.61241149902344,60.61276497488374,1083.70849609375,40.250240325927734
D:\vscode\workspace\recurrencePaper\YOLO-26-2\datasets\tt100k_aug_2160\test\images\13702.jpg,D:\vscode\workspace\recurrencePaper\YOLO-26-2\datasets\tt100k_aug_2160\test\labels\13702.txt,,141.14852142333984,40.954270398782285,3564.66845703125,69.41341400146484
D:\vscode\workspace\recurrencePaper\YOLO-26-2\datasets\tt100k_aug_2160\test\images\1374.jpg,D:\vscode\workspace\recurrencePaper\YOLO-26-2\datasets\tt100k_aug_2160\test\labels\1374.txt,,147.07566452026367,57.308769818344935,1557.6282958984375,27.746356964111328
D:\vscode\workspace\recurrencePaper\YOLO-26-2\datasets\tt100k_aug_2160\test\images\13765.jpg,D:\vscode\workspace\recurrencePaper\YOLO-26-2\datasets\tt100k_aug_2160\test\labels\13765.txt,,147.45623016357422,52.34104134581961,937.7986450195312,25.677364349365234
D:\vscode\workspace\recurrencePaper\YOLO-26-2\datasets\tt100k_aug_2160\test\images\13813.jpg,D:\vscode\workspace\recurrencePaper\YOLO-26-2\datasets\tt100k_aug_2160\test\labels\13813.txt,,130.4521942138672,42.5235660020952,3071.91748046875,72.29228973388672
D:\vscode\workspace\recurrencePaper\YOLO-26-2\datasets\tt100k_aug_2160\test\images\13818.jpg,D:\vscode\workspace\recurrencePaper\YOLO-26-2\datasets\tt100k_aug_2160\test\labels\13818.txt,,122.7084732055664,55.51974744069111,1618.988037109375,60.81460189819336
D:\vscode\workspace\recurrencePaper\YOLO-26-2\datasets\tt100k_aug_2160\test\images\13941.jpg,D:\vscode\workspace\recurrencePaper\YOLO-26-2\datasets\tt100k_aug_2160\test\labels\13941.txt,,154.51423263549805,77.11408157341991,1635.1068115234375,28.866527557373047
D:\vscode\workspace\recurrencePaper\YOLO-26-2\datasets\tt100k_aug_2160\test\images\13987.jpg,D:\vscode\workspace\recurrencePaper\YOLO-26-2\datasets\tt100k_aug_2160\test\labels\13987.txt,,149.6404914855957,38.81288359762751,1517.9150390625,43.5012321472168
D:\vscode\workspace\recurrencePaper\YOLO-26-2\datasets\tt100k_aug_2160\test\images\14002.jpg,D:\vscode\workspace\recurrencePaper\YOLO-26-2\datasets\tt100k_aug_2160\test\labels\14002.txt,,146.4931869506836,33.91535060173791,995.05078125,37.26907730102539
D:\vscode\workspace\recurrencePaper\YOLO-26-2\datasets\tt100k_aug_2160\test\images\14047.jpg,D:\vscode\workspace\recurrencePaper\YOLO-26-2\datasets\tt100k_aug_2160\test\labels\14047.txt,,142.73808670043945,39.692327841676665,1956.895751953125,37.84033966064453
D:\vscode\workspace\recurrencePaper\YOLO-26-2\datasets\tt100k_aug_2160\test\images\14154.jpg,D:\vscode\workspace\recurrencePaper\YOLO-26-2\datasets\tt100k_aug_2160\test\labels\14154.txt,,116.1209716796875,36.34730034848163,2432.686279296875,59.14100646972656
D:\vscode\workspace\recurrencePaper\YOLO-26-2\datasets\tt100k_aug_2160\test\images\14157.jpg,D:\vscode\workspace\recurrencePaper\YOLO-26-2\datasets\tt100k_aug_2160\test\labels\14157.txt,,147.56301879882812,41.519262642966844,3478.4375,55.377906799316406
D:\vscode\workspace\recurrencePaper\YOLO-26-2\datasets\tt100k_aug_2160\test\images\14171.jpg,D:\vscode\workspace\recurrencePaper\YOLO-26-2\datasets\tt100k_aug_2160\test\labels\14171.txt,,130.8798942565918,45.5272685688976,1615.79443359375,34.55651092529297
D:\vscode\workspace\recurrencePaper\YOLO-26-2\datasets\tt100k_aug_2160\test\images\14214.jpg,D:\vscode\workspace\recurrencePaper\YOLO-26-2\datasets\tt100k_aug_2160\test\labels\14214.txt,,171.25053024291992,55.51871839563586,1524.844482421875,33.978302001953125
D:\vscode\workspace\recurrencePaper\YOLO-26-2\datasets\tt100k_aug_2160\test\images\14240.jpg,D:\vscode\workspace\recurrencePaper\YOLO-26-2\datasets\tt100k_aug_2160\test\labels\14240.txt,,113.85137176513672,53.03619916083341,2689.338134765625,78.77049255371094
D:\vscode\workspace\recurrencePaper\YOLO-26-2\datasets\tt100k_aug_2160\test\images\14356.jpg,D:\vscode\workspace\recurrencePaper\YOLO-26-2\datasets\tt100k_aug_2160\test\labels\14356.txt,,129.90984725952148,56.21011296100203,1674.177001953125,37.52188491821289
D:\vscode\workspace\recurrencePaper\YOLO-26-2\datasets\tt100k_aug_2160\test\images\14369.jpg,D:\vscode\workspace\recurrencePaper\YOLO-26-2\datasets\tt100k_aug_2160\test\labels\14369.txt,,173.40375518798828,43.40277466862773,1700.5552978515625,21.026531219482422
D:\vscode\workspace\recurrencePaper\YOLO-26-2\datasets\tt100k_aug_2160\test\images\14459.jpg,D:\vscode\workspace\recurrencePaper\YOLO-26-2\datasets\tt100k_aug_2160\test\labels\14459.txt,,154.27970504760742,37.7931442879278,1246.132080078125,30.81377410888672
D:\vscode\workspace\recurrencePaper\YOLO-26-2\datasets\tt100k_aug_2160\test\images\14472.jpg,D:\vscode\workspace\recurrencePaper\YOLO-26-2\datasets\tt100k_aug_2160\test\labels\14472.txt,,147.1015510559082,59.145381313437326,1493.5975341796875,24.317699432373047
D:\vscode\workspace\recurrencePaper\YOLO-26-2\datasets\tt100k_aug_2160\test\images\14541.jpg,D:\vscode\workspace\recurrencePaper\YOLO-26-2\datasets\tt100k_aug_2160\test\labels\14541.txt,,124.96646881103516,77.2592182094009,2776.09033203125,66.37617111206055
D:\vscode\workspace\recurrencePaper\YOLO-26-2\datasets\tt100k_aug_2160\test\images\14553.jpg,D:\vscode\workspace\recurrencePaper\YOLO-26-2\datasets\tt100k_aug_2160\test\labels\14553.txt,,141.67403030395508,45.394853628073776,1813.7308349609375,36.475303649902344
D:\vscode\workspace\recurrencePaper\YOLO-26-2\datasets\tt100k_aug_2160\test\images\14554.jpg,D:\vscode\workspace\recurrencePaper\YOLO-26-2\datasets\tt100k_aug_2160\test\labels\14554.txt,,124.0949821472168,66.29445622137533,1836.1981201171875,40.36160659790039
D:\vscode\workspace\recurrencePaper\YOLO-26-2\datasets\tt100k_aug_2160\test\images\14578.jpg,D:\vscode\workspace\recurrencePaper\YOLO-26-2\datasets\tt100k_aug_2160\test\labels\14578.txt,,125.5105094909668,37.30201239213826,2250.037841796875,56.24160385131836
D:\vscode\workspace\recurrencePaper\YOLO-26-2\datasets\tt100k_aug_2160\test\images\14637.jpg,D:\vscode\workspace\recurrencePaper\YOLO-26-2\datasets\tt100k_aug_2160\test\labels\14637.txt,,135.06477737426758,41.57142114405593,1753.0731201171875,52.302955627441406
D:\vscode\workspace\recurrencePaper\YOLO-26-2\datasets\tt100k_aug_2160\test\images\14663.jpg,D:\vscode\workspace\recurrencePaper\YOLO-26-2\datasets\tt100k_aug_2160\test\labels\14663.txt,,135.78270721435547,39.610328657098194,1185.478759765625,45.997108459472656
D:\vscode\workspace\recurrencePaper\YOLO-26-2\datasets\tt100k_aug_2160\test\images\1471.jpg,D:\vscode\workspace\recurrencePaper\YOLO-26-2\datasets\tt100k_aug_2160\test\labels\1471.txt,,117.61712265014648,58.52324534146682,3159.666259765625,80.98608016967773
D:\vscode\workspace\recurrencePaper\YOLO-26-2\datasets\tt100k_aug_2160\test\images\14724.jpg,D:\vscode\workspace\recurrencePaper\YOLO-26-2\datasets\tt100k_aug_2160\test\labels\14724.txt,,159.66057586669922,56.412305063120655,1636.8572998046875,22.250102996826172
D:\vscode\workspace\recurrencePaper\YOLO-26-2\datasets\tt100k_aug_2160\test\images\14823.jpg,D:\vscode\workspace\recurrencePaper\YOLO-26-2\datasets\tt100k_aug_2160\test\labels\14823.txt,,135.6930389404297,43.353088185197976,8433.873046875,54.680538177490234
D:\vscode\workspace\recurrencePaper\YOLO-26-2\datasets\tt100k_aug_2160\test\images\14829.jpg,D:\vscode\workspace\recurrencePaper\YOLO-26-2\datasets\tt100k_aug_2160\test\labels\14829.txt,,137.32566452026367,47.69270125132689,1512.85546875,44.66804122924805
D:\vscode\workspace\recurrencePaper\YOLO-26-2\datasets\tt100k_aug_2160\test\images\14887.jpg,D:\vscode\workspace\recurrencePaper\YOLO-26-2\datasets\tt100k_aug_2160\test\labels\14887.txt,,141.0274200439453,49.14052054747522,2856.047119140625,50.608150482177734
D:\vscode\workspace\recurrencePaper\YOLO-26-2\datasets\tt100k_aug_2160\test\images\14966.jpg,D:\vscode\workspace\recurrencePaper\YOLO-26-2\datasets\tt100k_aug_2160\test\labels\14966.txt,,167.92706298828125,50.000488562841944,2600.07177734375,37.69075393676758
D:\vscode\workspace\recurrencePaper\YOLO-26-2\datasets\tt100k_aug_2160\test\images\14993.jpg,D:\vscode\workspace\recurrencePaper\YOLO-26-2\datasets\tt100k_aug_2160\test\labels\14993.txt,,97.49867248535156,63.829422952457904,4395.02734375,73.87932968139648
D:\vscode\workspace\recurrencePaper\YOLO-26-2\datasets\tt100k_aug_2160\test\images\1512.jpg,D:\vscode\workspace\recurrencePaper\YOLO-26-2\datasets\tt100k_aug_2160\test\labels\1512.txt,,136.7057876586914,69.8888175985879,2111.627685546875,34.19169616699219
D:\vscode\workspace\recurrencePaper\YOLO-26-2\datasets\tt100k_aug_2160\test\images\15134.jpg,D:\vscode\workspace\recurrencePaper\YOLO-26-2\datasets\tt100k_aug_2160\test\labels\15134.txt,,163.5124740600586,44.88077379277953,1278.1990966796875,37.48661422729492
D:\vscode\workspace\recurrencePaper\YOLO-26-2\datasets\tt100k_aug_2160\test\images\1519.jpg,D:\vscode\workspace\recurrencePaper\YOLO-26-2\datasets\tt100k_aug_2160\test\labels\1519.txt,,136.80088424682617,41.34681593434122,1821.2274169921875,34.349281311035156
D:\vscode\workspace\recurrencePaper\YOLO-26-2\datasets\tt100k_aug_2160\test\images\15195.jpg,D:\vscode\workspace\recurrencePaper\YOLO-26-2\datasets\tt100k_aug_2160\test\labels\15195.txt,,156.75210189819336,44.47790370259663,1491.16943359375,34.815956115722656
D:\vscode\workspace\recurrencePaper\YOLO-26-2\datasets\tt100k_aug_2160\test\images\15220.jpg,D:\vscode\workspace\recurrencePaper\YOLO-26-2\datasets\tt100k_aug_2160\test\labels\15220.txt,,136.09084701538086,46.05687330306214,2173.345458984375,48.04081344604492
D:\vscode\workspace\recurrencePaper\YOLO-26-2\datasets\tt100k_aug_2160\test\images\15224.jpg,D:\vscode\workspace\recurrencePaper\YOLO-26-2\datasets\tt100k_aug_2160\test\labels\15224.txt,,148.84672164916992,58.56623156283433,1652.5333251953125,23.42182159423828
D:\vscode\workspace\recurrencePaper\YOLO-26-2\datasets\tt100k_aug_2160\test\images\15274.jpg,D:\vscode\workspace\recurrencePaper\YOLO-26-2\datasets\tt100k_aug_2160\test\labels\15274.txt,,148.5850067138672,65.41211592731935,2526.77587890625,34.45254135131836
D:\vscode\workspace\recurrencePaper\YOLO-26-2\datasets\tt100k_aug_2160\test\images\15332.jpg,D:\vscode\workspace\recurrencePaper\YOLO-26-2\datasets\tt100k_aug_2160\test\labels\15332.txt,,95.37425231933594,70.88946845314638,1357.2244873046875,84.03433609008789
D:\vscode\workspace\recurrencePaper\YOLO-26-2\datasets\tt100k_aug_2160\test\images\15392.jpg,D:\vscode\workspace\recurrencePaper\YOLO-26-2\datasets\tt100k_aug_2160\test\labels\15392.txt,,114.63455581665039,69.50010290927754,2208.2744140625,57.60723876953125
D:\vscode\workspace\recurrencePaper\YOLO-26-2\datasets\tt100k_aug_2160\test\images\1541.jpg,D:\vscode\workspace\recurrencePaper\YOLO-26-2\datasets\tt100k_aug_2160\test\labels\1541.txt,,139.4422836303711,50.81693963511843,2495.0185546875,73.8608283996582
D:\vscode\workspace\recurrencePaper\YOLO-26-2\datasets\tt100k_aug_2160\test\images\15414.jpg,D:\vscode\workspace\recurrencePaper\YOLO-26-2\datasets\tt100k_aug_2160\test\labels\15414.txt,,167.17853164672852,47.64322357909373,2036.999755859375,22.821575164794922
D:\vscode\workspace\recurrencePaper\YOLO-26-2\datasets\tt100k_aug_2160\test\images\1542.jpg,D:\vscode\workspace\recurrencePaper\YOLO-26-2\datasets\tt100k_aug_2160\test\labels\1542.txt,,134.3365249633789,40.48492463967755,2091.962646484375,50.565025329589844
D:\vscode\workspace\recurrencePaper\YOLO-26-2\datasets\tt100k_aug_2160\test\images\15420.jpg,D:\vscode\workspace\recurrencePaper\YOLO-26-2\datasets\tt100k_aug_2160\test\labels\15420.txt,,130.1765365600586,41.12214239058677,1804.9407958984375,38.120113372802734
D:\vscode\workspace\recurrencePaper\YOLO-26-2\datasets\tt100k_aug_2160\test\images\15461.jpg,D:\vscode\workspace\recurrencePaper\YOLO-26-2\datasets\tt100k_aug_2160\test\labels\15461.txt,,119.8365707397461,53.94919295405163,6071.49951171875,89.5245475769043
D:\vscode\workspace\recurrencePaper\YOLO-26-2\datasets\tt100k_aug_2160\test\images\15513.jpg,D:\vscode\workspace\recurrencePaper\YOLO-26-2\datasets\tt100k_aug_2160\test\labels\15513.txt,,153.45644760131836,46.60654838141204,2669.85302734375,72.8016586303711
D:\vscode\workspace\recurrencePaper\YOLO-26-2\datasets\tt100k_aug_2160\test\images\15527.jpg,D:\vscode\workspace\recurrencePaper\YOLO-26-2\datasets\tt100k_aug_2160\test\labels\15527.txt,,128.37860488891602,52.732382081966755,2461.444580078125,51.786983489990234
D:\vscode\workspace\recurrencePaper\YOLO-26-2\datasets\tt100k_aug_2160\test\images\15544.jpg,D:\vscode\workspace\recurrencePaper\YOLO-26-2\datasets\tt100k_aug_2160\test\labels\15544.txt,,84.6215591430664,67.09869325040063,4012.2236328125,83.35711669921875
D:\vscode\workspace\recurrencePaper\YOLO-26-2\datasets\tt100k_aug_2160\test\images\1556.jpg,D:\vscode\workspace\recurrencePaper\YOLO-26-2\datasets\tt100k_aug_2160\test\labels\1556.txt,,127.80680847167969,74.66251160230509,5318.7734375,85.02401733398438
D:\vscode\workspace\recurrencePaper\YOLO-26-2\datasets\tt100k_aug_2160\test\images\1557.jpg,D:\vscode\workspace\recurrencePaper\YOLO-26-2\datasets\tt100k_aug_2160\test\labels\1557.txt,,105.31986618041992,66.38152578285008,6673.08251953125,61.613197326660156
D:\vscode\workspace\recurrencePaper\YOLO-26-2\datasets\tt100k_aug_2160\test\images\15600.jpg,D:\vscode\workspace\recurrencePaper\YOLO-26-2\datasets\tt100k_aug_2160\test\labels\15600.txt,,162.15563201904297,45.375384222453626,3095.807373046875,52.314552307128906
D:\vscode\workspace\recurrencePaper\YOLO-26-2\datasets\tt100k_aug_2160\test\images\15628.jpg,D:\vscode\workspace\recurrencePaper\YOLO-26-2\datasets\tt100k_aug_2160\test\labels\15628.txt,,154.4021339416504,37.630691921365425,2119.314453125,41.73911666870117
D:\vscode\workspace\recurrencePaper\YOLO-26-2\datasets\tt100k_aug_2160\test\images\15773.jpg,D:\vscode\workspace\recurrencePaper\YOLO-26-2\datasets\tt100k_aug_2160\test\labels\15773.txt,,145.43082809448242,57.76240544053109,1486.795166015625,48.93440246582031
D:\vscode\workspace\recurrencePaper\YOLO-26-2\datasets\tt100k_aug_2160\test\images\15873.jpg,D:\vscode\workspace\recurrencePaper\YOLO-26-2\datasets\tt100k_aug_2160\test\labels\15873.txt,,142.0738525390625,53.609222446220144,1742.102783203125,68.87692642211914
D:\vscode\workspace\recurrencePaper\YOLO-26-2\datasets\tt100k_aug_2160\test\images\15886.jpg,D:\vscode\workspace\recurrencePaper\YOLO-26-2\datasets\tt100k_aug_2160\test\labels\15886.txt,,139.3824577331543,49.25505691243632,1835.1483154296875,48.272613525390625
D:\vscode\workspace\recurrencePaper\YOLO-26-2\datasets\tt100k_aug_2160\test\images\15974.jpg,D:\vscode\workspace\recurrencePaper\YOLO-26-2\datasets\tt100k_aug_2160\test\labels\15974.txt,,124.84333419799805,52.43696358961028,3030.34228515625,47.37590408325195
D:\vscode\workspace\recurrencePaper\YOLO-26-2\datasets\tt100k_aug_2160\test\images\16027.jpg,D:\vscode\workspace\recurrencePaper\YOLO-26-2\datasets\tt100k_aug_2160\test\labels\16027.txt,,115.37666702270508,53.60548200477276,2462.248779296875,53.275272369384766
D:\vscode\workspace\recurrencePaper\YOLO-26-2\datasets\tt100k_aug_2160\test\images\16091.jpg,D:\vscode\workspace\recurrencePaper\YOLO-26-2\datasets\tt100k_aug_2160\test\labels\16091.txt,,135.45572662353516,42.09408830482988,1707.121826171875,61.15543746948242
D:\vscode\workspace\recurrencePaper\YOLO-26-2\datasets\tt100k_aug_2160\test\images\16102.jpg,D:\vscode\workspace\recurrencePaper\YOLO-26-2\datasets\tt100k_aug_2160\test\labels\16102.txt,,136.45947647094727,67.15503268036663,1401.5396728515625,35.77610778808594
D:\vscode\workspace\recurrencePaper\YOLO-26-2\datasets\tt100k_aug_2160\test\images\16120.jpg,D:\vscode\workspace\recurrencePaper\YOLO-26-2\datasets\tt100k_aug_2160\test\labels\16120.txt,,124.39527130126953,50.65137760056207,2441.658203125,60.9592170715332
D:\vscode\workspace\recurrencePaper\YOLO-26-2\datasets\tt100k_aug_2160\test\images\16211.jpg,D:\vscode\workspace\recurrencePaper\YOLO-26-2\datasets\tt100k_aug_2160\test\labels\16211.txt,,153.7518653869629,53.798172573968806,2144.103515625,27.53912353515625
D:\vscode\workspace\recurrencePaper\YOLO-26-2\datasets\tt100k_aug_2160\test\images\16219.jpg,D:\vscode\workspace\recurrencePaper\YOLO-26-2\datasets\tt100k_aug_2160\test\labels\16219.txt,,119.36133193969727,52.077476052058664,4299.177734375,67.83901596069336
D:\vscode\workspace\recurrencePaper\YOLO-26-2\datasets\tt100k_aug_2160\test\images\16243.jpg,D:\vscode\workspace\recurrencePaper\YOLO-26-2\datasets\tt100k_aug_2160\test\labels\16243.txt,,92.7940444946289,69.82094453813265,1763.9515380859375,39.08183288574219
D:\vscode\workspace\recurrencePaper\YOLO-26-2\datasets\tt100k_aug_2160\test\images\16275.jpg,D:\vscode\workspace\recurrencePaper\YOLO-26-2\datasets\tt100k_aug_2160\test\labels\16275.txt,,112.31563186645508,55.20994701683991,10245.1220703125,46.09638977050781
D:\vscode\workspace\recurrencePaper\YOLO-26-2\datasets\tt100k_aug_2160\test\images\16287.jpg,D:\vscode\workspace\recurrencePaper\YOLO-26-2\datasets\tt100k_aug_2160\test\labels\16287.txt,,140.83977508544922,52.90958567462467,4452.0283203125,55.695735931396484
D:\vscode\workspace\recurrencePaper\YOLO-26-2\datasets\tt100k_aug_2160\test\images\16394.jpg,D:\vscode\workspace\recurrencePaper\YOLO-26-2\datasets\tt100k_aug_2160\test\labels\16394.txt,,129.28652954101562,55.08893767816411,1497.4012451171875,37.099822998046875
D:\vscode\workspace\recurrencePaper\YOLO-26-2\datasets\tt100k_aug_2160\test\images\16432.jpg,D:\vscode\workspace\recurrencePaper\YOLO-26-2\datasets\tt100k_aug_2160\test\labels\16432.txt,,127.81405258178711,45.48470346872652,2229.018310546875,57.861324310302734
D:\vscode\workspace\recurrencePaper\YOLO-26-2\datasets\tt100k_aug_2160\test\images\16534.jpg,D:\vscode\workspace\recurrencePaper\YOLO-26-2\datasets\tt100k_aug_2160\test\labels\16534.txt,,107.66585159301758,51.322289197113946,2606.973876953125,39.154624938964844
D:\vscode\workspace\recurrencePaper\YOLO-26-2\datasets\tt100k_aug_2160\test\images\16546.jpg,D:\vscode\workspace\recurrencePaper\YOLO-26-2\datasets\tt100k_aug_2160\test\labels\16546.txt,,147.91396713256836,48.58920864266849,1864.0943603515625,32.34563446044922
D:\vscode\workspace\recurrencePaper\YOLO-26-2\datasets\tt100k_aug_2160\test\images\16584.jpg,D:\vscode\workspace\recurrencePaper\YOLO-26-2\datasets\tt100k_aug_2160\test\labels\16584.txt,,144.17698287963867,53.09646184162034,854.0209350585938,23.322036743164062
D:\vscode\workspace\recurrencePaper\YOLO-26-2\datasets\tt100k_aug_2160\test\images\16590.jpg,D:\vscode\workspace\recurrencePaper\YOLO-26-2\datasets\tt100k_aug_2160\test\labels\16590.txt,,139.9306526184082,65.45196222795197,1034.8707275390625,23.244895935058594
D:\vscode\workspace\recurrencePaper\YOLO-26-2\datasets\tt100k_aug_2160\test\images\16766.jpg,D:\vscode\workspace\recurrencePaper\YOLO-26-2\datasets\tt100k_aug_2160\test\labels\16766.txt,,120.44763565063477,39.85002780633702,2523.09619140625,56.60842514038086
D:\vscode\workspace\recurrencePaper\YOLO-26-2\datasets\tt100k_aug_2160\test\images\16934.jpg,D:\vscode\workspace\recurrencePaper\YOLO-26-2\datasets\tt100k_aug_2160\test\labels\16934.txt,,161.17039489746094,48.45516755034337,1244.4503173828125,48.774044036865234
D:\vscode\workspace\recurrencePaper\YOLO-26-2\datasets\tt100k_aug_2160\test\images\16961.jpg,D:\vscode\workspace\recurrencePaper\YOLO-26-2\datasets\tt100k_aug_2160\test\labels\16961.txt,,131.25168228149414,34.849231443214734,1054.0994873046875,34.816043853759766
D:\vscode\workspace\recurrencePaper\YOLO-26-2\datasets\tt100k_aug_2160\test\images\16982.jpg,D:\vscode\workspace\recurrencePaper\YOLO-26-2\datasets\tt100k_aug_2160\test\labels\16982.txt,,164.90485000610352,51.401484943481165,2313.94482421875,38.202022552490234
D:\vscode\workspace\recurrencePaper\YOLO-26-2\datasets\tt100k_aug_2160\test\images\17097.jpg,D:\vscode\workspace\recurrencePaper\YOLO-26-2\datasets\tt100k_aug_2160\test\labels\17097.txt,,121.90070724487305,65.89012341586266,3357.873779296875,60.98842239379883
D:\vscode\workspace\recurrencePaper\YOLO-26-2\datasets\tt100k_aug_2160\test\images\17108.jpg,D:\vscode\workspace\recurrencePaper\YOLO-26-2\datasets\tt100k_aug_2160\test\labels\17108.txt,,145.8781280517578,54.78945575663809,3681.019287109375,45.203887939453125
D:\vscode\workspace\recurrencePaper\YOLO-26-2\datasets\tt100k_aug_2160\test\images\17138.jpg,D:\vscode\workspace\recurrencePaper\YOLO-26-2\datasets\tt100k_aug_2160\test\labels\17138.txt,,140.16029357910156,36.21222862870444,2574.75244140625,54.798561096191406
D:\vscode\workspace\recurrencePaper\YOLO-26-2\datasets\tt100k_aug_2160\test\images\1714.jpg,D:\vscode\workspace\recurrencePaper\YOLO-26-2\datasets\tt100k_aug_2160\test\labels\1714.txt,,135.6262969970703,49.01456587426787,2925.205078125,46.03395080566406
D:\vscode\workspace\recurrencePaper\YOLO-26-2\datasets\tt100k_aug_2160\test\images\17164.jpg,D:\vscode\workspace\recurrencePaper\YOLO-26-2\datasets\tt100k_aug_2160\test\labels\17164.txt,,131.9886932373047,48.57306541429715,2767.58251953125,69.59851455688477
D:\vscode\workspace\recurrencePaper\YOLO-26-2\datasets\tt100k_aug_2160\test\images\17165.jpg,D:\vscode\workspace\recurrencePaper\YOLO-26-2\datasets\tt100k_aug_2160\test\labels\17165.txt,,139.01636123657227,76.60206175603253,1747.839111328125,38.7501220703125
D:\vscode\workspace\recurrencePaper\YOLO-26-2\datasets\tt100k_aug_2160\test\images\1719.jpg,D:\vscode\workspace\recurrencePaper\YOLO-26-2\datasets\tt100k_aug_2160\test\labels\1719.txt,,138.74327087402344,57.77144888772082,2604.833251953125,58.83897399902344
D:\vscode\workspace\recurrencePaper\YOLO-26-2\datasets\tt100k_aug_2160\test\images\17257.jpg,D:\vscode\workspace\recurrencePaper\YOLO-26-2\datasets\tt100k_aug_2160\test\labels\17257.txt,,151.90129470825195,39.9373944062021,1118.724609375,25.239177703857422
D:\vscode\workspace\recurrencePaper\YOLO-26-2\datasets\tt100k_aug_2160\test\images\1729.jpg,D:\vscode\workspace\recurrencePaper\YOLO-26-2\datasets\tt100k_aug_2160\test\labels\1729.txt,,137.10169982910156,40.114099403158725,1461.265625,34.32229232788086
D:\vscode\workspace\recurrencePaper\YOLO-26-2\datasets\tt100k_aug_2160\test\images\1731.jpg,D:\vscode\workspace\recurrencePaper\YOLO-26-2\datasets\tt100k_aug_2160\test\labels\1731.txt,,100.19974517822266,63.05530829785163,5741.2734375,65.93778991699219
D:\vscode\workspace\recurrencePaper\YOLO-26-2\datasets\tt100k_aug_2160\test\images\17363.jpg,D:\vscode\workspace\recurrencePaper\YOLO-26-2\datasets\tt100k_aug_2160\test\labels\17363.txt,,84.77706527709961,71.6231111998937,1285.0443115234375,33.85921859741211
D:\vscode\workspace\recurrencePaper\YOLO-26-2\datasets\tt100k_aug_2160\test\images\17483.jpg,D:\vscode\workspace\recurrencePaper\YOLO-26-2\datasets\tt100k_aug_2160\test\labels\17483.txt,,117.75741195678711,45.85776181758642,4025.305908203125,54.698638916015625
D:\vscode\workspace\recurrencePaper\YOLO-26-2\datasets\tt100k_aug_2160\test\images\1752.jpg,D:\vscode\workspace\recurrencePaper\YOLO-26-2\datasets\tt100k_aug_2160\test\labels\1752.txt,,131.19164657592773,46.422055654987,1556.4393310546875,41.824825286865234
D:\vscode\workspace\recurrencePaper\YOLO-26-2\datasets\tt100k_aug_2160\test\images\17563.jpg,D:\vscode\workspace\recurrencePaper\YOLO-26-2\datasets\tt100k_aug_2160\test\labels\17563.txt,,132.5975685119629,44.96279897498342,1456.6466064453125,63.6252555847168
D:\vscode\workspace\recurrencePaper\YOLO-26-2\datasets\tt100k_aug_2160\test\images\17582.jpg,D:\vscode\workspace\recurrencePaper\YOLO-26-2\datasets\tt100k_aug_2160\test\labels\17582.txt,,104.86900329589844,56.95389256669616,1555.3955078125,20.313270568847656
D:\vscode\workspace\recurrencePaper\YOLO-26-2\datasets\tt100k_aug_2160\test\images\17607.jpg,D:\vscode\workspace\recurrencePaper\YOLO-26-2\datasets\tt100k_aug_2160\test\labels\17607.txt,,127.82400512695312,49.61632649609661,2744.7421875,42.11498260498047
D:\vscode\workspace\recurrencePaper\YOLO-26-2\datasets\tt100k_aug_2160\test\images\17721.jpg,D:\vscode\workspace\recurrencePaper\YOLO-26-2\datasets\tt100k_aug_2160\test\labels\17721.txt,,125.61968231201172,42.16875366044212,1795.230224609375,59.475345611572266
D:\vscode\workspace\recurrencePaper\YOLO-26-2\datasets\tt100k_aug_2160\test\images\17746.jpg,D:\vscode\workspace\recurrencePaper\YOLO-26-2\datasets\tt100k_aug_2160\test\labels\17746.txt,,144.8044319152832,52.66024023716943,1013.201904296875,26.507034301757812
D:\vscode\workspace\recurrencePaper\YOLO-26-2\datasets\tt100k_aug_2160\test\images\17779.jpg,D:\vscode\workspace\recurrencePaper\YOLO-26-2\datasets\tt100k_aug_2160\test\labels\17779.txt,,131.24972915649414,72.21155183689032,2138.612060546875,39.99531555175781
D:\vscode\workspace\recurrencePaper\YOLO-26-2\datasets\tt100k_aug_2160\test\images\17806.jpg,D:\vscode\workspace\recurrencePaper\YOLO-26-2\datasets\tt100k_aug_2160\test\labels\17806.txt,,145.11549758911133,60.78754404870031,6953.33154296875,30.93144989013672
D:\vscode\workspace\recurrencePaper\YOLO-26-2\datasets\tt100k_aug_2160\test\images\17860.jpg,D:\vscode\workspace\recurrencePaper\YOLO-26-2\datasets\tt100k_aug_2160\test\labels\17860.txt,,138.45553970336914,37.06895237844393,1218.275634765625,44.41577911376953
D:\vscode\workspace\recurrencePaper\YOLO-26-2\datasets\tt100k_aug_2160\test\images\17865.jpg,D:\vscode\workspace\recurrencePaper\YOLO-26-2\datasets\tt100k_aug_2160\test\labels\17865.txt,,115.74762725830078,59.02354619253914,4692.580078125,58.31622314453125
D:\vscode\workspace\recurrencePaper\YOLO-26-2\datasets\tt100k_aug_2160\test\images\17881.jpg,D:\vscode\workspace\recurrencePaper\YOLO-26-2\datasets\tt100k_aug_2160\test\labels\17881.txt,,121.3288345336914,69.16399779858206,1660.1900634765625,69.09419631958008
D:\vscode\workspace\recurrencePaper\YOLO-26-2\datasets\tt100k_aug_2160\test\images\17947.jpg,D:\vscode\workspace\recurrencePaper\YOLO-26-2\datasets\tt100k_aug_2160\test\labels\17947.txt,,134.12286758422852,50.702068434059456,1887.80810546875,50.45281982421875
D:\vscode\workspace\recurrencePaper\YOLO-26-2\datasets\tt100k_aug_2160\test\images\17968.jpg,D:\vscode\workspace\recurrencePaper\YOLO-26-2\datasets\tt100k_aug_2160\test\labels\17968.txt,,121.13039779663086,56.9073364091135,3246.632568359375,36.840431213378906
D:\vscode\workspace\recurrencePaper\YOLO-26-2\datasets\tt100k_aug_2160\test\images\17987.jpg,D:\vscode\workspace\recurrencePaper\YOLO-26-2\datasets\tt100k_aug_2160\test\labels\17987.txt,,165.5130844116211,54.25896274767823,5559.26611328125,57.6719970703125
D:\vscode\workspace\recurrencePaper\YOLO-26-2\datasets\tt100k_aug_2160\test\images\18024.jpg,D:\vscode\workspace\recurrencePaper\YOLO-26-2\datasets\tt100k_aug_2160\test\labels\18024.txt,,106.8544692993164,58.26101233398611,14069.1953125,53.83030700683594
D:\vscode\workspace\recurrencePaper\YOLO-26-2\datasets\tt100k_aug_2160\test\images\18042.jpg,D:\vscode\workspace\recurrencePaper\YOLO-26-2\datasets\tt100k_aug_2160\test\labels\18042.txt,,148.3322525024414,39.87986919230214,1419.19580078125,37.40574645996094
D:\vscode\workspace\recurrencePaper\YOLO-26-2\datasets\tt100k_aug_2160\test\images\18087.jpg,D:\vscode\workspace\recurrencePaper\YOLO-26-2\datasets\tt100k_aug_2160\test\labels\18087.txt,,139.76776885986328,36.97376848444317,1638.671875,63.975948333740234
D:\vscode\workspace\recurrencePaper\YOLO-26-2\datasets\tt100k_aug_2160\test\images\182.jpg,D:\vscode\workspace\recurrencePaper\YOLO-26-2\datasets\tt100k_aug_2160\test\labels\182.txt,,152.85730743408203,37.19047144412688,2151.568359375,42.297176361083984
D:\vscode\workspace\recurrencePaper\YOLO-26-2\datasets\tt100k_aug_2160\test\images\18203.jpg,D:\vscode\workspace\recurrencePaper\YOLO-26-2\datasets\tt100k_aug_2160\test\labels\18203.txt,,139.94522857666016,69.0490357569052,2635.378662109375,48.904930114746094
D:\vscode\workspace\recurrencePaper\YOLO-26-2\datasets\tt100k_aug_2160\test\images\18241.jpg,D:\vscode\workspace\recurrencePaper\YOLO-26-2\datasets\tt100k_aug_2160\test\labels\18241.txt,,143.84045791625977,40.96904146261848,1697.7955322265625,37.950294494628906
D:\vscode\workspace\recurrencePaper\YOLO-26-2\datasets\tt100k_aug_2160\test\images\18297.jpg,D:\vscode\workspace\recurrencePaper\YOLO-26-2\datasets\tt100k_aug_2160\test\labels\18297.txt,,167.82561874389648,52.69264326446642,1178.55322265625,27.942779541015625
D:\vscode\workspace\recurrencePaper\YOLO-26-2\datasets\tt100k_aug_2160\test\images\18334.jpg,D:\vscode\workspace\recurrencePaper\YOLO-26-2\datasets\tt100k_aug_2160\test\labels\18334.txt,,139.09991836547852,44.177791660452115,2219.1904296875,43.602108001708984
D:\vscode\workspace\recurrencePaper\YOLO-26-2\datasets\tt100k_aug_2160\test\images\18347.jpg,D:\vscode\workspace\recurrencePaper\YOLO-26-2\datasets\tt100k_aug_2160\test\labels\18347.txt,,159.09762573242188,56.138519411117564,999.85546875,30.29505157470703
D:\vscode\workspace\recurrencePaper\YOLO-26-2\datasets\tt100k_aug_2160\test\images\18397.jpg,D:\vscode\workspace\recurrencePaper\YOLO-26-2\datasets\tt100k_aug_2160\test\labels\18397.txt,,140.72729110717773,45.104877383866516,5395.4375,48.17177963256836
D:\vscode\workspace\recurrencePaper\YOLO-26-2\datasets\tt100k_aug_2160\test\images\18447.jpg,D:\vscode\workspace\recurrencePaper\YOLO-26-2\datasets\tt100k_aug_2160\test\labels\18447.txt,,150.67265701293945,57.26726765884751,1302.4622802734375,30.877220153808594
D:\vscode\workspace\recurrencePaper\YOLO-26-2\datasets\tt100k_aug_2160\test\images\18504.jpg,D:\vscode\workspace\recurrencePaper\YOLO-26-2\datasets\tt100k_aug_2160\test\labels\18504.txt,,120.1580696105957,52.09674532565152,1024.80078125,68.1474494934082
D:\vscode\workspace\recurrencePaper\YOLO-26-2\datasets\tt100k_aug_2160\test\images\18513.jpg,D:\vscode\workspace\recurrencePaper\YOLO-26-2\datasets\tt100k_aug_2160\test\labels\18513.txt,,134.124755859375,52.06521016825642,967.6602172851562,40.43429946899414
D:\vscode\workspace\recurrencePaper\YOLO-26-2\datasets\tt100k_aug_2160\test\images\18529.jpg,D:\vscode\workspace\recurrencePaper\YOLO-26-2\datasets\tt100k_aug_2160\test\labels\18529.txt,,156.50153732299805,36.46136642438298,3501.0009765625,50.12656021118164
D:\vscode\workspace\recurrencePaper\YOLO-26-2\datasets\tt100k_aug_2160\test\images\18536.jpg,D:\vscode\workspace\recurrencePaper\YOLO-26-2\datasets\tt100k_aug_2160\test\labels\18536.txt,,108.31810760498047,62.184503469894004,4065.200927734375,70.66930389404297
D:\vscode\workspace\recurrencePaper\YOLO-26-2\datasets\tt100k_aug_2160\test\images\18546.jpg,D:\vscode\workspace\recurrencePaper\YOLO-26-2\datasets\tt100k_aug_2160\test\labels\18546.txt,,130.06137466430664,50.50322953059503,2602.123779296875,42.022239685058594
D:\vscode\workspace\recurrencePaper\YOLO-26-2\datasets\tt100k_aug_2160\test\images\18639.jpg,D:\vscode\workspace\recurrencePaper\YOLO-26-2\datasets\tt100k_aug_2160\test\labels\18639.txt,,124.4625358581543,61.710171169520926,1973.5987548828125,55.77471923828125
D:\vscode\workspace\recurrencePaper\YOLO-26-2\datasets\tt100k_aug_2160\test\images\18717.jpg,D:\vscode\workspace\recurrencePaper\YOLO-26-2\datasets\tt100k_aug_2160\test\labels\18717.txt,,124.97277450561523,57.09912560762653,556.8685302734375,26.5899658203125
D:\vscode\workspace\recurrencePaper\YOLO-26-2\datasets\tt100k_aug_2160\test\images\18727.jpg,D:\vscode\workspace\recurrencePaper\YOLO-26-2\datasets\tt100k_aug_2160\test\labels\18727.txt,,151.48302841186523,57.52058959172658,2107.241455078125,43.14899826049805
D:\vscode\workspace\recurrencePaper\YOLO-26-2\datasets\tt100k_aug_2160\test\images\1875.jpg,D:\vscode\workspace\recurrencePaper\YOLO-26-2\datasets\tt100k_aug_2160\test\labels\1875.txt,,146.27440643310547,52.684087381590395,1098.4224853515625,36.44304656982422
D:\vscode\workspace\recurrencePaper\YOLO-26-2\datasets\tt100k_aug_2160\test\images\18766.jpg,D:\vscode\workspace\recurrencePaper\YOLO-26-2\datasets\tt100k_aug_2160\test\labels\18766.txt,,157.4849853515625,59.412623093077435,2265.532958984375,27.88379669189453
D:\vscode\workspace\recurrencePaper\YOLO-26-2\datasets\tt100k_aug_2160\test\images\18830.jpg,D:\vscode\workspace\recurrencePaper\YOLO-26-2\datasets\tt100k_aug_2160\test\labels\18830.txt,,139.6032829284668,50.86996148635758,1651.6771240234375,48.24575424194336
D:\vscode\workspace\recurrencePaper\YOLO-26-2\datasets\tt100k_aug_2160\test\images\18831.jpg,D:\vscode\workspace\recurrencePaper\YOLO-26-2\datasets\tt100k_aug_2160\test\labels\18831.txt,,129.9245376586914,47.43999213120379,2571.61669921875,53.84925842285156
D:\vscode\workspace\recurrencePaper\YOLO-26-2\datasets\tt100k_aug_2160\test\images\18891.jpg,D:\vscode\workspace\recurrencePaper\YOLO-26-2\datasets\tt100k_aug_2160\test\labels\18891.txt,,139.2669448852539,44.594109440053614,2529.10693359375,51.00701904296875
D:\vscode\workspace\recurrencePaper\YOLO-26-2\datasets\tt100k_aug_2160\test\images\18935.jpg,D:\vscode\workspace\recurrencePaper\YOLO-26-2\datasets\tt100k_aug_2160\test\labels\18935.txt,,118.69035339355469,51.49660796931985,1969.252197265625,52.00094985961914
D:\vscode\workspace\recurrencePaper\YOLO-26-2\datasets\tt100k_aug_2160\test\images\18995.jpg,D:\vscode\workspace\recurrencePaper\YOLO-26-2\datasets\tt100k_aug_2160\test\labels\18995.txt,,128.12490463256836,52.97610608891285,5676.53857421875,78.90736770629883
D:\vscode\workspace\recurrencePaper\YOLO-26-2\datasets\tt100k_aug_2160\test\images\19023.jpg,D:\vscode\workspace\recurrencePaper\YOLO-26-2\datasets\tt100k_aug_2160\test\labels\19023.txt,,126.96506881713867,41.69626467576957,3780.60107421875,55.51597213745117
D:\vscode\workspace\recurrencePaper\YOLO-26-2\datasets\tt100k_aug_2160\test\images\1905.jpg,D:\vscode\workspace\recurrencePaper\YOLO-26-2\datasets\tt100k_aug_2160\test\labels\1905.txt,,135.05973434448242,51.83997486646286,1591.2432861328125,34.04542922973633
D:\vscode\workspace\recurrencePaper\YOLO-26-2\datasets\tt100k_aug_2160\test\images\19183.jpg,D:\vscode\workspace\recurrencePaper\YOLO-26-2\datasets\tt100k_aug_2160\test\labels\19183.txt,,130.4530372619629,58.82672575740286,3487.6904296875,61.70734405517578
D:\vscode\workspace\recurrencePaper\YOLO-26-2\datasets\tt100k_aug_2160\test\images\19244.jpg,D:\vscode\workspace\recurrencePaper\YOLO-26-2\datasets\tt100k_aug_2160\test\labels\19244.txt,,115.35813903808594,79.65592833700259,1605.4871826171875,48.649627685546875
D:\vscode\workspace\recurrencePaper\YOLO-26-2\datasets\tt100k_aug_2160\test\images\19264.jpg,D:\vscode\workspace\recurrencePaper\YOLO-26-2\datasets\tt100k_aug_2160\test\labels\19264.txt,,161.53247451782227,52.61706321992959,1117.1962890625,33.061283111572266
D:\vscode\workspace\recurrencePaper\YOLO-26-2\datasets\tt100k_aug_2160\test\images\1927.jpg,D:\vscode\workspace\recurrencePaper\YOLO-26-2\datasets\tt100k_aug_2160\test\labels\1927.txt,,138.9204330444336,57.32682717368658,8615.2919921875,47.62923812866211
D:\vscode\workspace\recurrencePaper\YOLO-26-2\datasets\tt100k_aug_2160\test\images\19344.jpg,D:\vscode\workspace\recurrencePaper\YOLO-26-2\datasets\tt100k_aug_2160\test\labels\19344.txt,,158.8925895690918,29.746930558322585,1496.525390625,65.0258674621582
D:\vscode\workspace\recurrencePaper\YOLO-26-2\datasets\tt100k_aug_2160\test\images\19347.jpg,D:\vscode\workspace\recurrencePaper\YOLO-26-2\datasets\tt100k_aug_2160\test\labels\19347.txt,,149.8809471130371,39.74282241789614,1975.199951171875,42.857269287109375
D:\vscode\workspace\recurrencePaper\YOLO-26-2\datasets\tt100k_aug_2160\test\images\19429.jpg,D:\vscode\workspace\recurrencePaper\YOLO-26-2\datasets\tt100k_aug_2160\test\labels\19429.txt,,92.25198364257812,50.50568897830295,7330.2109375,72.77457046508789
D:\vscode\workspace\recurrencePaper\YOLO-26-2\datasets\tt100k_aug_2160\test\images\19460.jpg,D:\vscode\workspace\recurrencePaper\YOLO-26-2\datasets\tt100k_aug_2160\test\labels\19460.txt,,162.6917953491211,31.184291569890288,2388.98046875,46.31842041015625
D:\vscode\workspace\recurrencePaper\YOLO-26-2\datasets\tt100k_aug_2160\test\images\19536.jpg,D:\vscode\workspace\recurrencePaper\YOLO-26-2\datasets\tt100k_aug_2160\test\labels\19536.txt,,162.41897583007812,59.94940980668879,1732.624267578125,24.591049194335938
D:\vscode\workspace\recurrencePaper\YOLO-26-2\datasets\tt100k_aug_2160\test\images\19675.jpg,D:\vscode\workspace\recurrencePaper\YOLO-26-2\datasets\tt100k_aug_2160\test\labels\19675.txt,,129.50311660766602,67.62643395710381,2234.423828125,27.294315338134766
D:\vscode\workspace\recurrencePaper\YOLO-26-2\datasets\tt100k_aug_2160\test\images\19685.jpg,D:\vscode\workspace\recurrencePaper\YOLO-26-2\datasets\tt100k_aug_2160\test\labels\19685.txt,,143.37130737304688,45.96280553104778,2757.2763671875,39.473487854003906
D:\vscode\workspace\recurrencePaper\YOLO-26-2\datasets\tt100k_aug_2160\test\images\19708.jpg,D:\vscode\workspace\recurrencePaper\YOLO-26-2\datasets\tt100k_aug_2160\test\labels\19708.txt,,139.18435287475586,40.34541374238441,3818.86474609375,76.3017349243164
D:\vscode\workspace\recurrencePaper\YOLO-26-2\datasets\tt100k_aug_2160\test\images\19711.jpg,D:\vscode\workspace\recurrencePaper\YOLO-26-2\datasets\tt100k_aug_2160\test\labels\19711.txt,,131.6252098083496,42.63141609469191,1596.4818115234375,55.2113037109375
D:\vscode\workspace\recurrencePaper\YOLO-26-2\datasets\tt100k_aug_2160\test\images\19713.jpg,D:\vscode\workspace\recurrencePaper\YOLO-26-2\datasets\tt100k_aug_2160\test\labels\19713.txt,,156.24310302734375,43.36822349228846,2521.94775390625,36.263999938964844
D:\vscode\workspace\recurrencePaper\YOLO-26-2\datasets\tt100k_aug_2160\test\images\19731.jpg,D:\vscode\workspace\recurrencePaper\YOLO-26-2\datasets\tt100k_aug_2160\test\labels\19731.txt,,147.79710388183594,73.23001576886357,2618.864013671875,42.15288162231445
D:\vscode\workspace\recurrencePaper\YOLO-26-2\datasets\tt100k_aug_2160\test\images\19774.jpg,D:\vscode\workspace\recurrencePaper\YOLO-26-2\datasets\tt100k_aug_2160\test\labels\19774.txt,,92.16495132446289,40.07494687404807,2322.3486328125,78.8675422668457
D:\vscode\workspace\recurrencePaper\YOLO-26-2\datasets\tt100k_aug_2160\test\images\1978.jpg,D:\vscode\workspace\recurrencePaper\YOLO-26-2\datasets\tt100k_aug_2160\test\labels\1978.txt,,171.79462814331055,57.82878526420587,1128.3565673828125,16.471664428710938
D:\vscode\workspace\recurrencePaper\YOLO-26-2\datasets\tt100k_aug_2160\test\images\19790.jpg,D:\vscode\workspace\recurrencePaper\YOLO-26-2\datasets\tt100k_aug_2160\test\labels\19790.txt,,91.00928115844727,49.25736969231469,1335.046630859375,112.9254150390625
D:\vscode\workspace\recurrencePaper\YOLO-26-2\datasets\tt100k_aug_2160\test\images\19858.jpg,D:\vscode\workspace\recurrencePaper\YOLO-26-2\datasets\tt100k_aug_2160\test\labels\19858.txt,,148.8088722229004,46.66536656487338,2569.09716796875,59.00139617919922
D:\vscode\workspace\recurrencePaper\YOLO-26-2\datasets\tt100k_aug_2160\test\images\19859.jpg,D:\vscode\workspace\recurrencePaper\YOLO-26-2\datasets\tt100k_aug_2160\test\labels\19859.txt,,135.03536224365234,46.613471856147896,1681.455810546875,37.495731353759766
D:\vscode\workspace\recurrencePaper\YOLO-26-2\datasets\tt100k_aug_2160\test\images\19917.jpg,D:\vscode\workspace\recurrencePaper\YOLO-26-2\datasets\tt100k_aug_2160\test\labels\19917.txt,,122.17918395996094,53.685737602999566,2698.073486328125,125.62384033203125
D:\vscode\workspace\recurrencePaper\YOLO-26-2\datasets\tt100k_aug_2160\test\images\19953.jpg,D:\vscode\workspace\recurrencePaper\YOLO-26-2\datasets\tt100k_aug_2160\test\labels\19953.txt,,131.45083236694336,76.90700489474146,3000.61474609375,31.397422790527344
D:\vscode\workspace\recurrencePaper\YOLO-26-2\datasets\tt100k_aug_2160\test\images\19973.jpg,D:\vscode\workspace\recurrencePaper\YOLO-26-2\datasets\tt100k_aug_2160\test\labels\19973.txt,,143.9503173828125,44.47915044971486,1854.1632080078125,45.473777770996094
D:\vscode\workspace\recurrencePaper\YOLO-26-2\datasets\tt100k_aug_2160\test\images\20015.jpg,D:\vscode\workspace\recurrencePaper\YOLO-26-2\datasets\tt100k_aug_2160\test\labels\20015.txt,,153.56195831298828,58.82147315925098,2162.255615234375,28.669376373291016
D:\vscode\workspace\recurrencePaper\YOLO-26-2\datasets\tt100k_aug_2160\test\images\20018.jpg,D:\vscode\workspace\recurrencePaper\YOLO-26-2\datasets\tt100k_aug_2160\test\labels\20018.txt,,120.59733200073242,57.178230795974336,1788.3668212890625,67.92826080322266
D:\vscode\workspace\recurrencePaper\YOLO-26-2\datasets\tt100k_aug_2160\test\images\20057.jpg,D:\vscode\workspace\recurrencePaper\YOLO-26-2\datasets\tt100k_aug_2160\test\labels\20057.txt,,134.30113220214844,61.74782310151294,1900.06005859375,36.18770980834961
D:\vscode\workspace\recurrencePaper\YOLO-26-2\datasets\tt100k_aug_2160\test\images\20124.jpg,D:\vscode\workspace\recurrencePaper\YOLO-26-2\datasets\tt100k_aug_2160\test\labels\20124.txt,,124.42765426635742,53.79250510820725,7073.2373046875,56.78053665161133
D:\vscode\workspace\recurrencePaper\YOLO-26-2\datasets\tt100k_aug_2160\test\images\20298.jpg,D:\vscode\workspace\recurrencePaper\YOLO-26-2\datasets\tt100k_aug_2160\test\labels\20298.txt,,123.11505126953125,60.56678377490215,1417.66943359375,33.478240966796875
D:\vscode\workspace\recurrencePaper\YOLO-26-2\datasets\tt100k_aug_2160\test\images\20378.jpg,D:\vscode\workspace\recurrencePaper\YOLO-26-2\datasets\tt100k_aug_2160\test\labels\20378.txt,,148.98483657836914,41.304297793267374,5328.31787109375,48.14208221435547
D:\vscode\workspace\recurrencePaper\YOLO-26-2\datasets\tt100k_aug_2160\test\images\204.jpg,D:\vscode\workspace\recurrencePaper\YOLO-26-2\datasets\tt100k_aug_2160\test\labels\204.txt,,125.24083709716797,49.07670774323591,2256.615234375,52.71783447265625
D:\vscode\workspace\recurrencePaper\YOLO-26-2\datasets\tt100k_aug_2160\test\images\20403.jpg,D:\vscode\workspace\recurrencePaper\YOLO-26-2\datasets\tt100k_aug_2160\test\labels\20403.txt,,126.83042526245117,46.16405303409359,1429.14697265625,45.635650634765625
D:\vscode\workspace\recurrencePaper\YOLO-26-2\datasets\tt100k_aug_2160\test\images\20408.jpg,D:\vscode\workspace\recurrencePaper\YOLO-26-2\datasets\tt100k_aug_2160\test\labels\20408.txt,,134.79294204711914,32.18883967017914,990.9915161132812,45.389156341552734
D:\vscode\workspace\recurrencePaper\YOLO-26-2\datasets\tt100k_aug_2160\test\images\20462.jpg,D:\vscode\workspace\recurrencePaper\YOLO-26-2\datasets\tt100k_aug_2160\test\labels\20462.txt,,149.66490936279297,35.08626568131993,3231.917236328125,45.23952865600586
D:\vscode\workspace\recurrencePaper\YOLO-26-2\datasets\tt100k_aug_2160\test\images\20529.jpg,D:\vscode\workspace\recurrencePaper\YOLO-26-2\datasets\tt100k_aug_2160\test\labels\20529.txt,,139.50458526611328,50.95914589957051,905.3887939453125,32.85271072387695
D:\vscode\workspace\recurrencePaper\YOLO-26-2\datasets\tt100k_aug_2160\test\images\2054.jpg,D:\vscode\workspace\recurrencePaper\YOLO-26-2\datasets\tt100k_aug_2160\test\labels\2054.txt,,133.95763778686523,49.87004896816021,3468.4609375,46.53036117553711
D:\vscode\workspace\recurrencePaper\YOLO-26-2\datasets\tt100k_aug_2160\test\images\20591.jpg,D:\vscode\workspace\recurrencePaper\YOLO-26-2\datasets\tt100k_aug_2160\test\labels\20591.txt,,150.18698120117188,50.911935990726825,1703.676513671875,44.0325927734375
D:\vscode\workspace\recurrencePaper\YOLO-26-2\datasets\tt100k_aug_2160\test\images\20600.jpg,D:\vscode\workspace\recurrencePaper\YOLO-26-2\datasets\tt100k_aug_2160\test\labels\20600.txt,,117.97535705566406,78.44211195332797,2279.59375,31.60018539428711
D:\vscode\workspace\recurrencePaper\YOLO-26-2\datasets\tt100k_aug_2160\test\images\20831.jpg,D:\vscode\workspace\recurrencePaper\YOLO-26-2\datasets\tt100k_aug_2160\test\labels\20831.txt,,128.18685150146484,32.275822652162134,1605.1468505859375,55.30430603027344
D:\vscode\workspace\recurrencePaper\YOLO-26-2\datasets\tt100k_aug_2160\test\images\20889.jpg,D:\vscode\workspace\recurrencePaper\YOLO-26-2\datasets\tt100k_aug_2160\test\labels\20889.txt,,116.1263313293457,53.83370285603487,1765.2625732421875,58.38554000854492
D:\vscode\workspace\recurrencePaper\YOLO-26-2\datasets\tt100k_aug_2160\test\images\20893.jpg,D:\vscode\workspace\recurrencePaper\YOLO-26-2\datasets\tt100k_aug_2160\test\labels\20893.txt,,124.12328720092773,59.48689883853829,1353.6297607421875,26.17932891845703
D:\vscode\workspace\recurrencePaper\YOLO-26-2\datasets\tt100k_aug_2160\test\images\20902.jpg,D:\vscode\workspace\recurrencePaper\YOLO-26-2\datasets\tt100k_aug_2160\test\labels\20902.txt,,145.75476455688477,47.647843598872406,2064.269775390625,47.106956481933594
D:\vscode\workspace\recurrencePaper\YOLO-26-2\datasets\tt100k_aug_2160\test\images\20911.jpg,D:\vscode\workspace\recurrencePaper\YOLO-26-2\datasets\tt100k_aug_2160\test\labels\20911.txt,,145.12004852294922,63.16728984708829,1527.8623046875,11.538131713867188
D:\vscode\workspace\recurrencePaper\YOLO-26-2\datasets\tt100k_aug_2160\test\images\20946.jpg,D:\vscode\workspace\recurrencePaper\YOLO-26-2\datasets\tt100k_aug_2160\test\labels\20946.txt,,143.7502784729004,39.21131757144159,1712.62548828125,47.07991409301758
D:\vscode\workspace\recurrencePaper\YOLO-26-2\datasets\tt100k_aug_2160\test\images\20968.jpg,D:\vscode\workspace\recurrencePaper\YOLO-26-2\datasets\tt100k_aug_2160\test\labels\20968.txt,,95.94217300415039,68.08256517754393,8917.8056640625,86.7845230102539
D:\vscode\workspace\recurrencePaper\YOLO-26-2\datasets\tt100k_aug_2160\test\images\21005.jpg,D:\vscode\workspace\recurrencePaper\YOLO-26-2\datasets\tt100k_aug_2160\test\labels\21005.txt,,154.60855865478516,40.41675803965419,1472.2034912109375,39.78279495239258
D:\vscode\workspace\recurrencePaper\YOLO-26-2\datasets\tt100k_aug_2160\test\images\21110.jpg,D:\vscode\workspace\recurrencePaper\YOLO-26-2\datasets\tt100k_aug_2160\test\labels\21110.txt,,146.20811462402344,42.39446484849271,1540.55859375,39.34919357299805
D:\vscode\workspace\recurrencePaper\YOLO-26-2\datasets\tt100k_aug_2160\test\images\21126.jpg,D:\vscode\workspace\recurrencePaper\YOLO-26-2\datasets\tt100k_aug_2160\test\labels\21126.txt,,136.7751235961914,47.96694259115283,3807.39990234375,55.460872650146484
D:\vscode\workspace\recurrencePaper\YOLO-26-2\datasets\tt100k_aug_2160\test\images\21211.jpg,D:\vscode\workspace\recurrencePaper\YOLO-26-2\datasets\tt100k_aug_2160\test\labels\21211.txt,,120.14545440673828,68.00613363942573,1907.596923828125,35.54375076293945
D:\vscode\workspace\recurrencePaper\YOLO-26-2\datasets\tt100k_aug_2160\test\images\2122.jpg,D:\vscode\workspace\recurrencePaper\YOLO-26-2\datasets\tt100k_aug_2160\test\labels\2122.txt,,148.9399757385254,37.21665581094556,1838.7132568359375,36.41285705566406
D:\vscode\workspace\recurrencePaper\YOLO-26-2\datasets\tt100k_aug_2160\test\images\21248.jpg,D:\vscode\workspace\recurrencePaper\YOLO-26-2\datasets\tt100k_aug_2160\test\labels\21248.txt,,136.9676055908203,61.480991896713235,2175.94091796875,25.091938018798828
D:\vscode\workspace\recurrencePaper\YOLO-26-2\datasets\tt100k_aug_2160\test\images\21273.jpg,D:\vscode\workspace\recurrencePaper\YOLO-26-2\datasets\tt100k_aug_2160\test\labels\21273.txt,,153.1250991821289,48.116702763955125,1471.087158203125,34.952999114990234
D:\vscode\workspace\recurrencePaper\YOLO-26-2\datasets\tt100k_aug_2160\test\images\21302.jpg,D:\vscode\workspace\recurrencePaper\YOLO-26-2\datasets\tt100k_aug_2160\test\labels\21302.txt,,131.86545944213867,59.93143429702474,1494.875244140625,49.587860107421875
D:\vscode\workspace\recurrencePaper\YOLO-26-2\datasets\tt100k_aug_2160\test\images\21313.jpg,D:\vscode\workspace\recurrencePaper\YOLO-26-2\datasets\tt100k_aug_2160\test\labels\21313.txt,,139.23816299438477,40.77162176107895,2012.492919921875,42.06730270385742
D:\vscode\workspace\recurrencePaper\YOLO-26-2\datasets\tt100k_aug_2160\test\images\21356.jpg,D:\vscode\workspace\recurrencePaper\YOLO-26-2\datasets\tt100k_aug_2160\test\labels\21356.txt,,133.2695541381836,40.51329409921777,2027.1624755859375,67.68680572509766
D:\vscode\workspace\recurrencePaper\YOLO-26-2\datasets\tt100k_aug_2160\test\images\21378.jpg,D:\vscode\workspace\recurrencePaper\YOLO-26-2\datasets\tt100k_aug_2160\test\labels\21378.txt,,104.25556564331055,49.72349913619538,3399.271484375,43.86354064941406
D:\vscode\workspace\recurrencePaper\YOLO-26-2\datasets\tt100k_aug_2160\test\images\21392.jpg,D:\vscode\workspace\recurrencePaper\YOLO-26-2\datasets\tt100k_aug_2160\test\labels\21392.txt,,138.7812271118164,43.45946286099348,2371.638427734375,70.48381042480469
D:\vscode\workspace\recurrencePaper\YOLO-26-2\datasets\tt100k_aug_2160\test\images\21403.jpg,D:\vscode\workspace\recurrencePaper\YOLO-26-2\datasets\tt100k_aug_2160\test\labels\21403.txt,,141.0398941040039,51.723090681951476,1077.4290771484375,28.336605072021484
D:\vscode\workspace\recurrencePaper\YOLO-26-2\datasets\tt100k_aug_2160\test\images\21439.jpg,D:\vscode\workspace\recurrencePaper\YOLO-26-2\datasets\tt100k_aug_2160\test\labels\21439.txt,,161.56324005126953,48.670629498762175,1702.0921630859375,28.500202178955078
D:\vscode\workspace\recurrencePaper\YOLO-26-2\datasets\tt100k_aug_2160\test\images\21499.jpg,D:\vscode\workspace\recurrencePaper\YOLO-26-2\datasets\tt100k_aug_2160\test\labels\21499.txt,,126.05218505859375,34.59625373516956,1809.5748291015625,54.7568244934082
D:\vscode\workspace\recurrencePaper\YOLO-26-2\datasets\tt100k_aug_2160\test\images\21524.jpg,D:\vscode\workspace\recurrencePaper\YOLO-26-2\datasets\tt100k_aug_2160\test\labels\21524.txt,,143.41011428833008,41.25836152487795,1887.780517578125,35.96873474121094
D:\vscode\workspace\recurrencePaper\YOLO-26-2\datasets\tt100k_aug_2160\test\images\21546.jpg,D:\vscode\workspace\recurrencePaper\YOLO-26-2\datasets\tt100k_aug_2160\test\labels\21546.txt,,142.17629623413086,51.71564944907715,2375.5322265625,52.28138732910156
D:\vscode\workspace\recurrencePaper\YOLO-26-2\datasets\tt100k_aug_2160\test\images\2158.jpg,D:\vscode\workspace\recurrencePaper\YOLO-26-2\datasets\tt100k_aug_2160\test\labels\2158.txt,,143.97795486450195,73.0699207358927,2979.9765625,40.95612716674805
D:\vscode\workspace\recurrencePaper\YOLO-26-2\datasets\tt100k_aug_2160\test\images\21580.jpg,D:\vscode\workspace\recurrencePaper\YOLO-26-2\datasets\tt100k_aug_2160\test\labels\21580.txt,,144.07205963134766,40.80529248531217,2472.927490234375,44.924293518066406
D:\vscode\workspace\recurrencePaper\YOLO-26-2\datasets\tt100k_aug_2160\test\images\21598.jpg,D:\vscode\workspace\recurrencePaper\YOLO-26-2\datasets\tt100k_aug_2160\test\labels\21598.txt,,138.26346969604492,61.973765327570156,1328.1947021484375,20.56171417236328
D:\vscode\workspace\recurrencePaper\YOLO-26-2\datasets\tt100k_aug_2160\test\images\216.jpg,D:\vscode\workspace\recurrencePaper\YOLO-26-2\datasets\tt100k_aug_2160\test\labels\216.txt,,140.71278381347656,68.88328995065258,2915.159912109375,37.18941879272461
D:\vscode\workspace\recurrencePaper\YOLO-26-2\datasets\tt100k_aug_2160\test\images\2168.jpg,D:\vscode\workspace\recurrencePaper\YOLO-26-2\datasets\tt100k_aug_2160\test\labels\2168.txt,,147.80587005615234,39.14594050767498,1865.060302734375,39.14580154418945
D:\vscode\workspace\recurrencePaper\YOLO-26-2\datasets\tt100k_aug_2160\test\images\21687.jpg,D:\vscode\workspace\recurrencePaper\YOLO-26-2\datasets\tt100k_aug_2160\test\labels\21687.txt,,132.30189514160156,58.1266952437577,1707.258056640625,49.465328216552734
D:\vscode\workspace\recurrencePaper\YOLO-26-2\datasets\tt100k_aug_2160\test\images\21732.jpg,D:\vscode\workspace\recurrencePaper\YOLO-26-2\datasets\tt100k_aug_2160\test\labels\21732.txt,,132.84544372558594,46.21279664600332,3023.025634765625,61.58749008178711
D:\vscode\workspace\recurrencePaper\YOLO-26-2\datasets\tt100k_aug_2160\test\images\21860.jpg,D:\vscode\workspace\recurrencePaper\YOLO-26-2\datasets\tt100k_aug_2160\test\labels\21860.txt,,129.3766975402832,50.53072406425154,2899.38330078125,50.4593620300293
D:\vscode\workspace\recurrencePaper\YOLO-26-2\datasets\tt100k_aug_2160\test\images\21863.jpg,D:\vscode\workspace\recurrencePaper\YOLO-26-2\datasets\tt100k_aug_2160\test\labels\21863.txt,,135.53730392456055,49.344216138049454,1515.677978515625,31.065685272216797
D:\vscode\workspace\recurrencePaper\YOLO-26-2\datasets\tt100k_aug_2160\test\images\21891.jpg,D:\vscode\workspace\recurrencePaper\YOLO-26-2\datasets\tt100k_aug_2160\test\labels\21891.txt,,162.6695442199707,28.83112854118198,2957.8486328125,50.31991958618164
D:\vscode\workspace\recurrencePaper\YOLO-26-2\datasets\tt100k_aug_2160\test\images\22055.jpg,D:\vscode\workspace\recurrencePaper\YOLO-26-2\datasets\tt100k_aug_2160\test\labels\22055.txt,,144.2802734375,52.98235508660762,929.950927734375,25.780513763427734
D:\vscode\workspace\recurrencePaper\YOLO-26-2\datasets\tt100k_aug_2160\test\images\22075.jpg,D:\vscode\workspace\recurrencePaper\YOLO-26-2\datasets\tt100k_aug_2160\test\labels\22075.txt,,131.5097198486328,47.11202578383434,2674.63134765625,43.37155532836914
D:\vscode\workspace\recurrencePaper\YOLO-26-2\datasets\tt100k_aug_2160\test\images\2208.jpg,D:\vscode\workspace\recurrencePaper\YOLO-26-2\datasets\tt100k_aug_2160\test\labels\2208.txt,,147.18376541137695,48.39816078556789,938.1881103515625,46.160823822021484
D:\vscode\workspace\recurrencePaper\YOLO-26-2\datasets\tt100k_aug_2160\test\images\22212.jpg,D:\vscode\workspace\recurrencePaper\YOLO-26-2\datasets\tt100k_aug_2160\test\labels\22212.txt,,147.07448196411133,58.0177599168841,2914.4833984375,69.70889282226562
D:\vscode\workspace\recurrencePaper\YOLO-26-2\datasets\tt100k_aug_2160\test\images\22234.jpg,D:\vscode\workspace\recurrencePaper\YOLO-26-2\datasets\tt100k_aug_2160\test\labels\22234.txt,,142.3790283203125,31.327348473787623,1188.197509765625,38.096397399902344
D:\vscode\workspace\recurrencePaper\YOLO-26-2\datasets\tt100k_aug_2160\test\images\22305.jpg,D:\vscode\workspace\recurrencePaper\YOLO-26-2\datasets\tt100k_aug_2160\test\labels\22305.txt,,135.92657089233398,46.844079302163344,2295.986572265625,38.132381439208984
D:\vscode\workspace\recurrencePaper\YOLO-26-2\datasets\tt100k_aug_2160\test\images\22433.jpg,D:\vscode\workspace\recurrencePaper\YOLO-26-2\datasets\tt100k_aug_2160\test\labels\22433.txt,,130.76292419433594,37.61614501841271,2301.526611328125,60.08800506591797
D:\vscode\workspace\recurrencePaper\YOLO-26-2\datasets\tt100k_aug_2160\test\images\22655.jpg,D:\vscode\workspace\recurrencePaper\YOLO-26-2\datasets\tt100k_aug_2160\test\labels\22655.txt,,166.14863204956055,70.14756093341138,642.8092651367188,34.92605209350586
D:\vscode\workspace\recurrencePaper\YOLO-26-2\datasets\tt100k_aug_2160\test\images\22666.jpg,D:\vscode\workspace\recurrencePaper\YOLO-26-2\datasets\tt100k_aug_2160\test\labels\22666.txt,,116.04661560058594,47.67852852229922,1359.9747314453125,72.32232284545898
D:\vscode\workspace\recurrencePaper\YOLO-26-2\datasets\tt100k_aug_2160\test\images\2272.jpg,D:\vscode\workspace\recurrencePaper\YOLO-26-2\datasets\tt100k_aug_2160\test\labels\2272.txt,,158.28712463378906,57.02943312010758,3053.428955078125,32.15178298950195
D:\vscode\workspace\recurrencePaper\YOLO-26-2\datasets\tt100k_aug_2160\test\images\22782.jpg,D:\vscode\workspace\recurrencePaper\YOLO-26-2\datasets\tt100k_aug_2160\test\labels\22782.txt,,148.61528778076172,36.5351299263787,1349.7669677734375,37.50746536254883
D:\vscode\workspace\recurrencePaper\YOLO-26-2\datasets\tt100k_aug_2160\test\images\22827.jpg,D:\vscode\workspace\recurrencePaper\YOLO-26-2\datasets\tt100k_aug_2160\test\labels\22827.txt,,138.16292190551758,31.627581510964948,1829.1268310546875,72.91733169555664
D:\vscode\workspace\recurrencePaper\YOLO-26-2\datasets\tt100k_aug_2160\test\images\22879.jpg,D:\vscode\workspace\recurrencePaper\YOLO-26-2\datasets\tt100k_aug_2160\test\labels\22879.txt,,176.00799942016602,31.731767373935913,900.7171630859375,42.01713943481445
D:\vscode\workspace\recurrencePaper\YOLO-26-2\datasets\tt100k_aug_2160\test\images\22975.jpg,D:\vscode\workspace\recurrencePaper\YOLO-26-2\datasets\tt100k_aug_2160\test\labels\22975.txt,,139.89503479003906,37.78338479584472,2382.91943359375,56.96984100341797
D:\vscode\workspace\recurrencePaper\YOLO-26-2\datasets\tt100k_aug_2160\test\images\22980.jpg,D:\vscode\workspace\recurrencePaper\YOLO-26-2\datasets\tt100k_aug_2160\test\labels\22980.txt,,151.80516815185547,31.322663637497747,1360.86767578125,51.166324615478516
D:\vscode\workspace\recurrencePaper\YOLO-26-2\datasets\tt100k_aug_2160\test\images\2300.jpg,D:\vscode\workspace\recurrencePaper\YOLO-26-2\datasets\tt100k_aug_2160\test\labels\2300.txt,,133.86631774902344,65.26254868663051,1273.5140380859375,34.86378860473633
D:\vscode\workspace\recurrencePaper\YOLO-26-2\datasets\tt100k_aug_2160\test\images\23006.jpg,D:\vscode\workspace\recurrencePaper\YOLO-26-2\datasets\tt100k_aug_2160\test\labels\23006.txt,,141.14096069335938,38.73565798355393,2587.1201171875,34.11008834838867
D:\vscode\workspace\recurrencePaper\YOLO-26-2\datasets\tt100k_aug_2160\test\images\23051.jpg,D:\vscode\workspace\recurrencePaper\YOLO-26-2\datasets\tt100k_aug_2160\test\labels\23051.txt,,124.68688201904297,81.2144680947833,2197.892578125,33.85222244262695
D:\vscode\workspace\recurrencePaper\YOLO-26-2\datasets\tt100k_aug_2160\test\images\23076.jpg,D:\vscode\workspace\recurrencePaper\YOLO-26-2\datasets\tt100k_aug_2160\test\labels\23076.txt,,142.62738037109375,47.06085528513899,2508.985595703125,43.89530563354492
D:\vscode\workspace\recurrencePaper\YOLO-26-2\datasets\tt100k_aug_2160\test\images\23086.jpg,D:\vscode\workspace\recurrencePaper\YOLO-26-2\datasets\tt100k_aug_2160\test\labels\23086.txt,,145.9734001159668,38.681027440417296,1217.8055419921875,37.72332763671875
D:\vscode\workspace\recurrencePaper\YOLO-26-2\datasets\tt100k_aug_2160\test\images\23136.jpg,D:\vscode\workspace\recurrencePaper\YOLO-26-2\datasets\tt100k_aug_2160\test\labels\23136.txt,,137.1273307800293,48.098493646279174,2581.34521484375,39.369873046875
D:\vscode\workspace\recurrencePaper\YOLO-26-2\datasets\tt100k_aug_2160\test\images\23260.jpg,D:\vscode\workspace\recurrencePaper\YOLO-26-2\datasets\tt100k_aug_2160\test\labels\23260.txt,,111.16650772094727,70.66016157049431,6735.21630859375,79.84117126464844
D:\vscode\workspace\recurrencePaper\YOLO-26-2\datasets\tt100k_aug_2160\test\images\23264.jpg,D:\vscode\workspace\recurrencePaper\YOLO-26-2\datasets\tt100k_aug_2160\test\labels\23264.txt,,115.15319061279297,56.03291232965229,3246.82421875,64.42634582519531
D:\vscode\workspace\recurrencePaper\YOLO-26-2\datasets\tt100k_aug_2160\test\images\2352.jpg,D:\vscode\workspace\recurrencePaper\YOLO-26-2\datasets\tt100k_aug_2160\test\labels\2352.txt,,154.12974166870117,63.65175584275934,2557.92724609375,34.864295959472656
D:\vscode\workspace\recurrencePaper\YOLO-26-2\datasets\tt100k_aug_2160\test\images\23569.jpg,D:\vscode\workspace\recurrencePaper\YOLO-26-2\datasets\tt100k_aug_2160\test\labels\23569.txt,,113.65324401855469,40.617080333501825,1094.5498046875,59.537288665771484
D:\vscode\workspace\recurrencePaper\YOLO-26-2\datasets\tt100k_aug_2160\test\images\2357.jpg,D:\vscode\workspace\recurrencePaper\YOLO-26-2\datasets\tt100k_aug_2160\test\labels\2357.txt,,141.14447784423828,46.08555111329576,2700.708984375,69.9902572631836
D:\vscode\workspace\recurrencePaper\YOLO-26-2\datasets\tt100k_aug_2160\test\images\2359.jpg,D:\vscode\workspace\recurrencePaper\YOLO-26-2\datasets\tt100k_aug_2160\test\labels\2359.txt,,133.20062255859375,50.68240721675308,4205.7841796875,67.03924942016602
D:\vscode\workspace\recurrencePaper\YOLO-26-2\datasets\tt100k_aug_2160\test\images\23625.jpg,D:\vscode\workspace\recurrencePaper\YOLO-26-2\datasets\tt100k_aug_2160\test\labels\23625.txt,,142.08623123168945,44.507152185905355,1673.08056640625,45.02773666381836
D:\vscode\workspace\recurrencePaper\YOLO-26-2\datasets\tt100k_aug_2160\test\images\23632.jpg,D:\vscode\workspace\recurrencePaper\YOLO-26-2\datasets\tt100k_aug_2160\test\labels\23632.txt,,130.2717170715332,66.03992667257971,4604.30322265625,47.810489654541016
D:\vscode\workspace\recurrencePaper\YOLO-26-2\datasets\tt100k_aug_2160\test\images\2364.jpg,D:\vscode\workspace\recurrencePaper\YOLO-26-2\datasets\tt100k_aug_2160\test\labels\2364.txt,,147.46603775024414,39.690607271116,3142.7314453125,54.1636848449707
D:\vscode\workspace\recurrencePaper\YOLO-26-2\datasets\tt100k_aug_2160\test\images\23648.jpg,D:\vscode\workspace\recurrencePaper\YOLO-26-2\datasets\tt100k_aug_2160\test\labels\23648.txt,,166.80954360961914,57.67411594660126,1404.379638671875,20.68791961669922
D:\vscode\workspace\recurrencePaper\YOLO-26-2\datasets\tt100k_aug_2160\test\images\23670.jpg,D:\vscode\workspace\recurrencePaper\YOLO-26-2\datasets\tt100k_aug_2160\test\labels\23670.txt,,162.6569595336914,41.29779990402383,1370.7275390625,29.916976928710938
D:\vscode\workspace\recurrencePaper\YOLO-26-2\datasets\tt100k_aug_2160\test\images\23710.jpg,D:\vscode\workspace\recurrencePaper\YOLO-26-2\datasets\tt100k_aug_2160\test\labels\23710.txt,,141.16601181030273,45.03903761298079,1188.9256591796875,52.05158233642578
D:\vscode\workspace\recurrencePaper\YOLO-26-2\datasets\tt100k_aug_2160\test\images\23725.jpg,D:\vscode\workspace\recurrencePaper\YOLO-26-2\datasets\tt100k_aug_2160\test\labels\23725.txt,,127.60649490356445,51.47895964581924,1535.979248046875,36.51386260986328
D:\vscode\workspace\recurrencePaper\YOLO-26-2\datasets\tt100k_aug_2160\test\images\23738.jpg,D:\vscode\workspace\recurrencePaper\YOLO-26-2\datasets\tt100k_aug_2160\test\labels\23738.txt,,108.82587432861328,75.73668223377857,8973.5966796875,48.480098724365234
D:\vscode\workspace\recurrencePaper\YOLO-26-2\datasets\tt100k_aug_2160\test\images\23742.jpg,D:\vscode\workspace\recurrencePaper\YOLO-26-2\datasets\tt100k_aug_2160\test\labels\23742.txt,,137.88634872436523,41.66674081865912,1479.9840087890625,51.130069732666016
D:\vscode\workspace\recurrencePaper\YOLO-26-2\datasets\tt100k_aug_2160\test\images\23762.jpg,D:\vscode\workspace\recurrencePaper\YOLO-26-2\datasets\tt100k_aug_2160\test\labels\23762.txt,,128.7131118774414,48.459880882328335,1654.0712890625,57.04253387451172
D:\vscode\workspace\recurrencePaper\YOLO-26-2\datasets\tt100k_aug_2160\test\images\23842.jpg,D:\vscode\workspace\recurrencePaper\YOLO-26-2\datasets\tt100k_aug_2160\test\labels\23842.txt,,120.5511245727539,51.160143754161965,4047.772705078125,34.00336837768555
D:\vscode\workspace\recurrencePaper\YOLO-26-2\datasets\tt100k_aug_2160\test\images\23857.jpg,D:\vscode\workspace\recurrencePaper\YOLO-26-2\datasets\tt100k_aug_2160\test\labels\23857.txt,,140.1803741455078,38.226354193487154,2331.28857421875,57.628719329833984
D:\vscode\workspace\recurrencePaper\YOLO-26-2\datasets\tt100k_aug_2160\test\images\23862.jpg,D:\vscode\workspace\recurrencePaper\YOLO-26-2\datasets\tt100k_aug_2160\test\labels\23862.txt,,136.98430252075195,33.178759465499425,2818.074951171875,76.71446228027344
D:\vscode\workspace\recurrencePaper\YOLO-26-2\datasets\tt100k_aug_2160\test\images\23863.jpg,D:\vscode\workspace\recurrencePaper\YOLO-26-2\datasets\tt100k_aug_2160\test\labels\23863.txt,,109.14778900146484,58.548570484151924,4909.5380859375,65.87588119506836
D:\vscode\workspace\recurrencePaper\YOLO-26-2\datasets\tt100k_aug_2160\test\images\23926.jpg,D:\vscode\workspace\recurrencePaper\YOLO-26-2\datasets\tt100k_aug_2160\test\labels\23926.txt,,139.0941925048828,50.249182858581186,3534.98388671875,39.495330810546875
D:\vscode\workspace\recurrencePaper\YOLO-26-2\datasets\tt100k_aug_2160\test\images\23981.jpg,D:\vscode\workspace\recurrencePaper\YOLO-26-2\datasets\tt100k_aug_2160\test\labels\23981.txt,,122.31321334838867,81.19371407122523,1530.3900146484375,43.17034149169922
D:\vscode\workspace\recurrencePaper\YOLO-26-2\datasets\tt100k_aug_2160\test\images\24008.jpg,D:\vscode\workspace\recurrencePaper\YOLO-26-2\datasets\tt100k_aug_2160\test\labels\24008.txt,,120.91349029541016,46.720982328243394,741.450439453125,64.9095458984375
D:\vscode\workspace\recurrencePaper\YOLO-26-2\datasets\tt100k_aug_2160\test\images\24019.jpg,D:\vscode\workspace\recurrencePaper\YOLO-26-2\datasets\tt100k_aug_2160\test\labels\24019.txt,,148.94701385498047,46.718220400558856,751.7476196289062,28.66769027709961
D:\vscode\workspace\recurrencePaper\YOLO-26-2\datasets\tt100k_aug_2160\test\images\24074.jpg,D:\vscode\workspace\recurrencePaper\YOLO-26-2\datasets\tt100k_aug_2160\test\labels\24074.txt,,108.70080184936523,70.70588818601973,2704.253662109375,56.87706756591797
D:\vscode\workspace\recurrencePaper\YOLO-26-2\datasets\tt100k_aug_2160\test\images\24190.jpg,D:\vscode\workspace\recurrencePaper\YOLO-26-2\datasets\tt100k_aug_2160\test\labels\24190.txt,,125.80255126953125,63.7681776288939,7785.16015625,73.63806915283203
D:\vscode\workspace\recurrencePaper\YOLO-26-2\datasets\tt100k_aug_2160\test\images\24281.jpg,D:\vscode\workspace\recurrencePaper\YOLO-26-2\datasets\tt100k_aug_2160\test\labels\24281.txt,,98.03680419921875,44.125845013838486,1527.8035888671875,85.47537231445312
D:\vscode\workspace\recurrencePaper\YOLO-26-2\datasets\tt100k_aug_2160\test\images\24313.jpg,D:\vscode\workspace\recurrencePaper\YOLO-26-2\datasets\tt100k_aug_2160\test\labels\24313.txt,,136.50550079345703,48.034180871512014,2695.503662109375,54.93442916870117
D:\vscode\workspace\recurrencePaper\YOLO-26-2\datasets\tt100k_aug_2160\test\images\24334.jpg,D:\vscode\workspace\recurrencePaper\YOLO-26-2\datasets\tt100k_aug_2160\test\labels\24334.txt,,137.4941864013672,71.49252123206733,1238.2357177734375,45.68238830566406
D:\vscode\workspace\recurrencePaper\YOLO-26-2\datasets\tt100k_aug_2160\test\images\24335.jpg,D:\vscode\workspace\recurrencePaper\YOLO-26-2\datasets\tt100k_aug_2160\test\labels\24335.txt,,182.55982208251953,57.11289244943311,2196.4638671875,23.858104705810547
D:\vscode\workspace\recurrencePaper\YOLO-26-2\datasets\tt100k_aug_2160\test\images\24346.jpg,D:\vscode\workspace\recurrencePaper\YOLO-26-2\datasets\tt100k_aug_2160\test\labels\24346.txt,,145.39141845703125,49.72825574213288,821.1987915039062,29.350013732910156
D:\vscode\workspace\recurrencePaper\YOLO-26-2\datasets\tt100k_aug_2160\test\images\24352.jpg,D:\vscode\workspace\recurrencePaper\YOLO-26-2\datasets\tt100k_aug_2160\test\labels\24352.txt,,151.3800811767578,34.910100424709924,1808.1248779296875,46.80302047729492
D:\vscode\workspace\recurrencePaper\YOLO-26-2\datasets\tt100k_aug_2160\test\images\24357.jpg,D:\vscode\workspace\recurrencePaper\YOLO-26-2\datasets\tt100k_aug_2160\test\labels\24357.txt,,147.71264266967773,62.649154136764395,3491.468505859375,47.25702667236328
D:\vscode\workspace\recurrencePaper\YOLO-26-2\datasets\tt100k_aug_2160\test\images\24414.jpg,D:\vscode\workspace\recurrencePaper\YOLO-26-2\datasets\tt100k_aug_2160\test\labels\24414.txt,,101.3082275390625,42.73367315531964,3087.8125,72.0738639831543
D:\vscode\workspace\recurrencePaper\YOLO-26-2\datasets\tt100k_aug_2160\test\images\2443.jpg,D:\vscode\workspace\recurrencePaper\YOLO-26-2\datasets\tt100k_aug_2160\test\labels\2443.txt,,174.30942916870117,52.12589377144182,1972.545654296875,33.24817657470703
D:\vscode\workspace\recurrencePaper\YOLO-26-2\datasets\tt100k_aug_2160\test\images\24448.jpg,D:\vscode\workspace\recurrencePaper\YOLO-26-2\datasets\tt100k_aug_2160\test\labels\24448.txt,,112.8273696899414,51.181983353798344,990.5298461914062,49.197975158691406
D:\vscode\workspace\recurrencePaper\YOLO-26-2\datasets\tt100k_aug_2160\test\images\245.jpg,D:\vscode\workspace\recurrencePaper\YOLO-26-2\datasets\tt100k_aug_2160\test\labels\245.txt,,155.12774658203125,39.791548410620855,1787.118896484375,39.538631439208984
D:\vscode\workspace\recurrencePaper\YOLO-26-2\datasets\tt100k_aug_2160\test\images\24535.jpg,D:\vscode\workspace\recurrencePaper\YOLO-26-2\datasets\tt100k_aug_2160\test\labels\24535.txt,,107.62105560302734,65.35913361438257,3399.821533203125,25.8558349609375
D:\vscode\workspace\recurrencePaper\YOLO-26-2\datasets\tt100k_aug_2160\test\images\24550.jpg,D:\vscode\workspace\recurrencePaper\YOLO-26-2\datasets\tt100k_aug_2160\test\labels\24550.txt,,149.1496238708496,39.808023308403776,2069.740966796875,41.01000213623047
D:\vscode\workspace\recurrencePaper\YOLO-26-2\datasets\tt100k_aug_2160\test\images\24575.jpg,D:\vscode\workspace\recurrencePaper\YOLO-26-2\datasets\tt100k_aug_2160\test\labels\24575.txt,,131.675048828125,46.36633151323989,2142.958984375,47.80118942260742
D:\vscode\workspace\recurrencePaper\YOLO-26-2\datasets\tt100k_aug_2160\test\images\24583.jpg,D:\vscode\workspace\recurrencePaper\YOLO-26-2\datasets\tt100k_aug_2160\test\labels\24583.txt,,135.37764739990234,51.77996429201608,1051.05859375,34.06380844116211
D:\vscode\workspace\recurrencePaper\YOLO-26-2\datasets\tt100k_aug_2160\test\images\24611.jpg,D:\vscode\workspace\recurrencePaper\YOLO-26-2\datasets\tt100k_aug_2160\test\labels\24611.txt,,122.5249252319336,51.24735990613112,10230.1044921875,55.35915756225586
D:\vscode\workspace\recurrencePaper\YOLO-26-2\datasets\tt100k_aug_2160\test\images\24658.jpg,D:\vscode\workspace\recurrencePaper\YOLO-26-2\datasets\tt100k_aug_2160\test\labels\24658.txt,,136.6134033203125,37.849377856872024,1807.6656494140625,51.81258773803711
D:\vscode\workspace\recurrencePaper\YOLO-26-2\datasets\tt100k_aug_2160\test\images\24804.jpg,D:\vscode\workspace\recurrencePaper\YOLO-26-2\datasets\tt100k_aug_2160\test\labels\24804.txt,,135.99167251586914,46.61914552729121,1960.6302490234375,42.05488586425781
D:\vscode\workspace\recurrencePaper\YOLO-26-2\datasets\tt100k_aug_2160\test\images\24812.jpg,D:\vscode\workspace\recurrencePaper\YOLO-26-2\datasets\tt100k_aug_2160\test\labels\24812.txt,,130.54860305786133,53.16131674392429,2477.61767578125,46.933902740478516
D:\vscode\workspace\recurrencePaper\YOLO-26-2\datasets\tt100k_aug_2160\test\images\24871.jpg,D:\vscode\workspace\recurrencePaper\YOLO-26-2\datasets\tt100k_aug_2160\test\labels\24871.txt,,124.34212112426758,50.19553159405348,2828.875732421875,60.20356369018555
D:\vscode\workspace\recurrencePaper\YOLO-26-2\datasets\tt100k_aug_2160\test\images\24893.jpg,D:\vscode\workspace\recurrencePaper\YOLO-26-2\datasets\tt100k_aug_2160\test\labels\24893.txt,,143.98395538330078,55.851898897254706,1464.0286865234375,29.22394561767578
D:\vscode\workspace\recurrencePaper\YOLO-26-2\datasets\tt100k_aug_2160\test\images\24945.jpg,D:\vscode\workspace\recurrencePaper\YOLO-26-2\datasets\tt100k_aug_2160\test\labels\24945.txt,,133.63851165771484,61.73712773514428,1437.6871337890625,34.449981689453125
D:\vscode\workspace\recurrencePaper\YOLO-26-2\datasets\tt100k_aug_2160\test\images\25044.jpg,D:\vscode\workspace\recurrencePaper\YOLO-26-2\datasets\tt100k_aug_2160\test\labels\25044.txt,,129.7076530456543,69.67720467252389,3405.19775390625,77.36629104614258
D:\vscode\workspace\recurrencePaper\YOLO-26-2\datasets\tt100k_aug_2160\test\images\25054.jpg,D:\vscode\workspace\recurrencePaper\YOLO-26-2\datasets\tt100k_aug_2160\test\labels\25054.txt,,151.06475067138672,42.08387532555044,1379.782470703125,46.850791931152344
D:\vscode\workspace\recurrencePaper\YOLO-26-2\datasets\tt100k_aug_2160\test\images\25122.jpg,D:\vscode\workspace\recurrencePaper\YOLO-26-2\datasets\tt100k_aug_2160\test\labels\25122.txt,,136.94657135009766,69.70085988104945,5154.306640625,47.795555114746094
D:\vscode\workspace\recurrencePaper\YOLO-26-2\datasets\tt100k_aug_2160\test\images\25125.jpg,D:\vscode\workspace\recurrencePaper\YOLO-26-2\datasets\tt100k_aug_2160\test\labels\25125.txt,,134.9651336669922,54.80173237288927,932.560546875,34.40083694458008
D:\vscode\workspace\recurrencePaper\YOLO-26-2\datasets\tt100k_aug_2160\test\images\25226.jpg,D:\vscode\workspace\recurrencePaper\YOLO-26-2\datasets\tt100k_aug_2160\test\labels\25226.txt,,131.34662246704102,62.49788915959201,2425.99951171875,44.16338348388672
D:\vscode\workspace\recurrencePaper\YOLO-26-2\datasets\tt100k_aug_2160\test\images\25229.jpg,D:\vscode\workspace\recurrencePaper\YOLO-26-2\datasets\tt100k_aug_2160\test\labels\25229.txt,,147.38075256347656,35.197761859242654,2486.79541015625,50.24422836303711
D:\vscode\workspace\recurrencePaper\YOLO-26-2\datasets\tt100k_aug_2160\test\images\25234.jpg,D:\vscode\workspace\recurrencePaper\YOLO-26-2\datasets\tt100k_aug_2160\test\labels\25234.txt,,141.27976989746094,53.10847304664734,2569.47119140625,54.3085823059082
D:\vscode\workspace\recurrencePaper\YOLO-26-2\datasets\tt100k_aug_2160\test\images\2525.jpg,D:\vscode\workspace\recurrencePaper\YOLO-26-2\datasets\tt100k_aug_2160\test\labels\2525.txt,,148.3686866760254,46.11688234601639,2526.482666015625,35.903446197509766
D:\vscode\workspace\recurrencePaper\YOLO-26-2\datasets\tt100k_aug_2160\test\images\25257.jpg,D:\vscode\workspace\recurrencePaper\YOLO-26-2\datasets\tt100k_aug_2160\test\labels\25257.txt,,147.56561660766602,51.52445830232005,2227.01904296875,39.94532012939453
D:\vscode\workspace\recurrencePaper\YOLO-26-2\datasets\tt100k_aug_2160\test\images\25271.jpg,D:\vscode\workspace\recurrencePaper\YOLO-26-2\datasets\tt100k_aug_2160\test\labels\25271.txt,,127.5777702331543,23.822918752628752,62.41925811767578,0.7994575500488281
D:\vscode\workspace\recurrencePaper\YOLO-26-2\datasets\tt100k_aug_2160\test\images\25287.jpg,D:\vscode\workspace\recurrencePaper\YOLO-26-2\datasets\tt100k_aug_2160\test\labels\25287.txt,,121.8475227355957,39.858006426720614,2585.8359375,74.21318054199219
D:\vscode\workspace\recurrencePaper\YOLO-26-2\datasets\tt100k_aug_2160\test\images\2532.jpg,D:\vscode\workspace\recurrencePaper\YOLO-26-2\datasets\tt100k_aug_2160\test\labels\2532.txt,,138.3641815185547,31.956819506697666,3054.37939453125,67.59064865112305
D:\vscode\workspace\recurrencePaper\YOLO-26-2\datasets\tt100k_aug_2160\test\images\25397.jpg,D:\vscode\workspace\recurrencePaper\YOLO-26-2\datasets\tt100k_aug_2160\test\labels\25397.txt,,139.414306640625,46.25106847340773,2874.074462890625,48.35093307495117
D:\vscode\workspace\recurrencePaper\YOLO-26-2\datasets\tt100k_aug_2160\test\images\25424.jpg,D:\vscode\workspace\recurrencePaper\YOLO-26-2\datasets\tt100k_aug_2160\test\labels\25424.txt,,146.4644889831543,47.131032762094115,2631.742919921875,57.276187896728516
D:\vscode\workspace\recurrencePaper\YOLO-26-2\datasets\tt100k_aug_2160\test\images\2543.jpg,D:\vscode\workspace\recurrencePaper\YOLO-26-2\datasets\tt100k_aug_2160\test\labels\2543.txt,,98.96358108520508,65.90399201675443,6043.16650390625,69.57659912109375
D:\vscode\workspace\recurrencePaper\YOLO-26-2\datasets\tt100k_aug_2160\test\images\25437.jpg,D:\vscode\workspace\recurrencePaper\YOLO-26-2\datasets\tt100k_aug_2160\test\labels\25437.txt,,141.27382278442383,45.58211760513786,1656.867919921875,46.13125228881836
D:\vscode\workspace\recurrencePaper\YOLO-26-2\datasets\tt100k_aug_2160\test\images\25556.jpg,D:\vscode\workspace\recurrencePaper\YOLO-26-2\datasets\tt100k_aug_2160\test\labels\25556.txt,,102.4719123840332,66.53121781078137,4261.62744140625,61.08952331542969
D:\vscode\workspace\recurrencePaper\YOLO-26-2\datasets\tt100k_aug_2160\test\images\25579.jpg,D:\vscode\workspace\recurrencePaper\YOLO-26-2\datasets\tt100k_aug_2160\test\labels\25579.txt,,147.34770584106445,45.59432160844667,1765.9591064453125,36.91511154174805
D:\vscode\workspace\recurrencePaper\YOLO-26-2\datasets\tt100k_aug_2160\test\images\25591.jpg,D:\vscode\workspace\recurrencePaper\YOLO-26-2\datasets\tt100k_aug_2160\test\labels\25591.txt,,141.5767936706543,69.12721522243892,1444.2332763671875,25.93926239013672
D:\vscode\workspace\recurrencePaper\YOLO-26-2\datasets\tt100k_aug_2160\test\images\25606.jpg,D:\vscode\workspace\recurrencePaper\YOLO-26-2\datasets\tt100k_aug_2160\test\labels\25606.txt,,125.22592544555664,45.55549777360908,4496.64013671875,54.55097961425781
D:\vscode\workspace\recurrencePaper\YOLO-26-2\datasets\tt100k_aug_2160\test\images\25614.jpg,D:\vscode\workspace\recurrencePaper\YOLO-26-2\datasets\tt100k_aug_2160\test\labels\25614.txt,,145.8341064453125,41.503315419558106,1868.72998046875,42.87438201904297
D:\vscode\workspace\recurrencePaper\YOLO-26-2\datasets\tt100k_aug_2160\test\images\25632.jpg,D:\vscode\workspace\recurrencePaper\YOLO-26-2\datasets\tt100k_aug_2160\test\labels\25632.txt,,146.56825637817383,38.0657238370713,1328.09912109375,35.96183395385742
D:\vscode\workspace\recurrencePaper\YOLO-26-2\datasets\tt100k_aug_2160\test\images\25722.jpg,D:\vscode\workspace\recurrencePaper\YOLO-26-2\datasets\tt100k_aug_2160\test\labels\25722.txt,,105.59035873413086,41.48910451466806,3001.10205078125,71.2381820678711
D:\vscode\workspace\recurrencePaper\YOLO-26-2\datasets\tt100k_aug_2160\test\images\25806.jpg,D:\vscode\workspace\recurrencePaper\YOLO-26-2\datasets\tt100k_aug_2160\test\labels\25806.txt,,164.49768447875977,56.51283417474381,1433.30517578125,28.402023315429688
D:\vscode\workspace\recurrencePaper\YOLO-26-2\datasets\tt100k_aug_2160\test\images\25815.jpg,D:\vscode\workspace\recurrencePaper\YOLO-26-2\datasets\tt100k_aug_2160\test\labels\25815.txt,,162.25022888183594,57.1511678710271,716.199951171875,38.4030647277832
D:\vscode\workspace\recurrencePaper\YOLO-26-2\datasets\tt100k_aug_2160\test\images\25828.jpg,D:\vscode\workspace\recurrencePaper\YOLO-26-2\datasets\tt100k_aug_2160\test\labels\25828.txt,,118.8358268737793,61.75500627003782,685.3578491210938,47.834110260009766
D:\vscode\workspace\recurrencePaper\YOLO-26-2\datasets\tt100k_aug_2160\test\images\25942.jpg,D:\vscode\workspace\recurrencePaper\YOLO-26-2\datasets\tt100k_aug_2160\test\labels\25942.txt,,147.10734176635742,55.614535687214214,2305.675537109375,33.84352111816406
D:\vscode\workspace\recurrencePaper\YOLO-26-2\datasets\tt100k_aug_2160\test\images\25946.jpg,D:\vscode\workspace\recurrencePaper\YOLO-26-2\datasets\tt100k_aug_2160\test\labels\25946.txt,,135.94778442382812,43.98263203874431,2314.76416015625,56.6875114440918
D:\vscode\workspace\recurrencePaper\YOLO-26-2\datasets\tt100k_aug_2160\test\images\25995.jpg,D:\vscode\workspace\recurrencePaper\YOLO-26-2\datasets\tt100k_aug_2160\test\labels\25995.txt,,143.7780532836914,45.2401428739209,1354.3355712890625,38.95635986328125
D:\vscode\workspace\recurrencePaper\YOLO-26-2\datasets\tt100k_aug_2160\test\images\25998.jpg,D:\vscode\workspace\recurrencePaper\YOLO-26-2\datasets\tt100k_aug_2160\test\labels\25998.txt,,139.14931106567383,47.10832412344535,1788.4923095703125,48.444313049316406
D:\vscode\workspace\recurrencePaper\YOLO-26-2\datasets\tt100k_aug_2160\test\images\26127.jpg,D:\vscode\workspace\recurrencePaper\YOLO-26-2\datasets\tt100k_aug_2160\test\labels\26127.txt,,116.40039825439453,53.24461199221248,2766.89990234375,44.37528610229492
D:\vscode\workspace\recurrencePaper\YOLO-26-2\datasets\tt100k_aug_2160\test\images\26137.jpg,D:\vscode\workspace\recurrencePaper\YOLO-26-2\datasets\tt100k_aug_2160\test\labels\26137.txt,,142.32062149047852,41.54242693491562,1694.34130859375,40.978004455566406
D:\vscode\workspace\recurrencePaper\YOLO-26-2\datasets\tt100k_aug_2160\test\images\26156.jpg,D:\vscode\workspace\recurrencePaper\YOLO-26-2\datasets\tt100k_aug_2160\test\labels\26156.txt,,118.92192840576172,58.323164025059924,4593.19091796875,54.804630279541016
D:\vscode\workspace\recurrencePaper\YOLO-26-2\datasets\tt100k_aug_2160\test\images\26166.jpg,D:\vscode\workspace\recurrencePaper\YOLO-26-2\datasets\tt100k_aug_2160\test\labels\26166.txt,,151.1188850402832,30.134832523331823,2110.9833984375,50.2260856628418
D:\vscode\workspace\recurrencePaper\YOLO-26-2\datasets\tt100k_aug_2160\test\images\26176.jpg,D:\vscode\workspace\recurrencePaper\YOLO-26-2\datasets\tt100k_aug_2160\test\labels\26176.txt,,138.52215194702148,48.36029520670567,3951.764892578125,67.28328704833984
D:\vscode\workspace\recurrencePaper\YOLO-26-2\datasets\tt100k_aug_2160\test\images\26248.jpg,D:\vscode\workspace\recurrencePaper\YOLO-26-2\datasets\tt100k_aug_2160\test\labels\26248.txt,,98.53115463256836,64.87970128777654,6850.86083984375,67.19293975830078
D:\vscode\workspace\recurrencePaper\YOLO-26-2\datasets\tt100k_aug_2160\test\images\26263.jpg,D:\vscode\workspace\recurrencePaper\YOLO-26-2\datasets\tt100k_aug_2160\test\labels\26263.txt,,116.83718490600586,58.65026720540522,3959.486572265625,33.47902297973633
D:\vscode\workspace\recurrencePaper\YOLO-26-2\datasets\tt100k_aug_2160\test\images\26329.jpg,D:\vscode\workspace\recurrencePaper\YOLO-26-2\datasets\tt100k_aug_2160\test\labels\26329.txt,,118.38994216918945,55.67856385675139,2218.63720703125,53.05351257324219
D:\vscode\workspace\recurrencePaper\YOLO-26-2\datasets\tt100k_aug_2160\test\images\26350.jpg,D:\vscode\workspace\recurrencePaper\YOLO-26-2\datasets\tt100k_aug_2160\test\labels\26350.txt,,144.67389678955078,56.421479300847295,2697.385986328125,26.741825103759766
D:\vscode\workspace\recurrencePaper\YOLO-26-2\datasets\tt100k_aug_2160\test\images\26356.jpg,D:\vscode\workspace\recurrencePaper\YOLO-26-2\datasets\tt100k_aug_2160\test\labels\26356.txt,,138.75370407104492,43.13525166621059,1333.7900390625,45.41693878173828
D:\vscode\workspace\recurrencePaper\YOLO-26-2\datasets\tt100k_aug_2160\test\images\26361.jpg,D:\vscode\workspace\recurrencePaper\YOLO-26-2\datasets\tt100k_aug_2160\test\labels\26361.txt,,140.23424530029297,30.155605229929204,1698.088134765625,67.4745864868164
D:\vscode\workspace\recurrencePaper\YOLO-26-2\datasets\tt100k_aug_2160\test\images\26387.jpg,D:\vscode\workspace\recurrencePaper\YOLO-26-2\datasets\tt100k_aug_2160\test\labels\26387.txt,,123.05811309814453,44.712195969196635,1821.9365234375,55.89735794067383
D:\vscode\workspace\recurrencePaper\YOLO-26-2\datasets\tt100k_aug_2160\test\images\26480.jpg,D:\vscode\workspace\recurrencePaper\YOLO-26-2\datasets\tt100k_aug_2160\test\labels\26480.txt,,148.72223663330078,44.96392770698285,1650.2628173828125,46.38343811035156
D:\vscode\workspace\recurrencePaper\YOLO-26-2\datasets\tt100k_aug_2160\test\images\26520.jpg,D:\vscode\workspace\recurrencePaper\YOLO-26-2\datasets\tt100k_aug_2160\test\labels\26520.txt,,145.45648574829102,43.0952901312625,2575.74609375,47.94103240966797
D:\vscode\workspace\recurrencePaper\YOLO-26-2\datasets\tt100k_aug_2160\test\images\26568.jpg,D:\vscode\workspace\recurrencePaper\YOLO-26-2\datasets\tt100k_aug_2160\test\labels\26568.txt,,137.8503761291504,37.33818227480653,2724.376708984375,46.08088302612305
D:\vscode\workspace\recurrencePaper\YOLO-26-2\datasets\tt100k_aug_2160\test\images\26575.jpg,D:\vscode\workspace\recurrencePaper\YOLO-26-2\datasets\tt100k_aug_2160\test\labels\26575.txt,,111.20563507080078,70.51957390423003,1993.757568359375,46.523555755615234
D:\vscode\workspace\recurrencePaper\YOLO-26-2\datasets\tt100k_aug_2160\test\images\26586.jpg,D:\vscode\workspace\recurrencePaper\YOLO-26-2\datasets\tt100k_aug_2160\test\labels\26586.txt,,150.6090965270996,52.8995406806353,1474.817626953125,38.27360916137695
D:\vscode\workspace\recurrencePaper\YOLO-26-2\datasets\tt100k_aug_2160\test\images\26628.jpg,D:\vscode\workspace\recurrencePaper\YOLO-26-2\datasets\tt100k_aug_2160\test\labels\26628.txt,,136.59262084960938,71.97821788758222,1104.94775390625,19.211315155029297
D:\vscode\workspace\recurrencePaper\YOLO-26-2\datasets\tt100k_aug_2160\test\images\26632.jpg,D:\vscode\workspace\recurrencePaper\YOLO-26-2\datasets\tt100k_aug_2160\test\labels\26632.txt,,147.57495880126953,47.453222393260965,1122.778076171875,30.367130279541016
D:\vscode\workspace\recurrencePaper\YOLO-26-2\datasets\tt100k_aug_2160\test\images\26687.jpg,D:\vscode\workspace\recurrencePaper\YOLO-26-2\datasets\tt100k_aug_2160\test\labels\26687.txt,,126.53352737426758,60.7292914028247,2030.4482421875,38.720855712890625
D:\vscode\workspace\recurrencePaper\YOLO-26-2\datasets\tt100k_aug_2160\test\images\2671.jpg,D:\vscode\workspace\recurrencePaper\YOLO-26-2\datasets\tt100k_aug_2160\test\labels\2671.txt,,121.48591995239258,58.87148221047285,3178.417724609375,57.30903244018555
D:\vscode\workspace\recurrencePaper\YOLO-26-2\datasets\tt100k_aug_2160\test\images\26715.jpg,D:\vscode\workspace\recurrencePaper\YOLO-26-2\datasets\tt100k_aug_2160\test\labels\26715.txt,,117.83568954467773,57.32492691666753,3148.0673828125,45.76939392089844
D:\vscode\workspace\recurrencePaper\YOLO-26-2\datasets\tt100k_aug_2160\test\images\26757.jpg,D:\vscode\workspace\recurrencePaper\YOLO-26-2\datasets\tt100k_aug_2160\test\labels\26757.txt,,135.68976211547852,32.56816279009527,1940.921875,75.58073043823242
D:\vscode\workspace\recurrencePaper\YOLO-26-2\datasets\tt100k_aug_2160\test\images\2676.jpg,D:\vscode\workspace\recurrencePaper\YOLO-26-2\datasets\tt100k_aug_2160\test\labels\2676.txt,,124.75187683105469,55.08878238940246,702.9508056640625,27.03600311279297
D:\vscode\workspace\recurrencePaper\YOLO-26-2\datasets\tt100k_aug_2160\test\images\26766.jpg,D:\vscode\workspace\recurrencePaper\YOLO-26-2\datasets\tt100k_aug_2160\test\labels\26766.txt,,146.53349685668945,55.53623906035493,1529.000244140625,20.738544464111328
D:\vscode\workspace\recurrencePaper\YOLO-26-2\datasets\tt100k_aug_2160\test\images\26835.jpg,D:\vscode\workspace\recurrencePaper\YOLO-26-2\datasets\tt100k_aug_2160\test\labels\26835.txt,,136.74188613891602,46.19220781883369,2651.525390625,37.503395080566406
D:\vscode\workspace\recurrencePaper\YOLO-26-2\datasets\tt100k_aug_2160\test\images\26900.jpg,D:\vscode\workspace\recurrencePaper\YOLO-26-2\datasets\tt100k_aug_2160\test\labels\26900.txt,,123.78810119628906,55.535141737403265,2663.236328125,66.76531219482422
D:\vscode\workspace\recurrencePaper\YOLO-26-2\datasets\tt100k_aug_2160\test\images\26925.jpg,D:\vscode\workspace\recurrencePaper\YOLO-26-2\datasets\tt100k_aug_2160\test\labels\26925.txt,,111.7983627319336,68.37929162589573,3886.269287109375,38.14509963989258
D:\vscode\workspace\recurrencePaper\YOLO-26-2\datasets\tt100k_aug_2160\test\images\26992.jpg,D:\vscode\workspace\recurrencePaper\YOLO-26-2\datasets\tt100k_aug_2160\test\labels\26992.txt,,128.5617790222168,49.751132951755714,2236.677490234375,45.258888244628906
D:\vscode\workspace\recurrencePaper\YOLO-26-2\datasets\tt100k_aug_2160\test\images\2700.jpg,D:\vscode\workspace\recurrencePaper\YOLO-26-2\datasets\tt100k_aug_2160\test\labels\2700.txt,,132.3023681640625,54.77746990594385,2289.28369140625,24.302188873291016
D:\vscode\workspace\recurrencePaper\YOLO-26-2\datasets\tt100k_aug_2160\test\images\27009.jpg,D:\vscode\workspace\recurrencePaper\YOLO-26-2\datasets\tt100k_aug_2160\test\labels\27009.txt,,128.42302703857422,69.49832010886117,1805.0987548828125,18.83917236328125
D:\vscode\workspace\recurrencePaper\YOLO-26-2\datasets\tt100k_aug_2160\test\images\27092.jpg,D:\vscode\workspace\recurrencePaper\YOLO-26-2\datasets\tt100k_aug_2160\test\labels\27092.txt,,128.8120002746582,47.915292295724,1874.7606201171875,47.763607025146484
D:\vscode\workspace\recurrencePaper\YOLO-26-2\datasets\tt100k_aug_2160\test\images\27097.jpg,D:\vscode\workspace\recurrencePaper\YOLO-26-2\datasets\tt100k_aug_2160\test\labels\27097.txt,,124.06602478027344,58.15277044081612,2163.181640625,54.65351486206055
D:\vscode\workspace\recurrencePaper\YOLO-26-2\datasets\tt100k_aug_2160\test\images\2717.jpg,D:\vscode\workspace\recurrencePaper\YOLO-26-2\datasets\tt100k_aug_2160\test\labels\2717.txt,,129.9339828491211,66.96652340467683,5048.85498046875,79.68037033081055
D:\vscode\workspace\recurrencePaper\YOLO-26-2\datasets\tt100k_aug_2160\test\images\27174.jpg,D:\vscode\workspace\recurrencePaper\YOLO-26-2\datasets\tt100k_aug_2160\test\labels\27174.txt,,129.73064422607422,45.23975525220658,3308.348876953125,56.66334915161133
D:\vscode\workspace\recurrencePaper\YOLO-26-2\datasets\tt100k_aug_2160\test\images\27228.jpg,D:\vscode\workspace\recurrencePaper\YOLO-26-2\datasets\tt100k_aug_2160\test\labels\27228.txt,,150.55159378051758,40.10861927893035,3899.20947265625,46.09355163574219
D:\vscode\workspace\recurrencePaper\YOLO-26-2\datasets\tt100k_aug_2160\test\images\2725.jpg,D:\vscode\workspace\recurrencePaper\YOLO-26-2\datasets\tt100k_aug_2160\test\labels\2725.txt,,127.61389541625977,73.2412290933272,1878.4058837890625,51.20467758178711
D:\vscode\workspace\recurrencePaper\YOLO-26-2\datasets\tt100k_aug_2160\test\images\27263.jpg,D:\vscode\workspace\recurrencePaper\YOLO-26-2\datasets\tt100k_aug_2160\test\labels\27263.txt,,162.56610107421875,55.30692912697812,3409.75927734375,40.674888610839844
D:\vscode\workspace\recurrencePaper\YOLO-26-2\datasets\tt100k_aug_2160\test\images\27337.jpg,D:\vscode\workspace\recurrencePaper\YOLO-26-2\datasets\tt100k_aug_2160\test\labels\27337.txt,,167.2541046142578,62.22454447055565,1580.879150390625,29.083751678466797
D:\vscode\workspace\recurrencePaper\YOLO-26-2\datasets\tt100k_aug_2160\test\images\27354.jpg,D:\vscode\workspace\recurrencePaper\YOLO-26-2\datasets\tt100k_aug_2160\test\labels\27354.txt,,138.5778350830078,50.29898454058116,1582.3116455078125,44.37349319458008
D:\vscode\workspace\recurrencePaper\YOLO-26-2\datasets\tt100k_aug_2160\test\images\27371.jpg,D:\vscode\workspace\recurrencePaper\YOLO-26-2\datasets\tt100k_aug_2160\test\labels\27371.txt,,139.50741577148438,46.334760768563015,1143.31640625,36.260040283203125
D:\vscode\workspace\recurrencePaper\YOLO-26-2\datasets\tt100k_aug_2160\test\images\27438.jpg,D:\vscode\workspace\recurrencePaper\YOLO-26-2\datasets\tt100k_aug_2160\test\labels\27438.txt,,132.08028411865234,55.646324419530636,1722.524658203125,63.85619354248047
D:\vscode\workspace\recurrencePaper\YOLO-26-2\datasets\tt100k_aug_2160\test\images\2747.jpg,D:\vscode\workspace\recurrencePaper\YOLO-26-2\datasets\tt100k_aug_2160\test\labels\2747.txt,,123.56338882446289,60.06984036808461,2100.90283203125,63.51890563964844
D:\vscode\workspace\recurrencePaper\YOLO-26-2\datasets\tt100k_aug_2160\test\images\27520.jpg,D:\vscode\workspace\recurrencePaper\YOLO-26-2\datasets\tt100k_aug_2160\test\labels\27520.txt,,134.74994659423828,49.12928264088971,1855.744140625,47.57574462890625
D:\vscode\workspace\recurrencePaper\YOLO-26-2\datasets\tt100k_aug_2160\test\images\2753.jpg,D:\vscode\workspace\recurrencePaper\YOLO-26-2\datasets\tt100k_aug_2160\test\labels\2753.txt,,148.62499237060547,44.430439899231516,3306.8603515625,40.50383377075195
D:\vscode\workspace\recurrencePaper\YOLO-26-2\datasets\tt100k_aug_2160\test\images\27548.jpg,D:\vscode\workspace\recurrencePaper\YOLO-26-2\datasets\tt100k_aug_2160\test\labels\27548.txt,,122.69311904907227,47.7423000557724,3009.209716796875,45.55845260620117
D:\vscode\workspace\recurrencePaper\YOLO-26-2\datasets\tt100k_aug_2160\test\images\27563.jpg,D:\vscode\workspace\recurrencePaper\YOLO-26-2\datasets\tt100k_aug_2160\test\labels\27563.txt,,147.98714447021484,43.59530261383331,2030.866455078125,41.847557067871094
D:\vscode\workspace\recurrencePaper\YOLO-26-2\datasets\tt100k_aug_2160\test\images\27642.jpg,D:\vscode\workspace\recurrencePaper\YOLO-26-2\datasets\tt100k_aug_2160\test\labels\27642.txt,,142.5032501220703,48.237953272512314,1563.106201171875,38.69149398803711
D:\vscode\workspace\recurrencePaper\YOLO-26-2\datasets\tt100k_aug_2160\test\images\27674.jpg,D:\vscode\workspace\recurrencePaper\YOLO-26-2\datasets\tt100k_aug_2160\test\labels\27674.txt,,136.80499649047852,65.64946636949374,3563.4287109375,64.8835220336914
D:\vscode\workspace\recurrencePaper\YOLO-26-2\datasets\tt100k_aug_2160\test\images\27752.jpg,D:\vscode\workspace\recurrencePaper\YOLO-26-2\datasets\tt100k_aug_2160\test\labels\27752.txt,,122.93930053710938,55.88820067777306,2669.392822265625,47.51226043701172
D:\vscode\workspace\recurrencePaper\YOLO-26-2\datasets\tt100k_aug_2160\test\images\27822.jpg,D:\vscode\workspace\recurrencePaper\YOLO-26-2\datasets\tt100k_aug_2160\test\labels\27822.txt,,149.72311782836914,63.95427590604936,1909.964111328125,30.694175720214844
D:\vscode\workspace\recurrencePaper\YOLO-26-2\datasets\tt100k_aug_2160\test\images\27865.jpg,D:\vscode\workspace\recurrencePaper\YOLO-26-2\datasets\tt100k_aug_2160\test\labels\27865.txt,,140.98985290527344,28.053754502122793,1720.0447998046875,45.7260627746582
D:\vscode\workspace\recurrencePaper\YOLO-26-2\datasets\tt100k_aug_2160\test\images\27930.jpg,D:\vscode\workspace\recurrencePaper\YOLO-26-2\datasets\tt100k_aug_2160\test\labels\27930.txt,,122.6502571105957,58.80159839360662,4362.3125,43.523990631103516
D:\vscode\workspace\recurrencePaper\YOLO-26-2\datasets\tt100k_aug_2160\test\images\27956.jpg,D:\vscode\workspace\recurrencePaper\YOLO-26-2\datasets\tt100k_aug_2160\test\labels\27956.txt,,132.32722091674805,53.840290556380914,2695.908935546875,31.18663787841797
D:\vscode\workspace\recurrencePaper\YOLO-26-2\datasets\tt100k_aug_2160\test\images\28053.jpg,D:\vscode\workspace\recurrencePaper\YOLO-26-2\datasets\tt100k_aug_2160\test\labels\28053.txt,,153.16406631469727,61.876895534013684,2370.64990234375,36.28480529785156
D:\vscode\workspace\recurrencePaper\YOLO-26-2\datasets\tt100k_aug_2160\test\images\28116.jpg,D:\vscode\workspace\recurrencePaper\YOLO-26-2\datasets\tt100k_aug_2160\test\labels\28116.txt,,141.19312286376953,47.84754060592929,3055.9853515625,36.81570053100586
D:\vscode\workspace\recurrencePaper\YOLO-26-2\datasets\tt100k_aug_2160\test\images\2812.jpg,D:\vscode\workspace\recurrencePaper\YOLO-26-2\datasets\tt100k_aug_2160\test\labels\2812.txt,,132.32538986206055,47.57597617603304,1531.650146484375,44.203590393066406
D:\vscode\workspace\recurrencePaper\YOLO-26-2\datasets\tt100k_aug_2160\test\images\28120.jpg,D:\vscode\workspace\recurrencePaper\YOLO-26-2\datasets\tt100k_aug_2160\test\labels\28120.txt,,146.07169723510742,73.39966761153798,1320.224853515625,24.63637924194336
D:\vscode\workspace\recurrencePaper\YOLO-26-2\datasets\tt100k_aug_2160\test\images\28154.jpg,D:\vscode\workspace\recurrencePaper\YOLO-26-2\datasets\tt100k_aug_2160\test\labels\28154.txt,,123.59170532226562,50.03919664962581,2346.37109375,37.68465042114258
D:\vscode\workspace\recurrencePaper\YOLO-26-2\datasets\tt100k_aug_2160\test\images\28172.jpg,D:\vscode\workspace\recurrencePaper\YOLO-26-2\datasets\tt100k_aug_2160\test\labels\28172.txt,,143.78194427490234,40.983763364003444,3149.54296875,64.54790496826172
D:\vscode\workspace\recurrencePaper\YOLO-26-2\datasets\tt100k_aug_2160\test\images\28184.jpg,D:\vscode\workspace\recurrencePaper\YOLO-26-2\datasets\tt100k_aug_2160\test\labels\28184.txt,,129.81886291503906,44.51522433363812,1835.3515625,44.65467071533203
D:\vscode\workspace\recurrencePaper\YOLO-26-2\datasets\tt100k_aug_2160\test\images\28229.jpg,D:\vscode\workspace\recurrencePaper\YOLO-26-2\datasets\tt100k_aug_2160\test\labels\28229.txt,,134.0210304260254,60.63941192976104,1320.712646484375,43.56047058105469
D:\vscode\workspace\recurrencePaper\YOLO-26-2\datasets\tt100k_aug_2160\test\images\28256.jpg,D:\vscode\workspace\recurrencePaper\YOLO-26-2\datasets\tt100k_aug_2160\test\labels\28256.txt,,140.11383056640625,57.04878627598993,1632.633056640625,34.38506317138672
D:\vscode\workspace\recurrencePaper\YOLO-26-2\datasets\tt100k_aug_2160\test\images\28315.jpg,D:\vscode\workspace\recurrencePaper\YOLO-26-2\datasets\tt100k_aug_2160\test\labels\28315.txt,,133.55914306640625,37.48364109764487,2021.46923828125,49.663597106933594
D:\vscode\workspace\recurrencePaper\YOLO-26-2\datasets\tt100k_aug_2160\test\images\28320.jpg,D:\vscode\workspace\recurrencePaper\YOLO-26-2\datasets\tt100k_aug_2160\test\labels\28320.txt,,106.29756927490234,60.132172910049206,2474.13330078125,70.54799270629883
D:\vscode\workspace\recurrencePaper\YOLO-26-2\datasets\tt100k_aug_2160\test\images\28322.jpg,D:\vscode\workspace\recurrencePaper\YOLO-26-2\datasets\tt100k_aug_2160\test\labels\28322.txt,,117.7746810913086,60.825861007088456,758.5980834960938,23.795852661132812
D:\vscode\workspace\recurrencePaper\YOLO-26-2\datasets\tt100k_aug_2160\test\images\28327.jpg,D:\vscode\workspace\recurrencePaper\YOLO-26-2\datasets\tt100k_aug_2160\test\labels\28327.txt,,142.38916397094727,54.14968455986847,2520.601318359375,68.36112594604492
D:\vscode\workspace\recurrencePaper\YOLO-26-2\datasets\tt100k_aug_2160\test\images\28402.jpg,D:\vscode\workspace\recurrencePaper\YOLO-26-2\datasets\tt100k_aug_2160\test\labels\28402.txt,,141.62765502929688,37.52902065911739,1760.754638671875,50.687625885009766
D:\vscode\workspace\recurrencePaper\YOLO-26-2\datasets\tt100k_aug_2160\test\images\28421.jpg,D:\vscode\workspace\recurrencePaper\YOLO-26-2\datasets\tt100k_aug_2160\test\labels\28421.txt,,120.18273544311523,78.40658666384887,2052.024169921875,25.495758056640625
D:\vscode\workspace\recurrencePaper\YOLO-26-2\datasets\tt100k_aug_2160\test\images\28493.jpg,D:\vscode\workspace\recurrencePaper\YOLO-26-2\datasets\tt100k_aug_2160\test\labels\28493.txt,,145.8054084777832,41.55439671009577,2484.195068359375,62.231544494628906
D:\vscode\workspace\recurrencePaper\YOLO-26-2\datasets\tt100k_aug_2160\test\images\28494.jpg,D:\vscode\workspace\recurrencePaper\YOLO-26-2\datasets\tt100k_aug_2160\test\labels\28494.txt,,139.20243072509766,36.26601207869517,3148.411376953125,62.15144348144531
D:\vscode\workspace\recurrencePaper\YOLO-26-2\datasets\tt100k_aug_2160\test\images\28510.jpg,D:\vscode\workspace\recurrencePaper\YOLO-26-2\datasets\tt100k_aug_2160\test\labels\28510.txt,,135.43548583984375,64.2405726700302,1511.66259765625,29.408740997314453
D:\vscode\workspace\recurrencePaper\YOLO-26-2\datasets\tt100k_aug_2160\test\images\28530.jpg,D:\vscode\workspace\recurrencePaper\YOLO-26-2\datasets\tt100k_aug_2160\test\labels\28530.txt,,119.85302352905273,65.9666508355489,2537.996337890625,74.52325057983398
D:\vscode\workspace\recurrencePaper\YOLO-26-2\datasets\tt100k_aug_2160\test\images\28592.jpg,D:\vscode\workspace\recurrencePaper\YOLO-26-2\datasets\tt100k_aug_2160\test\labels\28592.txt,,111.91178131103516,57.114168032618075,4451.0458984375,53.22915267944336
D:\vscode\workspace\recurrencePaper\YOLO-26-2\datasets\tt100k_aug_2160\test\images\28614.jpg,D:\vscode\workspace\recurrencePaper\YOLO-26-2\datasets\tt100k_aug_2160\test\labels\28614.txt,,126.84272003173828,64.19804559706452,3283.16552734375,62.85901641845703
D:\vscode\workspace\recurrencePaper\YOLO-26-2\datasets\tt100k_aug_2160\test\images\28615.jpg,D:\vscode\workspace\recurrencePaper\YOLO-26-2\datasets\tt100k_aug_2160\test\labels\28615.txt,,118.86737442016602,58.68680325929063,5281.49267578125,60.030033111572266
D:\vscode\workspace\recurrencePaper\YOLO-26-2\datasets\tt100k_aug_2160\test\images\28651.jpg,D:\vscode\workspace\recurrencePaper\YOLO-26-2\datasets\tt100k_aug_2160\test\labels\28651.txt,,164.7537498474121,42.099497008497075,1840.53173828125,44.387351989746094
D:\vscode\workspace\recurrencePaper\YOLO-26-2\datasets\tt100k_aug_2160\test\images\28689.jpg,D:\vscode\workspace\recurrencePaper\YOLO-26-2\datasets\tt100k_aug_2160\test\labels\28689.txt,,139.4995880126953,54.153491829433314,1455.484130859375,37.92973327636719
D:\vscode\workspace\recurrencePaper\YOLO-26-2\datasets\tt100k_aug_2160\test\images\28764.jpg,D:\vscode\workspace\recurrencePaper\YOLO-26-2\datasets\tt100k_aug_2160\test\labels\28764.txt,,152.8471794128418,40.66723216393292,3161.76611328125,18.765762329101562
D:\vscode\workspace\recurrencePaper\YOLO-26-2\datasets\tt100k_aug_2160\test\images\28921.jpg,D:\vscode\workspace\recurrencePaper\YOLO-26-2\datasets\tt100k_aug_2160\test\labels\28921.txt,,138.98173141479492,40.636723420740815,2760.629150390625,48.3278923034668
D:\vscode\workspace\recurrencePaper\YOLO-26-2\datasets\tt100k_aug_2160\test\images\28960.jpg,D:\vscode\workspace\recurrencePaper\YOLO-26-2\datasets\tt100k_aug_2160\test\labels\28960.txt,,143.53676986694336,34.72059427715514,2211.16064453125,43.89556884765625
D:\vscode\workspace\recurrencePaper\YOLO-26-2\datasets\tt100k_aug_2160\test\images\28988.jpg,D:\vscode\workspace\recurrencePaper\YOLO-26-2\datasets\tt100k_aug_2160\test\labels\28988.txt,,150.48196411132812,45.675804748558065,2122.229248046875,51.32060623168945
D:\vscode\workspace\recurrencePaper\YOLO-26-2\datasets\tt100k_aug_2160\test\images\29157.jpg,D:\vscode\workspace\recurrencePaper\YOLO-26-2\datasets\tt100k_aug_2160\test\labels\29157.txt,,148.26384353637695,71.93097117612824,2269.724853515625,30.391300201416016
D:\vscode\workspace\recurrencePaper\YOLO-26-2\datasets\tt100k_aug_2160\test\images\29196.jpg,D:\vscode\workspace\recurrencePaper\YOLO-26-2\datasets\tt100k_aug_2160\test\labels\29196.txt,,151.2195053100586,62.907929830786244,1624.1431884765625,30.008113861083984
D:\vscode\workspace\recurrencePaper\YOLO-26-2\datasets\tt100k_aug_2160\test\images\29218.jpg,D:\vscode\workspace\recurrencePaper\YOLO-26-2\datasets\tt100k_aug_2160\test\labels\29218.txt,,110.97647857666016,58.20696666245299,6219.771484375,76.82011032104492
D:\vscode\workspace\recurrencePaper\YOLO-26-2\datasets\tt100k_aug_2160\test\images\29237.jpg,D:\vscode\workspace\recurrencePaper\YOLO-26-2\datasets\tt100k_aug_2160\test\labels\29237.txt,,157.36607360839844,38.2076646531237,1236.63916015625,32.84724807739258
D:\vscode\workspace\recurrencePaper\YOLO-26-2\datasets\tt100k_aug_2160\test\images\2929.jpg,D:\vscode\workspace\recurrencePaper\YOLO-26-2\datasets\tt100k_aug_2160\test\labels\2929.txt,,140.65708541870117,74.78286055019007,2633.2177734375,35.412879943847656
D:\vscode\workspace\recurrencePaper\YOLO-26-2\datasets\tt100k_aug_2160\test\images\29294.jpg,D:\vscode\workspace\recurrencePaper\YOLO-26-2\datasets\tt100k_aug_2160\test\labels\29294.txt,,134.4752540588379,57.06639373206634,1291.5445556640625,36.2166633605957
D:\vscode\workspace\recurrencePaper\YOLO-26-2\datasets\tt100k_aug_2160\test\images\29305.jpg,D:\vscode\workspace\recurrencePaper\YOLO-26-2\datasets\tt100k_aug_2160\test\labels\29305.txt,,62.161563873291016,51.69969460658273,3245.814697265625,113.24041366577148
D:\vscode\workspace\recurrencePaper\YOLO-26-2\datasets\tt100k_aug_2160\test\images\29313.jpg,D:\vscode\workspace\recurrencePaper\YOLO-26-2\datasets\tt100k_aug_2160\test\labels\29313.txt,,146.30644607543945,44.95106674080271,1896.72607421875,32.305267333984375
D:\vscode\workspace\recurrencePaper\YOLO-26-2\datasets\tt100k_aug_2160\test\images\29318.jpg,D:\vscode\workspace\recurrencePaper\YOLO-26-2\datasets\tt100k_aug_2160\test\labels\29318.txt,,191.50011825561523,48.66840956875246,1314.265380859375,31.958805084228516
D:\vscode\workspace\recurrencePaper\YOLO-26-2\datasets\tt100k_aug_2160\test\images\2942.jpg,D:\vscode\workspace\recurrencePaper\YOLO-26-2\datasets\tt100k_aug_2160\test\labels\2942.txt,,137.17472076416016,56.43796778013576,835.4814453125,27.50539779663086
D:\vscode\workspace\recurrencePaper\YOLO-26-2\datasets\tt100k_aug_2160\test\images\29456.jpg,D:\vscode\workspace\recurrencePaper\YOLO-26-2\datasets\tt100k_aug_2160\test\labels\29456.txt,,124.42846298217773,64.23895858905976,1889.232177734375,46.23643112182617
D:\vscode\workspace\recurrencePaper\YOLO-26-2\datasets\tt100k_aug_2160\test\images\29465.jpg,D:\vscode\workspace\recurrencePaper\YOLO-26-2\datasets\tt100k_aug_2160\test\labels\29465.txt,,150.61299514770508,51.681254809986754,775.1422119140625,31.958816528320312
D:\vscode\workspace\recurrencePaper\YOLO-26-2\datasets\tt100k_aug_2160\test\images\29507.jpg,D:\vscode\workspace\recurrencePaper\YOLO-26-2\datasets\tt100k_aug_2160\test\labels\29507.txt,,146.91987991333008,44.506299558265916,1852.1728515625,41.32717514038086
D:\vscode\workspace\recurrencePaper\YOLO-26-2\datasets\tt100k_aug_2160\test\images\29508.jpg,D:\vscode\workspace\recurrencePaper\YOLO-26-2\datasets\tt100k_aug_2160\test\labels\29508.txt,,117.18561935424805,72.94540498282198,1828.553466796875,34.25576400756836
D:\vscode\workspace\recurrencePaper\YOLO-26-2\datasets\tt100k_aug_2160\test\images\29581.jpg,D:\vscode\workspace\recurrencePaper\YOLO-26-2\datasets\tt100k_aug_2160\test\labels\29581.txt,,131.57739639282227,53.71740251235492,1941.744384765625,43.066314697265625
D:\vscode\workspace\recurrencePaper\YOLO-26-2\datasets\tt100k_aug_2160\test\images\2964.jpg,D:\vscode\workspace\recurrencePaper\YOLO-26-2\datasets\tt100k_aug_2160\test\labels\2964.txt,,159.6306495666504,59.28388463265956,2040.8580322265625,25.961956024169922
D:\vscode\workspace\recurrencePaper\YOLO-26-2\datasets\tt100k_aug_2160\test\images\29777.jpg,D:\vscode\workspace\recurrencePaper\YOLO-26-2\datasets\tt100k_aug_2160\test\labels\29777.txt,,131.36852264404297,51.01565762067092,2479.439697265625,44.08980178833008
D:\vscode\workspace\recurrencePaper\YOLO-26-2\datasets\tt100k_aug_2160\test\images\29816.jpg,D:\vscode\workspace\recurrencePaper\YOLO-26-2\datasets\tt100k_aug_2160\test\labels\29816.txt,,143.75568008422852,50.61064833835572,2106.002197265625,45.29393005371094
D:\vscode\workspace\recurrencePaper\YOLO-26-2\datasets\tt100k_aug_2160\test\images\29875.jpg,D:\vscode\workspace\recurrencePaper\YOLO-26-2\datasets\tt100k_aug_2160\test\labels\29875.txt,,145.4475975036621,70.45307145437194,3820.511474609375,41.2053108215332
D:\vscode\workspace\recurrencePaper\YOLO-26-2\datasets\tt100k_aug_2160\test\images\29903.jpg,D:\vscode\workspace\recurrencePaper\YOLO-26-2\datasets\tt100k_aug_2160\test\labels\29903.txt,,112.53312683105469,54.21778223504351,2432.45703125,48.69671630859375
D:\vscode\workspace\recurrencePaper\YOLO-26-2\datasets\tt100k_aug_2160\test\images\29926.jpg,D:\vscode\workspace\recurrencePaper\YOLO-26-2\datasets\tt100k_aug_2160\test\labels\29926.txt,,127.70885848999023,66.77977705117172,3424.19091796875,49.62939453125
D:\vscode\workspace\recurrencePaper\YOLO-26-2\datasets\tt100k_aug_2160\test\images\29980.jpg,D:\vscode\workspace\recurrencePaper\YOLO-26-2\datasets\tt100k_aug_2160\test\labels\29980.txt,,148.4377670288086,42.44880701962457,2294.0419921875,43.948951721191406
D:\vscode\workspace\recurrencePaper\YOLO-26-2\datasets\tt100k_aug_2160\test\images\29998.jpg,D:\vscode\workspace\recurrencePaper\YOLO-26-2\datasets\tt100k_aug_2160\test\labels\29998.txt,,157.38604736328125,46.90794675506568,1440.2530517578125,41.632877349853516
D:\vscode\workspace\recurrencePaper\YOLO-26-2\datasets\tt100k_aug_2160\test\images\3008.jpg,D:\vscode\workspace\recurrencePaper\YOLO-26-2\datasets\tt100k_aug_2160\test\labels\3008.txt,,145.96724700927734,39.69429194845226,1192.1220703125,33.15739822387695
D:\vscode\workspace\recurrencePaper\YOLO-26-2\datasets\tt100k_aug_2160\test\images\3013.jpg,D:\vscode\workspace\recurrencePaper\YOLO-26-2\datasets\tt100k_aug_2160\test\labels\3013.txt,,143.86352920532227,45.42967527228213,2003.7872314453125,43.2061767578125
D:\vscode\workspace\recurrencePaper\YOLO-26-2\datasets\tt100k_aug_2160\test\images\30162.jpg,D:\vscode\workspace\recurrencePaper\YOLO-26-2\datasets\tt100k_aug_2160\test\labels\30162.txt,,117.74493026733398,63.632256407342865,2027.7249755859375,38.03402328491211
D:\vscode\workspace\recurrencePaper\YOLO-26-2\datasets\tt100k_aug_2160\test\images\30207.jpg,D:\vscode\workspace\recurrencePaper\YOLO-26-2\datasets\tt100k_aug_2160\test\labels\30207.txt,,114.1826400756836,71.53374254698642,2104.3671875,58.378204345703125
D:\vscode\workspace\recurrencePaper\YOLO-26-2\datasets\tt100k_aug_2160\test\images\30274.jpg,D:\vscode\workspace\recurrencePaper\YOLO-26-2\datasets\tt100k_aug_2160\test\labels\30274.txt,,121.86153030395508,54.11255136765459,2348.583251953125,52.26067352294922
D:\vscode\workspace\recurrencePaper\YOLO-26-2\datasets\tt100k_aug_2160\test\images\3028.jpg,D:\vscode\workspace\recurrencePaper\YOLO-26-2\datasets\tt100k_aug_2160\test\labels\3028.txt,,93.1835708618164,68.40356290034423,4764.15771484375,25.63088607788086
D:\vscode\workspace\recurrencePaper\YOLO-26-2\datasets\tt100k_aug_2160\test\images\30290.jpg,D:\vscode\workspace\recurrencePaper\YOLO-26-2\datasets\tt100k_aug_2160\test\labels\30290.txt,,113.44084548950195,51.74115838675118,2153.994384765625,76.8465461730957
D:\vscode\workspace\recurrencePaper\YOLO-26-2\datasets\tt100k_aug_2160\test\images\30439.jpg,D:\vscode\workspace\recurrencePaper\YOLO-26-2\datasets\tt100k_aug_2160\test\labels\30439.txt,,120.46210098266602,72.480451736423,2299.55908203125,45.516292572021484
D:\vscode\workspace\recurrencePaper\YOLO-26-2\datasets\tt100k_aug_2160\test\images\30464.jpg,D:\vscode\workspace\recurrencePaper\YOLO-26-2\datasets\tt100k_aug_2160\test\labels\30464.txt,,132.0281524658203,60.66113262336606,1374.3568115234375,30.670516967773438
D:\vscode\workspace\recurrencePaper\YOLO-26-2\datasets\tt100k_aug_2160\test\images\30510.jpg,D:\vscode\workspace\recurrencePaper\YOLO-26-2\datasets\tt100k_aug_2160\test\labels\30510.txt,,129.11331939697266,51.356097667180556,3429.072021484375,46.28126907348633
D:\vscode\workspace\recurrencePaper\YOLO-26-2\datasets\tt100k_aug_2160\test\images\30543.jpg,D:\vscode\workspace\recurrencePaper\YOLO-26-2\datasets\tt100k_aug_2160\test\labels\30543.txt,,144.1618309020996,35.72129190086757,2320.41064453125,36.54456329345703
D:\vscode\workspace\recurrencePaper\YOLO-26-2\datasets\tt100k_aug_2160\test\images\30645.jpg,D:\vscode\workspace\recurrencePaper\YOLO-26-2\datasets\tt100k_aug_2160\test\labels\30645.txt,,135.90102767944336,63.88493837691246,11610.4423828125,25.39853286743164
D:\vscode\workspace\recurrencePaper\YOLO-26-2\datasets\tt100k_aug_2160\test\images\307.jpg,D:\vscode\workspace\recurrencePaper\YOLO-26-2\datasets\tt100k_aug_2160\test\labels\307.txt,,109.9799690246582,56.272137700276716,2964.046630859375,59.24398422241211
D:\vscode\workspace\recurrencePaper\YOLO-26-2\datasets\tt100k_aug_2160\test\images\30727.jpg,D:\vscode\workspace\recurrencePaper\YOLO-26-2\datasets\tt100k_aug_2160\test\labels\30727.txt,,130.10903549194336,43.125981082030115,2663.64501953125,44.82887649536133
D:\vscode\workspace\recurrencePaper\YOLO-26-2\datasets\tt100k_aug_2160\test\images\30729.jpg,D:\vscode\workspace\recurrencePaper\YOLO-26-2\datasets\tt100k_aug_2160\test\labels\30729.txt,,110.6412582397461,65.96599503952048,6790.83544921875,86.32887649536133
D:\vscode\workspace\recurrencePaper\YOLO-26-2\datasets\tt100k_aug_2160\test\images\30750.jpg,D:\vscode\workspace\recurrencePaper\YOLO-26-2\datasets\tt100k_aug_2160\test\labels\30750.txt,,138.6090965270996,48.209640382060506,2759.58984375,55.458683013916016
D:\vscode\workspace\recurrencePaper\YOLO-26-2\datasets\tt100k_aug_2160\test\images\30766.jpg,D:\vscode\workspace\recurrencePaper\YOLO-26-2\datasets\tt100k_aug_2160\test\labels\30766.txt,,121.07001876831055,50.25129105178158,3334.284912109375,62.56300735473633
D:\vscode\workspace\recurrencePaper\YOLO-26-2\datasets\tt100k_aug_2160\test\images\30846.jpg,D:\vscode\workspace\recurrencePaper\YOLO-26-2\datasets\tt100k_aug_2160\test\labels\30846.txt,,135.63845443725586,49.6649549012866,2722.135009765625,52.780670166015625
D:\vscode\workspace\recurrencePaper\YOLO-26-2\datasets\tt100k_aug_2160\test\images\30850.jpg,D:\vscode\workspace\recurrencePaper\YOLO-26-2\datasets\tt100k_aug_2160\test\labels\30850.txt,,134.35089874267578,39.47050138637118,1941.4564208984375,49.498374938964844
D:\vscode\workspace\recurrencePaper\YOLO-26-2\datasets\tt100k_aug_2160\test\images\30863.jpg,D:\vscode\workspace\recurrencePaper\YOLO-26-2\datasets\tt100k_aug_2160\test\labels\30863.txt,,138.2105255126953,50.46900886088517,2217.576904296875,44.67821502685547
D:\vscode\workspace\recurrencePaper\YOLO-26-2\datasets\tt100k_aug_2160\test\images\30874.jpg,D:\vscode\workspace\recurrencePaper\YOLO-26-2\datasets\tt100k_aug_2160\test\labels\30874.txt,,142.53722763061523,52.643197750877476,877.515869140625,40.695220947265625
D:\vscode\workspace\recurrencePaper\YOLO-26-2\datasets\tt100k_aug_2160\test\images\309.jpg,D:\vscode\workspace\recurrencePaper\YOLO-26-2\datasets\tt100k_aug_2160\test\labels\309.txt,,143.71828842163086,53.87969103724053,2650.42529296875,24.547100067138672
D:\vscode\workspace\recurrencePaper\YOLO-26-2\datasets\tt100k_aug_2160\test\images\30915.jpg,D:\vscode\workspace\recurrencePaper\YOLO-26-2\datasets\tt100k_aug_2160\test\labels\30915.txt,,150.8799819946289,65.59777464911208,1298.36669921875,27.986896514892578
D:\vscode\workspace\recurrencePaper\YOLO-26-2\datasets\tt100k_aug_2160\test\images\30949.jpg,D:\vscode\workspace\recurrencePaper\YOLO-26-2\datasets\tt100k_aug_2160\test\labels\30949.txt,,87.08536911010742,26.74593860951702,1340.554443359375,74.52997589111328
D:\vscode\workspace\recurrencePaper\YOLO-26-2\datasets\tt100k_aug_2160\test\images\30983.jpg,D:\vscode\workspace\recurrencePaper\YOLO-26-2\datasets\tt100k_aug_2160\test\labels\30983.txt,,152.06229782104492,40.917127714277825,1513.3927001953125,30.393280029296875
D:\vscode\workspace\recurrencePaper\YOLO-26-2\datasets\tt100k_aug_2160\test\images\30999.jpg,D:\vscode\workspace\recurrencePaper\YOLO-26-2\datasets\tt100k_aug_2160\test\labels\30999.txt,,129.06293106079102,44.13979788815999,1343.6790771484375,40.13517379760742
D:\vscode\workspace\recurrencePaper\YOLO-26-2\datasets\tt100k_aug_2160\test\images\31082.jpg,D:\vscode\workspace\recurrencePaper\YOLO-26-2\datasets\tt100k_aug_2160\test\labels\31082.txt,,147.12919998168945,38.256045748850205,1242.58642578125,38.00654220581055
D:\vscode\workspace\recurrencePaper\YOLO-26-2\datasets\tt100k_aug_2160\test\images\31241.jpg,D:\vscode\workspace\recurrencePaper\YOLO-26-2\datasets\tt100k_aug_2160\test\labels\31241.txt,,146.01957321166992,39.22223573405167,1520.8785400390625,38.229331970214844
D:\vscode\workspace\recurrencePaper\YOLO-26-2\datasets\tt100k_aug_2160\test\images\31249.jpg,D:\vscode\workspace\recurrencePaper\YOLO-26-2\datasets\tt100k_aug_2160\test\labels\31249.txt,,140.5912208557129,35.04032572863113,921.3837280273438,53.572540283203125
D:\vscode\workspace\recurrencePaper\YOLO-26-2\datasets\tt100k_aug_2160\test\images\31299.jpg,D:\vscode\workspace\recurrencePaper\YOLO-26-2\datasets\tt100k_aug_2160\test\labels\31299.txt,,125.1119613647461,61.68753543173114,1889.3587646484375,46.82648468017578
D:\vscode\workspace\recurrencePaper\YOLO-26-2\datasets\tt100k_aug_2160\test\images\31313.jpg,D:\vscode\workspace\recurrencePaper\YOLO-26-2\datasets\tt100k_aug_2160\test\labels\31313.txt,,106.69660949707031,58.221033408728424,4306.51611328125,83.9305305480957
D:\vscode\workspace\recurrencePaper\YOLO-26-2\datasets\tt100k_aug_2160\test\images\31325.jpg,D:\vscode\workspace\recurrencePaper\YOLO-26-2\datasets\tt100k_aug_2160\test\labels\31325.txt,,145.5781135559082,38.30622911861736,1413.77490234375,40.39867401123047
D:\vscode\workspace\recurrencePaper\YOLO-26-2\datasets\tt100k_aug_2160\test\images\31335.jpg,D:\vscode\workspace\recurrencePaper\YOLO-26-2\datasets\tt100k_aug_2160\test\labels\31335.txt,,130.3194465637207,66.66139473106105,2653.4931640625,36.14313507080078
D:\vscode\workspace\recurrencePaper\YOLO-26-2\datasets\tt100k_aug_2160\test\images\31541.jpg,D:\vscode\workspace\recurrencePaper\YOLO-26-2\datasets\tt100k_aug_2160\test\labels\31541.txt,,136.4346809387207,40.883293852236505,1840.49072265625,51.64357376098633
D:\vscode\workspace\recurrencePaper\YOLO-26-2\datasets\tt100k_aug_2160\test\images\31690.jpg,D:\vscode\workspace\recurrencePaper\YOLO-26-2\datasets\tt100k_aug_2160\test\labels\31690.txt,,140.52488708496094,42.11596979702637,1286.712158203125,42.02501678466797
D:\vscode\workspace\recurrencePaper\YOLO-26-2\datasets\tt100k_aug_2160\test\images\31698.jpg,D:\vscode\workspace\recurrencePaper\YOLO-26-2\datasets\tt100k_aug_2160\test\labels\31698.txt,,143.75550842285156,38.02510948019111,1573.4366455078125,36.780887603759766
D:\vscode\workspace\recurrencePaper\YOLO-26-2\datasets\tt100k_aug_2160\test\images\3170.jpg,D:\vscode\workspace\recurrencePaper\YOLO-26-2\datasets\tt100k_aug_2160\test\labels\3170.txt,,147.1252326965332,43.75956228053893,2488.474853515625,36.75407028198242
D:\vscode\workspace\recurrencePaper\YOLO-26-2\datasets\tt100k_aug_2160\test\images\31799.jpg,D:\vscode\workspace\recurrencePaper\YOLO-26-2\datasets\tt100k_aug_2160\test\labels\31799.txt,,133.22735977172852,39.292815655411445,2001.692138671875,59.29265594482422
D:\vscode\workspace\recurrencePaper\YOLO-26-2\datasets\tt100k_aug_2160\test\images\31812.jpg,D:\vscode\workspace\recurrencePaper\YOLO-26-2\datasets\tt100k_aug_2160\test\labels\31812.txt,,140.64698791503906,54.73248673733667,2609.076171875,51.17892074584961
D:\vscode\workspace\recurrencePaper\YOLO-26-2\datasets\tt100k_aug_2160\test\images\31814.jpg,D:\vscode\workspace\recurrencePaper\YOLO-26-2\datasets\tt100k_aug_2160\test\labels\31814.txt,,121.5394172668457,51.30752441598167,1003.220458984375,74.79852294921875
D:\vscode\workspace\recurrencePaper\YOLO-26-2\datasets\tt100k_aug_2160\test\images\31823.jpg,D:\vscode\workspace\recurrencePaper\YOLO-26-2\datasets\tt100k_aug_2160\test\labels\31823.txt,,145.755615234375,45.98125763144202,3014.919189453125,40.616634368896484
D:\vscode\workspace\recurrencePaper\YOLO-26-2\datasets\tt100k_aug_2160\test\images\31833.jpg,D:\vscode\workspace\recurrencePaper\YOLO-26-2\datasets\tt100k_aug_2160\test\labels\31833.txt,,156.12857818603516,64.64971156645751,2484.384033203125,49.225982666015625
D:\vscode\workspace\recurrencePaper\YOLO-26-2\datasets\tt100k_aug_2160\test\images\31840.jpg,D:\vscode\workspace\recurrencePaper\YOLO-26-2\datasets\tt100k_aug_2160\test\labels\31840.txt,,145.18654251098633,51.20277644037834,1710.373291015625,45.92390060424805
D:\vscode\workspace\recurrencePaper\YOLO-26-2\datasets\tt100k_aug_2160\test\images\31884.jpg,D:\vscode\workspace\recurrencePaper\YOLO-26-2\datasets\tt100k_aug_2160\test\labels\31884.txt,,139.06178283691406,46.88792779759049,3311.47021484375,77.04188537597656
D:\vscode\workspace\recurrencePaper\YOLO-26-2\datasets\tt100k_aug_2160\test\images\319.jpg,D:\vscode\workspace\recurrencePaper\YOLO-26-2\datasets\tt100k_aug_2160\test\labels\319.txt,,138.0462303161621,54.220462571411346,1989.56298828125,45.63259506225586
D:\vscode\workspace\recurrencePaper\YOLO-26-2\datasets\tt100k_aug_2160\test\images\31915.jpg,D:\vscode\workspace\recurrencePaper\YOLO-26-2\datasets\tt100k_aug_2160\test\labels\31915.txt,,140.71171188354492,42.32301595230506,1804.457763671875,50.37656021118164
D:\vscode\workspace\recurrencePaper\YOLO-26-2\datasets\tt100k_aug_2160\test\images\32003.jpg,D:\vscode\workspace\recurrencePaper\YOLO-26-2\datasets\tt100k_aug_2160\test\labels\32003.txt,,165.78453063964844,63.04368177239576,1598.1490478515625,26.80547332763672
D:\vscode\workspace\recurrencePaper\YOLO-26-2\datasets\tt100k_aug_2160\test\images\32067.jpg,D:\vscode\workspace\recurrencePaper\YOLO-26-2\datasets\tt100k_aug_2160\test\labels\32067.txt,,156.19602966308594,33.00805129049127,1112.412841796875,37.937408447265625
D:\vscode\workspace\recurrencePaper\YOLO-26-2\datasets\tt100k_aug_2160\test\images\32103.jpg,D:\vscode\workspace\recurrencePaper\YOLO-26-2\datasets\tt100k_aug_2160\test\labels\32103.txt,,138.96754837036133,34.64612895562434,2208.3701171875,44.397972106933594
D:\vscode\workspace\recurrencePaper\YOLO-26-2\datasets\tt100k_aug_2160\test\images\32181.jpg,D:\vscode\workspace\recurrencePaper\YOLO-26-2\datasets\tt100k_aug_2160\test\labels\32181.txt,,141.29012298583984,52.274195676348214,2760.368408203125,39.7904052734375
D:\vscode\workspace\recurrencePaper\YOLO-26-2\datasets\tt100k_aug_2160\test\images\32202.jpg,D:\vscode\workspace\recurrencePaper\YOLO-26-2\datasets\tt100k_aug_2160\test\labels\32202.txt,,118.3794059753418,51.59377202075134,3850.29296875,54.9189338684082
D:\vscode\workspace\recurrencePaper\YOLO-26-2\datasets\tt100k_aug_2160\test\images\32208.jpg,D:\vscode\workspace\recurrencePaper\YOLO-26-2\datasets\tt100k_aug_2160\test\labels\32208.txt,,131.82016372680664,65.88778385798355,1376.566162109375,28.385093688964844
D:\vscode\workspace\recurrencePaper\YOLO-26-2\datasets\tt100k_aug_2160\test\images\32223.jpg,D:\vscode\workspace\recurrencePaper\YOLO-26-2\datasets\tt100k_aug_2160\test\labels\32223.txt,,113.5805892944336,66.54157390117479,8060.52294921875,82.5706558227539
D:\vscode\workspace\recurrencePaper\YOLO-26-2\datasets\tt100k_aug_2160\test\images\32294.jpg,D:\vscode\workspace\recurrencePaper\YOLO-26-2\datasets\tt100k_aug_2160\test\labels\32294.txt,,106.63732147216797,65.72661405888267,4294.310546875,53.275577545166016
D:\vscode\workspace\recurrencePaper\YOLO-26-2\datasets\tt100k_aug_2160\test\images\32311.jpg,D:\vscode\workspace\recurrencePaper\YOLO-26-2\datasets\tt100k_aug_2160\test\labels\32311.txt,,129.17344665527344,49.58060357429572,5383.7294921875,40.74857711791992
D:\vscode\workspace\recurrencePaper\YOLO-26-2\datasets\tt100k_aug_2160\test\images\32356.jpg,D:\vscode\workspace\recurrencePaper\YOLO-26-2\datasets\tt100k_aug_2160\test\labels\32356.txt,,126.44959259033203,51.04648886912313,2803.84228515625,42.00754165649414
D:\vscode\workspace\recurrencePaper\YOLO-26-2\datasets\tt100k_aug_2160\test\images\3236.jpg,D:\vscode\workspace\recurrencePaper\YOLO-26-2\datasets\tt100k_aug_2160\test\labels\3236.txt,,136.8126678466797,42.33630902519414,1400.5421142578125,45.91394805908203
D:\vscode\workspace\recurrencePaper\YOLO-26-2\datasets\tt100k_aug_2160\test\images\324.jpg,D:\vscode\workspace\recurrencePaper\YOLO-26-2\datasets\tt100k_aug_2160\test\labels\324.txt,,123.3242416381836,61.09058133807802,4145.59326171875,51.650543212890625
D:\vscode\workspace\recurrencePaper\YOLO-26-2\datasets\tt100k_aug_2160\test\images\32421.jpg,D:\vscode\workspace\recurrencePaper\YOLO-26-2\datasets\tt100k_aug_2160\test\labels\32421.txt,,128.02949142456055,54.49713298717237,6580.89697265625,55.66908645629883
D:\vscode\workspace\recurrencePaper\YOLO-26-2\datasets\tt100k_aug_2160\test\images\32502.jpg,D:\vscode\workspace\recurrencePaper\YOLO-26-2\datasets\tt100k_aug_2160\test\labels\32502.txt,,112.25625228881836,57.977104115682565,6657.87548828125,100.48479461669922
D:\vscode\workspace\recurrencePaper\YOLO-26-2\datasets\tt100k_aug_2160\test\images\32565.jpg,D:\vscode\workspace\recurrencePaper\YOLO-26-2\datasets\tt100k_aug_2160\test\labels\32565.txt,,160.78562545776367,60.23317042768246,3210.566650390625,27.833477020263672
D:\vscode\workspace\recurrencePaper\YOLO-26-2\datasets\tt100k_aug_2160\test\images\32567.jpg,D:\vscode\workspace\recurrencePaper\YOLO-26-2\datasets\tt100k_aug_2160\test\labels\32567.txt,,175.3100242614746,56.68177078444423,1022.7789916992188,23.710853576660156
D:\vscode\workspace\recurrencePaper\YOLO-26-2\datasets\tt100k_aug_2160\test\images\32716.jpg,D:\vscode\workspace\recurrencePaper\YOLO-26-2\datasets\tt100k_aug_2160\test\labels\32716.txt,,150.7661895751953,29.48447483558546,1318.8448486328125,53.836265563964844
D:\vscode\workspace\recurrencePaper\YOLO-26-2\datasets\tt100k_aug_2160\test\images\32797.jpg,D:\vscode\workspace\recurrencePaper\YOLO-26-2\datasets\tt100k_aug_2160\test\labels\32797.txt,,149.1139030456543,52.179606788741566,881.866943359375,25.29155731201172
D:\vscode\workspace\recurrencePaper\YOLO-26-2\datasets\tt100k_aug_2160\test\images\32874.jpg,D:\vscode\workspace\recurrencePaper\YOLO-26-2\datasets\tt100k_aug_2160\test\labels\32874.txt,,127.29132843017578,60.058238732683805,2425.19677734375,52.28807067871094
D:\vscode\workspace\recurrencePaper\YOLO-26-2\datasets\tt100k_aug_2160\test\images\33058.jpg,D:\vscode\workspace\recurrencePaper\YOLO-26-2\datasets\tt100k_aug_2160\test\labels\33058.txt,,135.61154556274414,52.50581495855894,1833.8062744140625,37.75651931762695
D:\vscode\workspace\recurrencePaper\YOLO-26-2\datasets\tt100k_aug_2160\test\images\33075.jpg,D:\vscode\workspace\recurrencePaper\YOLO-26-2\datasets\tt100k_aug_2160\test\labels\33075.txt,,140.19287872314453,75.35275804971275,3171.323974609375,36.38802719116211
D:\vscode\workspace\recurrencePaper\YOLO-26-2\datasets\tt100k_aug_2160\test\images\33081.jpg,D:\vscode\workspace\recurrencePaper\YOLO-26-2\datasets\tt100k_aug_2160\test\labels\33081.txt,,128.2554588317871,63.44738547252116,7003.630859375,77.19419860839844
D:\vscode\workspace\recurrencePaper\YOLO-26-2\datasets\tt100k_aug_2160\test\images\33089.jpg,D:\vscode\workspace\recurrencePaper\YOLO-26-2\datasets\tt100k_aug_2160\test\labels\33089.txt,,138.3128433227539,38.48772005296912,1923.0294189453125,47.15277099609375
D:\vscode\workspace\recurrencePaper\YOLO-26-2\datasets\tt100k_aug_2160\test\images\33407.jpg,D:\vscode\workspace\recurrencePaper\YOLO-26-2\datasets\tt100k_aug_2160\test\labels\33407.txt,,129.5873680114746,47.683369469315714,1274.2103271484375,38.535343170166016
D:\vscode\workspace\recurrencePaper\YOLO-26-2\datasets\tt100k_aug_2160\test\images\33461.jpg,D:\vscode\workspace\recurrencePaper\YOLO-26-2\datasets\tt100k_aug_2160\test\labels\33461.txt,,156.80194854736328,63.62975029933944,4803.85302734375,40.87484359741211
D:\vscode\workspace\recurrencePaper\YOLO-26-2\datasets\tt100k_aug_2160\test\images\3360.jpg,D:\vscode\workspace\recurrencePaper\YOLO-26-2\datasets\tt100k_aug_2160\test\labels\3360.txt,,137.99251556396484,35.625795660163725,3333.482666015625,57.548187255859375
D:\vscode\workspace\recurrencePaper\YOLO-26-2\datasets\tt100k_aug_2160\test\images\33635.jpg,D:\vscode\workspace\recurrencePaper\YOLO-26-2\datasets\tt100k_aug_2160\test\labels\33635.txt,,150.03488159179688,56.758571062963824,3021.7998046875,36.437835693359375
D:\vscode\workspace\recurrencePaper\YOLO-26-2\datasets\tt100k_aug_2160\test\images\33641.jpg,D:\vscode\workspace\recurrencePaper\YOLO-26-2\datasets\tt100k_aug_2160\test\labels\33641.txt,,152.95740127563477,51.530107800820296,1046.41015625,31.360267639160156
D:\vscode\workspace\recurrencePaper\YOLO-26-2\datasets\tt100k_aug_2160\test\images\33697.jpg,D:\vscode\workspace\recurrencePaper\YOLO-26-2\datasets\tt100k_aug_2160\test\labels\33697.txt,,124.96590042114258,64.353757747784,957.4575805664062,25.91027069091797
D:\vscode\workspace\recurrencePaper\YOLO-26-2\datasets\tt100k_aug_2160\test\images\33768.jpg,D:\vscode\workspace\recurrencePaper\YOLO-26-2\datasets\tt100k_aug_2160\test\labels\33768.txt,,128.64435958862305,50.71039516715846,3422.40673828125,45.449928283691406
D:\vscode\workspace\recurrencePaper\YOLO-26-2\datasets\tt100k_aug_2160\test\images\3381.jpg,D:\vscode\workspace\recurrencePaper\YOLO-26-2\datasets\tt100k_aug_2160\test\labels\3381.txt,,106.60037612915039,58.98094583377467,2773.584716796875,65.53266143798828
D:\vscode\workspace\recurrencePaper\YOLO-26-2\datasets\tt100k_aug_2160\test\images\33913.jpg,D:\vscode\workspace\recurrencePaper\YOLO-26-2\datasets\tt100k_aug_2160\test\labels\33913.txt,,165.11643981933594,59.99922744860642,2675.89794921875,28.480453491210938
D:\vscode\workspace\recurrencePaper\YOLO-26-2\datasets\tt100k_aug_2160\test\images\33929.jpg,D:\vscode\workspace\recurrencePaper\YOLO-26-2\datasets\tt100k_aug_2160\test\labels\33929.txt,,129.3369140625,49.375096178564725,3150.25927734375,83.37353515625
D:\vscode\workspace\recurrencePaper\YOLO-26-2\datasets\tt100k_aug_2160\test\images\33970.jpg,D:\vscode\workspace\recurrencePaper\YOLO-26-2\datasets\tt100k_aug_2160\test\labels\33970.txt,,150.74194717407227,36.39792377400957,1857.4327392578125,49.1746826171875
D:\vscode\workspace\recurrencePaper\YOLO-26-2\datasets\tt100k_aug_2160\test\images\33981.jpg,D:\vscode\workspace\recurrencePaper\YOLO-26-2\datasets\tt100k_aug_2160\test\labels\33981.txt,,142.32915115356445,44.697957222736015,4508.6552734375,52.24239730834961
D:\vscode\workspace\recurrencePaper\YOLO-26-2\datasets\tt100k_aug_2160\test\images\34004.jpg,D:\vscode\workspace\recurrencePaper\YOLO-26-2\datasets\tt100k_aug_2160\test\labels\34004.txt,,123.21091842651367,56.09636479767466,3272.498046875,64.00878143310547
D:\vscode\workspace\recurrencePaper\YOLO-26-2\datasets\tt100k_aug_2160\test\images\34052.jpg,D:\vscode\workspace\recurrencePaper\YOLO-26-2\datasets\tt100k_aug_2160\test\labels\34052.txt,,140.88481903076172,44.21418770917672,3381.600341796875,51.12480545043945
D:\vscode\workspace\recurrencePaper\YOLO-26-2\datasets\tt100k_aug_2160\test\images\34063.jpg,D:\vscode\workspace\recurrencePaper\YOLO-26-2\datasets\tt100k_aug_2160\test\labels\34063.txt,,126.36738586425781,85.6283635012553,893.0499877929688,61.071266174316406
D:\vscode\workspace\recurrencePaper\YOLO-26-2\datasets\tt100k_aug_2160\test\images\34119.jpg,D:\vscode\workspace\recurrencePaper\YOLO-26-2\datasets\tt100k_aug_2160\test\labels\34119.txt,,146.6547622680664,35.93423990046773,1797.9805908203125,60.038673400878906
D:\vscode\workspace\recurrencePaper\YOLO-26-2\datasets\tt100k_aug_2160\test\images\34136.jpg,D:\vscode\workspace\recurrencePaper\YOLO-26-2\datasets\tt100k_aug_2160\test\labels\34136.txt,,112.71045684814453,55.303586462610824,1358.727294921875,98.14793395996094
D:\vscode\workspace\recurrencePaper\YOLO-26-2\datasets\tt100k_aug_2160\test\images\34176.jpg,D:\vscode\workspace\recurrencePaper\YOLO-26-2\datasets\tt100k_aug_2160\test\labels\34176.txt,,134.32580184936523,45.5425675879109,1498.00927734375,62.591487884521484
D:\vscode\workspace\recurrencePaper\YOLO-26-2\datasets\tt100k_aug_2160\test\images\34197.jpg,D:\vscode\workspace\recurrencePaper\YOLO-26-2\datasets\tt100k_aug_2160\test\labels\34197.txt,,139.67173385620117,37.17699383792239,2493.681640625,77.51939010620117
D:\vscode\workspace\recurrencePaper\YOLO-26-2\datasets\tt100k_aug_2160\test\images\34214.jpg,D:\vscode\workspace\recurrencePaper\YOLO-26-2\datasets\tt100k_aug_2160\test\labels\34214.txt,,133.71953201293945,48.68566593940522,6311.3759765625,48.188453674316406
D:\vscode\workspace\recurrencePaper\YOLO-26-2\datasets\tt100k_aug_2160\test\images\34286.jpg,D:\vscode\workspace\recurrencePaper\YOLO-26-2\datasets\tt100k_aug_2160\test\labels\34286.txt,,116.09503173828125,48.74914207953001,6927.65478515625,52.14558029174805
D:\vscode\workspace\recurrencePaper\YOLO-26-2\datasets\tt100k_aug_2160\test\images\34336.jpg,D:\vscode\workspace\recurrencePaper\YOLO-26-2\datasets\tt100k_aug_2160\test\labels\34336.txt,,124.65852737426758,52.53198684921409,1031.1966552734375,38.386322021484375
D:\vscode\workspace\recurrencePaper\YOLO-26-2\datasets\tt100k_aug_2160\test\images\34517.jpg,D:\vscode\workspace\recurrencePaper\YOLO-26-2\datasets\tt100k_aug_2160\test\labels\34517.txt,,154.76900100708008,36.58597612330716,1176.2423095703125,42.65846252441406
D:\vscode\workspace\recurrencePaper\YOLO-26-2\datasets\tt100k_aug_2160\test\images\34553.jpg,D:\vscode\workspace\recurrencePaper\YOLO-26-2\datasets\tt100k_aug_2160\test\labels\34553.txt,,109.94857788085938,43.58090599729942,3307.1845703125,96.57673263549805
D:\vscode\workspace\recurrencePaper\YOLO-26-2\datasets\tt100k_aug_2160\test\images\34586.jpg,D:\vscode\workspace\recurrencePaper\YOLO-26-2\datasets\tt100k_aug_2160\test\labels\34586.txt,,148.87187576293945,47.53529177970289,1547.5599365234375,34.83897399902344
D:\vscode\workspace\recurrencePaper\YOLO-26-2\datasets\tt100k_aug_2160\test\images\34626.jpg,D:\vscode\workspace\recurrencePaper\YOLO-26-2\datasets\tt100k_aug_2160\test\labels\34626.txt,,126.35215759277344,56.07626980734298,2083.967529296875,50.1768798828125
D:\vscode\workspace\recurrencePaper\YOLO-26-2\datasets\tt100k_aug_2160\test\images\34778.jpg,D:\vscode\workspace\recurrencePaper\YOLO-26-2\datasets\tt100k_aug_2160\test\labels\34778.txt,,146.77721405029297,48.233875361486454,2733.478271484375,48.649757385253906
D:\vscode\workspace\recurrencePaper\YOLO-26-2\datasets\tt100k_aug_2160\test\images\3478.jpg,D:\vscode\workspace\recurrencePaper\YOLO-26-2\datasets\tt100k_aug_2160\test\labels\3478.txt,,138.5654067993164,82.66923810388407,2264.444091796875,27.723026275634766
D:\vscode\workspace\recurrencePaper\YOLO-26-2\datasets\tt100k_aug_2160\test\images\34892.jpg,D:\vscode\workspace\recurrencePaper\YOLO-26-2\datasets\tt100k_aug_2160\test\labels\34892.txt,,172.93066787719727,50.27576992364117,2553.647705078125,45.26116943359375
D:\vscode\workspace\recurrencePaper\YOLO-26-2\datasets\tt100k_aug_2160\test\images\34893.jpg,D:\vscode\workspace\recurrencePaper\YOLO-26-2\datasets\tt100k_aug_2160\test\labels\34893.txt,,159.15228271484375,54.239392658662936,1078.962646484375,24.866077423095703
D:\vscode\workspace\recurrencePaper\YOLO-26-2\datasets\tt100k_aug_2160\test\images\34919.jpg,D:\vscode\workspace\recurrencePaper\YOLO-26-2\datasets\tt100k_aug_2160\test\labels\34919.txt,,133.2194480895996,48.54622118314339,1972.9639892578125,40.49335479736328
D:\vscode\workspace\recurrencePaper\YOLO-26-2\datasets\tt100k_aug_2160\test\images\3492.jpg,D:\vscode\workspace\recurrencePaper\YOLO-26-2\datasets\tt100k_aug_2160\test\labels\3492.txt,,131.70185089111328,45.819087628736845,2725.24609375,50.269203186035156
D:\vscode\workspace\recurrencePaper\YOLO-26-2\datasets\tt100k_aug_2160\test\images\34937.jpg,D:\vscode\workspace\recurrencePaper\YOLO-26-2\datasets\tt100k_aug_2160\test\labels\34937.txt,,137.7264289855957,44.44014640277118,1447.3253173828125,68.94769668579102
D:\vscode\workspace\recurrencePaper\YOLO-26-2\datasets\tt100k_aug_2160\test\images\34973.jpg,D:\vscode\workspace\recurrencePaper\YOLO-26-2\datasets\tt100k_aug_2160\test\labels\34973.txt,,142.71489334106445,60.86427862588072,3175.4296875,57.70757293701172
D:\vscode\workspace\recurrencePaper\YOLO-26-2\datasets\tt100k_aug_2160\test\images\34992.jpg,D:\vscode\workspace\recurrencePaper\YOLO-26-2\datasets\tt100k_aug_2160\test\labels\34992.txt,,153.03119277954102,41.42578226001893,1330.5181884765625,33.96528244018555
D:\vscode\workspace\recurrencePaper\YOLO-26-2\datasets\tt100k_aug_2160\test\images\35.jpg,D:\vscode\workspace\recurrencePaper\YOLO-26-2\datasets\tt100k_aug_2160\test\labels\35.txt,,138.74961853027344,34.92442510929611,871.359130859375,41.864376068115234
D:\vscode\workspace\recurrencePaper\YOLO-26-2\datasets\tt100k_aug_2160\test\images\3509.jpg,D:\vscode\workspace\recurrencePaper\YOLO-26-2\datasets\tt100k_aug_2160\test\labels\3509.txt,,128.18555450439453,54.43424738972929,1674.9921875,26.98940658569336
D:\vscode\workspace\recurrencePaper\YOLO-26-2\datasets\tt100k_aug_2160\test\images\3513.jpg,D:\vscode\workspace\recurrencePaper\YOLO-26-2\datasets\tt100k_aug_2160\test\labels\3513.txt,,129.28175735473633,53.94241547960882,2483.9033203125,44.20951843261719
D:\vscode\workspace\recurrencePaper\YOLO-26-2\datasets\tt100k_aug_2160\test\images\35242.jpg,D:\vscode\workspace\recurrencePaper\YOLO-26-2\datasets\tt100k_aug_2160\test\labels\35242.txt,,147.28742599487305,43.752138458896226,2101.39794921875,41.07180404663086
D:\vscode\workspace\recurrencePaper\YOLO-26-2\datasets\tt100k_aug_2160\test\images\35276.jpg,D:\vscode\workspace\recurrencePaper\YOLO-26-2\datasets\tt100k_aug_2160\test\labels\35276.txt,,164.22246932983398,61.649539876217126,1629.054931640625,26.510112762451172
D:\vscode\workspace\recurrencePaper\YOLO-26-2\datasets\tt100k_aug_2160\test\images\35374.jpg,D:\vscode\workspace\recurrencePaper\YOLO-26-2\datasets\tt100k_aug_2160\test\labels\35374.txt,,145.83621215820312,41.12674306428948,2343.70556640625,41.88749694824219
D:\vscode\workspace\recurrencePaper\YOLO-26-2\datasets\tt100k_aug_2160\test\images\35419.jpg,D:\vscode\workspace\recurrencePaper\YOLO-26-2\datasets\tt100k_aug_2160\test\labels\35419.txt,,132.25522994995117,59.23070338504226,1500.7840576171875,57.27281188964844
D:\vscode\workspace\recurrencePaper\YOLO-26-2\datasets\tt100k_aug_2160\test\images\35449.jpg,D:\vscode\workspace\recurrencePaper\YOLO-26-2\datasets\tt100k_aug_2160\test\labels\35449.txt,,141.1124496459961,62.26946769803361,1017.3524780273438,24.489757537841797
D:\vscode\workspace\recurrencePaper\YOLO-26-2\datasets\tt100k_aug_2160\test\images\35507.jpg,D:\vscode\workspace\recurrencePaper\YOLO-26-2\datasets\tt100k_aug_2160\test\labels\35507.txt,,147.49164581298828,41.818890581504114,2590.144775390625,33.9957160949707
D:\vscode\workspace\recurrencePaper\YOLO-26-2\datasets\tt100k_aug_2160\test\images\35542.jpg,D:\vscode\workspace\recurrencePaper\YOLO-26-2\datasets\tt100k_aug_2160\test\labels\35542.txt,,128.9951934814453,51.786359975948415,2127.96142578125,53.497840881347656
D:\vscode\workspace\recurrencePaper\YOLO-26-2\datasets\tt100k_aug_2160\test\images\35548.jpg,D:\vscode\workspace\recurrencePaper\YOLO-26-2\datasets\tt100k_aug_2160\test\labels\35548.txt,,149.5768051147461,28.742365452403952,1401.2166748046875,38.49462127685547
D:\vscode\workspace\recurrencePaper\YOLO-26-2\datasets\tt100k_aug_2160\test\images\35551.jpg,D:\vscode\workspace\recurrencePaper\YOLO-26-2\datasets\tt100k_aug_2160\test\labels\35551.txt,,153.30004119873047,59.511775880947816,2268.399658203125,32.84358215332031
D:\vscode\workspace\recurrencePaper\YOLO-26-2\datasets\tt100k_aug_2160\test\images\35587.jpg,D:\vscode\workspace\recurrencePaper\YOLO-26-2\datasets\tt100k_aug_2160\test\labels\35587.txt,,143.70156860351562,65.53846278599313,2285.993896484375,27.816513061523438
D:\vscode\workspace\recurrencePaper\YOLO-26-2\datasets\tt100k_aug_2160\test\images\35606.jpg,D:\vscode\workspace\recurrencePaper\YOLO-26-2\datasets\tt100k_aug_2160\test\labels\35606.txt,,128.02367782592773,45.232490651856395,2325.501953125,79.03520202636719
D:\vscode\workspace\recurrencePaper\YOLO-26-2\datasets\tt100k_aug_2160\test\images\35653.jpg,D:\vscode\workspace\recurrencePaper\YOLO-26-2\datasets\tt100k_aug_2160\test\labels\35653.txt,,98.44820404052734,60.823402633873364,1849.7330322265625,48.18553161621094
D:\vscode\workspace\recurrencePaper\YOLO-26-2\datasets\tt100k_aug_2160\test\images\35655.jpg,D:\vscode\workspace\recurrencePaper\YOLO-26-2\datasets\tt100k_aug_2160\test\labels\35655.txt,,141.35974502563477,61.44371605862513,2439.423828125,33.07865905761719
D:\vscode\workspace\recurrencePaper\YOLO-26-2\datasets\tt100k_aug_2160\test\images\35687.jpg,D:\vscode\workspace\recurrencePaper\YOLO-26-2\datasets\tt100k_aug_2160\test\labels\35687.txt,,147.7449607849121,47.22349215890452,4862.08544921875,46.341705322265625
D:\vscode\workspace\recurrencePaper\YOLO-26-2\datasets\tt100k_aug_2160\test\images\35743.jpg,D:\vscode\workspace\recurrencePaper\YOLO-26-2\datasets\tt100k_aug_2160\test\labels\35743.txt,,134.7000274658203,49.98348807861069,2028.6468505859375,45.91835021972656
D:\vscode\workspace\recurrencePaper\YOLO-26-2\datasets\tt100k_aug_2160\test\images\35826.jpg,D:\vscode\workspace\recurrencePaper\YOLO-26-2\datasets\tt100k_aug_2160\test\labels\35826.txt,,131.2929916381836,55.1753159024983,2270.032470703125,42.96605682373047
D:\vscode\workspace\recurrencePaper\YOLO-26-2\datasets\tt100k_aug_2160\test\images\35905.jpg,D:\vscode\workspace\recurrencePaper\YOLO-26-2\datasets\tt100k_aug_2160\test\labels\35905.txt,,124.6376838684082,56.04390108056506,4714.08544921875,54.1565055847168
D:\vscode\workspace\recurrencePaper\YOLO-26-2\datasets\tt100k_aug_2160\test\images\35925.jpg,D:\vscode\workspace\recurrencePaper\YOLO-26-2\datasets\tt100k_aug_2160\test\labels\35925.txt,,123.05142593383789,49.33836082041882,2410.257080078125,53.795433044433594
D:\vscode\workspace\recurrencePaper\YOLO-26-2\datasets\tt100k_aug_2160\test\images\35934.jpg,D:\vscode\workspace\recurrencePaper\YOLO-26-2\datasets\tt100k_aug_2160\test\labels\35934.txt,,142.648681640625,39.01382039945402,3366.876708984375,75.97241592407227
D:\vscode\workspace\recurrencePaper\YOLO-26-2\datasets\tt100k_aug_2160\test\images\35984.jpg,D:\vscode\workspace\recurrencePaper\YOLO-26-2\datasets\tt100k_aug_2160\test\labels\35984.txt,,126.20986938476562,59.51246396559202,1917.400146484375,38.22329330444336
D:\vscode\workspace\recurrencePaper\YOLO-26-2\datasets\tt100k_aug_2160\test\images\3605.jpg,D:\vscode\workspace\recurrencePaper\YOLO-26-2\datasets\tt100k_aug_2160\test\labels\3605.txt,,99.42516708374023,57.223297088559335,4246.51220703125,54.23817825317383
D:\vscode\workspace\recurrencePaper\YOLO-26-2\datasets\tt100k_aug_2160\test\images\36078.jpg,D:\vscode\workspace\recurrencePaper\YOLO-26-2\datasets\tt100k_aug_2160\test\labels\36078.txt,,137.69729614257812,44.42954144654861,2286.748291015625,50.79458236694336
D:\vscode\workspace\recurrencePaper\YOLO-26-2\datasets\tt100k_aug_2160\test\images\36082.jpg,D:\vscode\workspace\recurrencePaper\YOLO-26-2\datasets\tt100k_aug_2160\test\labels\36082.txt,,141.32163619995117,48.46875906058354,1372.271240234375,42.73002243041992
D:\vscode\workspace\recurrencePaper\YOLO-26-2\datasets\tt100k_aug_2160\test\images\36194.jpg,D:\vscode\workspace\recurrencePaper\YOLO-26-2\datasets\tt100k_aug_2160\test\labels\36194.txt,,125.75218963623047,51.87136282956203,1749.4754638671875,48.257259368896484
D:\vscode\workspace\recurrencePaper\YOLO-26-2\datasets\tt100k_aug_2160\test\images\36272.jpg,D:\vscode\workspace\recurrencePaper\YOLO-26-2\datasets\tt100k_aug_2160\test\labels\36272.txt,,136.96836853027344,54.17266500822788,1557.9805908203125,37.132057189941406
D:\vscode\workspace\recurrencePaper\YOLO-26-2\datasets\tt100k_aug_2160\test\images\36320.jpg,D:\vscode\workspace\recurrencePaper\YOLO-26-2\datasets\tt100k_aug_2160\test\labels\36320.txt,,145.25714492797852,39.503139280203314,1636.33544921875,42.910221099853516
D:\vscode\workspace\recurrencePaper\YOLO-26-2\datasets\tt100k_aug_2160\test\images\36342.jpg,D:\vscode\workspace\recurrencePaper\YOLO-26-2\datasets\tt100k_aug_2160\test\labels\36342.txt,,99.02075958251953,52.798597071040675,5394.5126953125,63.866661071777344
D:\vscode\workspace\recurrencePaper\YOLO-26-2\datasets\tt100k_aug_2160\test\images\36362.jpg,D:\vscode\workspace\recurrencePaper\YOLO-26-2\datasets\tt100k_aug_2160\test\labels\36362.txt,,142.26802825927734,41.47688384090629,3547.66259765625,52.88942337036133
D:\vscode\workspace\recurrencePaper\YOLO-26-2\datasets\tt100k_aug_2160\test\images\36368.jpg,D:\vscode\workspace\recurrencePaper\YOLO-26-2\datasets\tt100k_aug_2160\test\labels\36368.txt,,164.42788314819336,61.73148629436873,822.2639770507812,30.83100128173828
D:\vscode\workspace\recurrencePaper\YOLO-26-2\datasets\tt100k_aug_2160\test\images\36383.jpg,D:\vscode\workspace\recurrencePaper\YOLO-26-2\datasets\tt100k_aug_2160\test\labels\36383.txt,,107.67461395263672,55.5784827750579,2394.56396484375,31.241580963134766
D:\vscode\workspace\recurrencePaper\YOLO-26-2\datasets\tt100k_aug_2160\test\images\36385.jpg,D:\vscode\workspace\recurrencePaper\YOLO-26-2\datasets\tt100k_aug_2160\test\labels\36385.txt,,132.74993896484375,41.16996917652218,1673.2344970703125,51.697265625
D:\vscode\workspace\recurrencePaper\YOLO-26-2\datasets\tt100k_aug_2160\test\images\36454.jpg,D:\vscode\workspace\recurrencePaper\YOLO-26-2\datasets\tt100k_aug_2160\test\labels\36454.txt,,143.82403182983398,36.357710449740644,1462.3345947265625,37.89292907714844
D:\vscode\workspace\recurrencePaper\YOLO-26-2\datasets\tt100k_aug_2160\test\images\36470.jpg,D:\vscode\workspace\recurrencePaper\YOLO-26-2\datasets\tt100k_aug_2160\test\labels\36470.txt,,131.53701782226562,69.98558731964921,4400.9921875,36.654659271240234
D:\vscode\workspace\recurrencePaper\YOLO-26-2\datasets\tt100k_aug_2160\test\images\36541.jpg,D:\vscode\workspace\recurrencePaper\YOLO-26-2\datasets\tt100k_aug_2160\test\labels\36541.txt,,134.59944534301758,63.4248183798335,1916.6358642578125,41.5682258605957
D:\vscode\workspace\recurrencePaper\YOLO-26-2\datasets\tt100k_aug_2160\test\images\36651.jpg,D:\vscode\workspace\recurrencePaper\YOLO-26-2\datasets\tt100k_aug_2160\test\labels\36651.txt,,126.35000228881836,58.26381286896612,3149.865478515625,70.3895263671875
D:\vscode\workspace\recurrencePaper\YOLO-26-2\datasets\tt100k_aug_2160\test\images\36665.jpg,D:\vscode\workspace\recurrencePaper\YOLO-26-2\datasets\tt100k_aug_2160\test\labels\36665.txt,,123.98586654663086,66.22743556656687,2914.80859375,55.56003189086914
D:\vscode\workspace\recurrencePaper\YOLO-26-2\datasets\tt100k_aug_2160\test\images\36724.jpg,D:\vscode\workspace\recurrencePaper\YOLO-26-2\datasets\tt100k_aug_2160\test\labels\36724.txt,,142.64112854003906,42.64014435644087,3193.804931640625,38.996734619140625
D:\vscode\workspace\recurrencePaper\YOLO-26-2\datasets\tt100k_aug_2160\test\images\36786.jpg,D:\vscode\workspace\recurrencePaper\YOLO-26-2\datasets\tt100k_aug_2160\test\labels\36786.txt,,138.43152618408203,50.27166921905837,1166.877685546875,51.67427062988281
D:\vscode\workspace\recurrencePaper\YOLO-26-2\datasets\tt100k_aug_2160\test\images\36793.jpg,D:\vscode\workspace\recurrencePaper\YOLO-26-2\datasets\tt100k_aug_2160\test\labels\36793.txt,,138.67799377441406,53.327857281946486,2909.37109375,43.06026077270508
D:\vscode\workspace\recurrencePaper\YOLO-26-2\datasets\tt100k_aug_2160\test\images\36800.jpg,D:\vscode\workspace\recurrencePaper\YOLO-26-2\datasets\tt100k_aug_2160\test\labels\36800.txt,,136.8496971130371,71.30663949931301,2268.2158203125,41.865928649902344
D:\vscode\workspace\recurrencePaper\YOLO-26-2\datasets\tt100k_aug_2160\test\images\36857.jpg,D:\vscode\workspace\recurrencePaper\YOLO-26-2\datasets\tt100k_aug_2160\test\labels\36857.txt,,141.60376739501953,43.90433138285874,3097.7861328125,37.989479064941406
D:\vscode\workspace\recurrencePaper\YOLO-26-2\datasets\tt100k_aug_2160\test\images\36902.jpg,D:\vscode\workspace\recurrencePaper\YOLO-26-2\datasets\tt100k_aug_2160\test\labels\36902.txt,,152.04351806640625,34.378453947231534,1141.5762939453125,48.977317810058594
D:\vscode\workspace\recurrencePaper\YOLO-26-2\datasets\tt100k_aug_2160\test\images\3691.jpg,D:\vscode\workspace\recurrencePaper\YOLO-26-2\datasets\tt100k_aug_2160\test\labels\3691.txt,,130.61105346679688,47.81405158469546,2636.15283203125,45.92680740356445
D:\vscode\workspace\recurrencePaper\YOLO-26-2\datasets\tt100k_aug_2160\test\images\37034.jpg,D:\vscode\workspace\recurrencePaper\YOLO-26-2\datasets\tt100k_aug_2160\test\labels\37034.txt,,160.89172744750977,34.44765437076788,857.909912109375,32.17388916015625
D:\vscode\workspace\recurrencePaper\YOLO-26-2\datasets\tt100k_aug_2160\test\images\3706.jpg,D:\vscode\workspace\recurrencePaper\YOLO-26-2\datasets\tt100k_aug_2160\test\labels\3706.txt,,150.5570526123047,40.81272585380792,1957.5401611328125,32.506370544433594
D:\vscode\workspace\recurrencePaper\YOLO-26-2\datasets\tt100k_aug_2160\test\images\37124.jpg,D:\vscode\workspace\recurrencePaper\YOLO-26-2\datasets\tt100k_aug_2160\test\labels\37124.txt,,132.15238189697266,46.04515086239884,2368.915283203125,64.42779541015625
D:\vscode\workspace\recurrencePaper\YOLO-26-2\datasets\tt100k_aug_2160\test\images\37166.jpg,D:\vscode\workspace\recurrencePaper\YOLO-26-2\datasets\tt100k_aug_2160\test\labels\37166.txt,,119.79734420776367,56.047754052872875,3417.405029296875,35.83930206298828
D:\vscode\workspace\recurrencePaper\YOLO-26-2\datasets\tt100k_aug_2160\test\images\37212.jpg,D:\vscode\workspace\recurrencePaper\YOLO-26-2\datasets\tt100k_aug_2160\test\labels\37212.txt,,144.96530151367188,43.7803037654751,1503.62939453125,43.9069709777832
D:\vscode\workspace\recurrencePaper\YOLO-26-2\datasets\tt100k_aug_2160\test\images\37237.jpg,D:\vscode\workspace\recurrencePaper\YOLO-26-2\datasets\tt100k_aug_2160\test\labels\37237.txt,,139.7042236328125,44.073331789137505,1689.2724609375,43.93852233886719
D:\vscode\workspace\recurrencePaper\YOLO-26-2\datasets\tt100k_aug_2160\test\images\37281.jpg,D:\vscode\workspace\recurrencePaper\YOLO-26-2\datasets\tt100k_aug_2160\test\labels\37281.txt,,136.14083862304688,60.12101850553111,1309.9139404296875,52.136844635009766
D:\vscode\workspace\recurrencePaper\YOLO-26-2\datasets\tt100k_aug_2160\test\images\37304.jpg,D:\vscode\workspace\recurrencePaper\YOLO-26-2\datasets\tt100k_aug_2160\test\labels\37304.txt,,119.3509750366211,57.495726590479954,4747.12646484375,62.474918365478516
D:\vscode\workspace\recurrencePaper\YOLO-26-2\datasets\tt100k_aug_2160\test\images\37323.jpg,D:\vscode\workspace\recurrencePaper\YOLO-26-2\datasets\tt100k_aug_2160\test\labels\37323.txt,,126.32216262817383,65.61782941315633,1785.3388671875,54.84349822998047
D:\vscode\workspace\recurrencePaper\YOLO-26-2\datasets\tt100k_aug_2160\test\images\37406.jpg,D:\vscode\workspace\recurrencePaper\YOLO-26-2\datasets\tt100k_aug_2160\test\labels\37406.txt,,145.8514862060547,46.03540426641591,4220.65673828125,48.67866897583008
D:\vscode\workspace\recurrencePaper\YOLO-26-2\datasets\tt100k_aug_2160\test\images\37426.jpg,D:\vscode\workspace\recurrencePaper\YOLO-26-2\datasets\tt100k_aug_2160\test\labels\37426.txt,,97.50017929077148,43.383284774853536,1905.6763916015625,70.98775863647461
D:\vscode\workspace\recurrencePaper\YOLO-26-2\datasets\tt100k_aug_2160\test\images\37540.jpg,D:\vscode\workspace\recurrencePaper\YOLO-26-2\datasets\tt100k_aug_2160\test\labels\37540.txt,,139.50033569335938,39.555061688243484,1250.297119140625,39.21829605102539
D:\vscode\workspace\recurrencePaper\YOLO-26-2\datasets\tt100k_aug_2160\test\images\37595.jpg,D:\vscode\workspace\recurrencePaper\YOLO-26-2\datasets\tt100k_aug_2160\test\labels\37595.txt,,141.13092422485352,41.743850965572996,1864.22021484375,40.1788444519043
D:\vscode\workspace\recurrencePaper\YOLO-26-2\datasets\tt100k_aug_2160\test\images\37635.jpg,D:\vscode\workspace\recurrencePaper\YOLO-26-2\datasets\tt100k_aug_2160\test\labels\37635.txt,,128.05209350585938,43.56399155332476,3613.685546875,47.2257080078125
D:\vscode\workspace\recurrencePaper\YOLO-26-2\datasets\tt100k_aug_2160\test\images\37654.jpg,D:\vscode\workspace\recurrencePaper\YOLO-26-2\datasets\tt100k_aug_2160\test\labels\37654.txt,,150.77386093139648,43.981431651849505,3687.812744140625,39.20512771606445
D:\vscode\workspace\recurrencePaper\YOLO-26-2\datasets\tt100k_aug_2160\test\images\3767.jpg,D:\vscode\workspace\recurrencePaper\YOLO-26-2\datasets\tt100k_aug_2160\test\labels\3767.txt,,146.03421020507812,51.415548290065146,902.5684204101562,29.381103515625
D:\vscode\workspace\recurrencePaper\YOLO-26-2\datasets\tt100k_aug_2160\test\images\37737.jpg,D:\vscode\workspace\recurrencePaper\YOLO-26-2\datasets\tt100k_aug_2160\test\labels\37737.txt,,140.9166030883789,45.26521444987766,1711.6519775390625,45.97991180419922
D:\vscode\workspace\recurrencePaper\YOLO-26-2\datasets\tt100k_aug_2160\test\images\37771.jpg,D:\vscode\workspace\recurrencePaper\YOLO-26-2\datasets\tt100k_aug_2160\test\labels\37771.txt,,117.87951278686523,73.48971759239339,1742.439453125,36.14378356933594
D:\vscode\workspace\recurrencePaper\YOLO-26-2\datasets\tt100k_aug_2160\test\images\37811.jpg,D:\vscode\workspace\recurrencePaper\YOLO-26-2\datasets\tt100k_aug_2160\test\labels\37811.txt,,146.69271850585938,71.30944458900683,1580.3807373046875,25.081409454345703
D:\vscode\workspace\recurrencePaper\YOLO-26-2\datasets\tt100k_aug_2160\test\images\37816.jpg,D:\vscode\workspace\recurrencePaper\YOLO-26-2\datasets\tt100k_aug_2160\test\labels\37816.txt,,154.7420539855957,31.12575771824759,2456.214599609375,56.06373977661133
D:\vscode\workspace\recurrencePaper\YOLO-26-2\datasets\tt100k_aug_2160\test\images\37870.jpg,D:\vscode\workspace\recurrencePaper\YOLO-26-2\datasets\tt100k_aug_2160\test\labels\37870.txt,,110.54927444458008,56.87779552663789,1299.732666015625,32.114994049072266
D:\vscode\workspace\recurrencePaper\YOLO-26-2\datasets\tt100k_aug_2160\test\images\37992.jpg,D:\vscode\workspace\recurrencePaper\YOLO-26-2\datasets\tt100k_aug_2160\test\labels\37992.txt,,140.06366348266602,42.73288239188688,3082.833740234375,48.937625885009766
D:\vscode\workspace\recurrencePaper\YOLO-26-2\datasets\tt100k_aug_2160\test\images\38054.jpg,D:\vscode\workspace\recurrencePaper\YOLO-26-2\datasets\tt100k_aug_2160\test\labels\38054.txt,,136.57785415649414,41.11518715309024,1582.5264892578125,47.830230712890625
D:\vscode\workspace\recurrencePaper\YOLO-26-2\datasets\tt100k_aug_2160\test\images\38177.jpg,D:\vscode\workspace\recurrencePaper\YOLO-26-2\datasets\tt100k_aug_2160\test\labels\38177.txt,,135.52420043945312,49.57862314564544,2555.12841796875,52.198299407958984
D:\vscode\workspace\recurrencePaper\YOLO-26-2\datasets\tt100k_aug_2160\test\images\38199.jpg,D:\vscode\workspace\recurrencePaper\YOLO-26-2\datasets\tt100k_aug_2160\test\labels\38199.txt,,123.9113655090332,60.80390251765887,1239.820068359375,41.44955062866211
D:\vscode\workspace\recurrencePaper\YOLO-26-2\datasets\tt100k_aug_2160\test\images\38212.jpg,D:\vscode\workspace\recurrencePaper\YOLO-26-2\datasets\tt100k_aug_2160\test\labels\38212.txt,,164.0478172302246,56.405374928660976,1362.4351806640625,23.484745025634766
D:\vscode\workspace\recurrencePaper\YOLO-26-2\datasets\tt100k_aug_2160\test\images\38275.jpg,D:\vscode\workspace\recurrencePaper\YOLO-26-2\datasets\tt100k_aug_2160\test\labels\38275.txt,,112.99909973144531,49.74243243711354,1808.9755859375,75.28448486328125
D:\vscode\workspace\recurrencePaper\YOLO-26-2\datasets\tt100k_aug_2160\test\images\38371.jpg,D:\vscode\workspace\recurrencePaper\YOLO-26-2\datasets\tt100k_aug_2160\test\labels\38371.txt,,127.6792106628418,61.55316360432202,1828.0733642578125,46.67955017089844
D:\vscode\workspace\recurrencePaper\YOLO-26-2\datasets\tt100k_aug_2160\test\images\38449.jpg,D:\vscode\workspace\recurrencePaper\YOLO-26-2\datasets\tt100k_aug_2160\test\labels\38449.txt,,162.52287673950195,51.03528798329731,1753.008544921875,43.744842529296875
D:\vscode\workspace\recurrencePaper\YOLO-26-2\datasets\tt100k_aug_2160\test\images\38467.jpg,D:\vscode\workspace\recurrencePaper\YOLO-26-2\datasets\tt100k_aug_2160\test\labels\38467.txt,,94.40557098388672,83.64234405761486,1493.5653076171875,38.68229675292969
D:\vscode\workspace\recurrencePaper\YOLO-26-2\datasets\tt100k_aug_2160\test\images\38527.jpg,D:\vscode\workspace\recurrencePaper\YOLO-26-2\datasets\tt100k_aug_2160\test\labels\38527.txt,,150.95094680786133,44.12193431308557,2258.03857421875,51.659122467041016
D:\vscode\workspace\recurrencePaper\YOLO-26-2\datasets\tt100k_aug_2160\test\images\38609.jpg,D:\vscode\workspace\recurrencePaper\YOLO-26-2\datasets\tt100k_aug_2160\test\labels\38609.txt,,127.04470825195312,49.483257275798756,8708.4931640625,50.234004974365234
D:\vscode\workspace\recurrencePaper\YOLO-26-2\datasets\tt100k_aug_2160\test\images\3879.jpg,D:\vscode\workspace\recurrencePaper\YOLO-26-2\datasets\tt100k_aug_2160\test\labels\3879.txt,,123.6998176574707,60.130803241782054,3925.578857421875,51.520965576171875
D:\vscode\workspace\recurrencePaper\YOLO-26-2\datasets\tt100k_aug_2160\test\images\38832.jpg,D:\vscode\workspace\recurrencePaper\YOLO-26-2\datasets\tt100k_aug_2160\test\labels\38832.txt,,136.54004287719727,40.73538786991861,1551.3740234375,54.31843566894531
D:\vscode\workspace\recurrencePaper\YOLO-26-2\datasets\tt100k_aug_2160\test\images\38838.jpg,D:\vscode\workspace\recurrencePaper\YOLO-26-2\datasets\tt100k_aug_2160\test\labels\38838.txt,,137.5337257385254,43.61856992845888,2470.21630859375,48.153507232666016
D:\vscode\workspace\recurrencePaper\YOLO-26-2\datasets\tt100k_aug_2160\test\images\38851.jpg,D:\vscode\workspace\recurrencePaper\YOLO-26-2\datasets\tt100k_aug_2160\test\labels\38851.txt,,146.79719924926758,62.291739737114035,2227.3427734375,38.02095031738281
D:\vscode\workspace\recurrencePaper\YOLO-26-2\datasets\tt100k_aug_2160\test\images\38876.jpg,D:\vscode\workspace\recurrencePaper\YOLO-26-2\datasets\tt100k_aug_2160\test\labels\38876.txt,,132.29949951171875,49.15644516056598,2034.4984130859375,42.96282196044922
D:\vscode\workspace\recurrencePaper\YOLO-26-2\datasets\tt100k_aug_2160\test\images\38907.jpg,D:\vscode\workspace\recurrencePaper\YOLO-26-2\datasets\tt100k_aug_2160\test\labels\38907.txt,,123.34762191772461,41.51799628742081,2765.1240234375,68.70818328857422
D:\vscode\workspace\recurrencePaper\YOLO-26-2\datasets\tt100k_aug_2160\test\images\39032.jpg,D:\vscode\workspace\recurrencePaper\YOLO-26-2\datasets\tt100k_aug_2160\test\labels\39032.txt,,139.42407989501953,60.318146058123546,1282.1375732421875,38.03070068359375
D:\vscode\workspace\recurrencePaper\YOLO-26-2\datasets\tt100k_aug_2160\test\images\39049.jpg,D:\vscode\workspace\recurrencePaper\YOLO-26-2\datasets\tt100k_aug_2160\test\labels\39049.txt,,112.35947036743164,43.6354878245565,1683.0504150390625,60.2820930480957
D:\vscode\workspace\recurrencePaper\YOLO-26-2\datasets\tt100k_aug_2160\test\images\39118.jpg,D:\vscode\workspace\recurrencePaper\YOLO-26-2\datasets\tt100k_aug_2160\test\labels\39118.txt,,121.4521713256836,47.10345267192888,5166.0263671875,87.94964218139648
D:\vscode\workspace\recurrencePaper\YOLO-26-2\datasets\tt100k_aug_2160\test\images\39248.jpg,D:\vscode\workspace\recurrencePaper\YOLO-26-2\datasets\tt100k_aug_2160\test\labels\39248.txt,,158.1041488647461,63.74223335759709,2152.341064453125,26.122459411621094
D:\vscode\workspace\recurrencePaper\YOLO-26-2\datasets\tt100k_aug_2160\test\images\3926.jpg,D:\vscode\workspace\recurrencePaper\YOLO-26-2\datasets\tt100k_aug_2160\test\labels\3926.txt,,132.26768112182617,42.2354780689386,2683.7392578125,51.77557373046875
D:\vscode\workspace\recurrencePaper\YOLO-26-2\datasets\tt100k_aug_2160\test\images\394.jpg,D:\vscode\workspace\recurrencePaper\YOLO-26-2\datasets\tt100k_aug_2160\test\labels\394.txt,,148.56542587280273,59.87883655085636,1690.37646484375,36.255958557128906
D:\vscode\workspace\recurrencePaper\YOLO-26-2\datasets\tt100k_aug_2160\test\images\3947.jpg,D:\vscode\workspace\recurrencePaper\YOLO-26-2\datasets\tt100k_aug_2160\test\labels\3947.txt,,149.28520584106445,43.701469210986254,4035.826171875,46.24601364135742
D:\vscode\workspace\recurrencePaper\YOLO-26-2\datasets\tt100k_aug_2160\test\images\39470.jpg,D:\vscode\workspace\recurrencePaper\YOLO-26-2\datasets\tt100k_aug_2160\test\labels\39470.txt,,134.7929801940918,38.85364283083988,1363.484130859375,50.468650817871094
D:\vscode\workspace\recurrencePaper\YOLO-26-2\datasets\tt100k_aug_2160\test\images\39535.jpg,D:\vscode\workspace\recurrencePaper\YOLO-26-2\datasets\tt100k_aug_2160\test\labels\39535.txt,,134.09236526489258,50.086956648590196,1970.866943359375,39.11727523803711
D:\vscode\workspace\recurrencePaper\YOLO-26-2\datasets\tt100k_aug_2160\test\images\39555.jpg,D:\vscode\workspace\recurrencePaper\YOLO-26-2\datasets\tt100k_aug_2160\test\labels\39555.txt,,123.8281135559082,59.040510202516316,1566.1644287109375,45.47243881225586
D:\vscode\workspace\recurrencePaper\YOLO-26-2\datasets\tt100k_aug_2160\test\images\39567.jpg,D:\vscode\workspace\recurrencePaper\YOLO-26-2\datasets\tt100k_aug_2160\test\labels\39567.txt,,140.1307258605957,39.591961063739475,1766.507568359375,55.442588806152344
D:\vscode\workspace\recurrencePaper\YOLO-26-2\datasets\tt100k_aug_2160\test\images\39604.jpg,D:\vscode\workspace\recurrencePaper\YOLO-26-2\datasets\tt100k_aug_2160\test\labels\39604.txt,,125.6176872253418,47.473173787191705,1654.9183349609375,41.10986328125
D:\vscode\workspace\recurrencePaper\YOLO-26-2\datasets\tt100k_aug_2160\test\images\39633.jpg,D:\vscode\workspace\recurrencePaper\YOLO-26-2\datasets\tt100k_aug_2160\test\labels\39633.txt,,138.9458236694336,62.48864205231925,6778.62353515625,32.42723083496094
D:\vscode\workspace\recurrencePaper\YOLO-26-2\datasets\tt100k_aug_2160\test\images\39689.jpg,D:\vscode\workspace\recurrencePaper\YOLO-26-2\datasets\tt100k_aug_2160\test\labels\39689.txt,,148.74197006225586,57.092126301343875,1807.8013916015625,23.321372985839844
D:\vscode\workspace\recurrencePaper\YOLO-26-2\datasets\tt100k_aug_2160\test\images\39699.jpg,D:\vscode\workspace\recurrencePaper\YOLO-26-2\datasets\tt100k_aug_2160\test\labels\39699.txt,,143.20701217651367,46.26522168676092,1715.47998046875,45.17659378051758
D:\vscode\workspace\recurrencePaper\YOLO-26-2\datasets\tt100k_aug_2160\test\images\39785.jpg,D:\vscode\workspace\recurrencePaper\YOLO-26-2\datasets\tt100k_aug_2160\test\labels\39785.txt,,90.35610580444336,67.95752248119601,2548.939208984375,43.01509475708008
D:\vscode\workspace\recurrencePaper\YOLO-26-2\datasets\tt100k_aug_2160\test\images\39821.jpg,D:\vscode\workspace\recurrencePaper\YOLO-26-2\datasets\tt100k_aug_2160\test\labels\39821.txt,,103.92241287231445,64.00435620489206,1465.711669921875,45.28007888793945
D:\vscode\workspace\recurrencePaper\YOLO-26-2\datasets\tt100k_aug_2160\test\images\39920.jpg,D:\vscode\workspace\recurrencePaper\YOLO-26-2\datasets\tt100k_aug_2160\test\labels\39920.txt,,139.676025390625,50.156612235095174,1106.5784912109375,32.66800308227539
D:\vscode\workspace\recurrencePaper\YOLO-26-2\datasets\tt100k_aug_2160\test\images\40023.jpg,D:\vscode\workspace\recurrencePaper\YOLO-26-2\datasets\tt100k_aug_2160\test\labels\40023.txt,,122.35451889038086,47.367628738411284,3022.936767578125,63.01837158203125
D:\vscode\workspace\recurrencePaper\YOLO-26-2\datasets\tt100k_aug_2160\test\images\40043.jpg,D:\vscode\workspace\recurrencePaper\YOLO-26-2\datasets\tt100k_aug_2160\test\labels\40043.txt,,156.83829879760742,59.3916337542809,2060.329833984375,27.175865173339844
D:\vscode\workspace\recurrencePaper\YOLO-26-2\datasets\tt100k_aug_2160\test\images\40063.jpg,D:\vscode\workspace\recurrencePaper\YOLO-26-2\datasets\tt100k_aug_2160\test\labels\40063.txt,,146.33522033691406,43.32864973530564,9411.775390625,45.609275817871094
D:\vscode\workspace\recurrencePaper\YOLO-26-2\datasets\tt100k_aug_2160\test\images\40064.jpg,D:\vscode\workspace\recurrencePaper\YOLO-26-2\datasets\tt100k_aug_2160\test\labels\40064.txt,,162.59707260131836,55.63499151075054,1117.982177734375,12.212127685546875
D:\vscode\workspace\recurrencePaper\YOLO-26-2\datasets\tt100k_aug_2160\test\images\40081.jpg,D:\vscode\workspace\recurrencePaper\YOLO-26-2\datasets\tt100k_aug_2160\test\labels\40081.txt,,145.74397659301758,45.51020027890413,1544.8768310546875,37.2064094543457
D:\vscode\workspace\recurrencePaper\YOLO-26-2\datasets\tt100k_aug_2160\test\images\40100.jpg,D:\vscode\workspace\recurrencePaper\YOLO-26-2\datasets\tt100k_aug_2160\test\labels\40100.txt,,130.72793579101562,61.415005090513915,3196.20703125,51.0458984375
D:\vscode\workspace\recurrencePaper\YOLO-26-2\datasets\tt100k_aug_2160\test\images\40101.jpg,D:\vscode\workspace\recurrencePaper\YOLO-26-2\datasets\tt100k_aug_2160\test\labels\40101.txt,,145.09967803955078,48.60421698735572,4907.8291015625,54.92636489868164
D:\vscode\workspace\recurrencePaper\YOLO-26-2\datasets\tt100k_aug_2160\test\images\40141.jpg,D:\vscode\workspace\recurrencePaper\YOLO-26-2\datasets\tt100k_aug_2160\test\labels\40141.txt,,146.55009078979492,40.9362403388282,2394.0693359375,48.21938705444336
D:\vscode\workspace\recurrencePaper\YOLO-26-2\datasets\tt100k_aug_2160\test\images\40192.jpg,D:\vscode\workspace\recurrencePaper\YOLO-26-2\datasets\tt100k_aug_2160\test\labels\40192.txt,,127.72108459472656,55.62429242731958,1672.9266357421875,41.775123596191406
D:\vscode\workspace\recurrencePaper\YOLO-26-2\datasets\tt100k_aug_2160\test\images\40308.jpg,D:\vscode\workspace\recurrencePaper\YOLO-26-2\datasets\tt100k_aug_2160\test\labels\40308.txt,,132.33205795288086,51.8581504702998,5010.02587890625,78.78096008300781
D:\vscode\workspace\recurrencePaper\YOLO-26-2\datasets\tt100k_aug_2160\test\images\40317.jpg,D:\vscode\workspace\recurrencePaper\YOLO-26-2\datasets\tt100k_aug_2160\test\labels\40317.txt,,176.18394470214844,45.34238677071172,1366.3033447265625,25.31218719482422
D:\vscode\workspace\recurrencePaper\YOLO-26-2\datasets\tt100k_aug_2160\test\images\40418.jpg,D:\vscode\workspace\recurrencePaper\YOLO-26-2\datasets\tt100k_aug_2160\test\labels\40418.txt,,86.6573715209961,73.1600581659988,1602.566650390625,34.39684295654297
D:\vscode\workspace\recurrencePaper\YOLO-26-2\datasets\tt100k_aug_2160\test\images\40429.jpg,D:\vscode\workspace\recurrencePaper\YOLO-26-2\datasets\tt100k_aug_2160\test\labels\40429.txt,,144.24236297607422,45.198170931726544,1874.853271484375,43.07612228393555
D:\vscode\workspace\recurrencePaper\YOLO-26-2\datasets\tt100k_aug_2160\test\images\40432.jpg,D:\vscode\workspace\recurrencePaper\YOLO-26-2\datasets\tt100k_aug_2160\test\labels\40432.txt,,141.75973510742188,46.167300675116465,6814.62890625,54.61504364013672
D:\vscode\workspace\recurrencePaper\YOLO-26-2\datasets\tt100k_aug_2160\test\images\40479.jpg,D:\vscode\workspace\recurrencePaper\YOLO-26-2\datasets\tt100k_aug_2160\test\labels\40479.txt,,151.42127990722656,34.51356756663644,1420.8055419921875,79.78974914550781
D:\vscode\workspace\recurrencePaper\YOLO-26-2\datasets\tt100k_aug_2160\test\images\40486.jpg,D:\vscode\workspace\recurrencePaper\YOLO-26-2\datasets\tt100k_aug_2160\test\labels\40486.txt,,106.84276580810547,63.87726384821967,1613.949462890625,51.870670318603516
D:\vscode\workspace\recurrencePaper\YOLO-26-2\datasets\tt100k_aug_2160\test\images\40506.jpg,D:\vscode\workspace\recurrencePaper\YOLO-26-2\datasets\tt100k_aug_2160\test\labels\40506.txt,,97.2265510559082,60.28020389325404,1998.9149169921875,59.231300354003906
D:\vscode\workspace\recurrencePaper\YOLO-26-2\datasets\tt100k_aug_2160\test\images\40508.jpg,D:\vscode\workspace\recurrencePaper\YOLO-26-2\datasets\tt100k_aug_2160\test\labels\40508.txt,,180.08504104614258,49.76051078371545,2283.781982421875,23.602115631103516
D:\vscode\workspace\recurrencePaper\YOLO-26-2\datasets\tt100k_aug_2160\test\images\40522.jpg,D:\vscode\workspace\recurrencePaper\YOLO-26-2\datasets\tt100k_aug_2160\test\labels\40522.txt,,157.14186477661133,61.99158012040317,3438.623046875,30.383136749267578
D:\vscode\workspace\recurrencePaper\YOLO-26-2\datasets\tt100k_aug_2160\test\images\40558.jpg,D:\vscode\workspace\recurrencePaper\YOLO-26-2\datasets\tt100k_aug_2160\test\labels\40558.txt,,129.95006942749023,54.080636728235156,1499.1724853515625,35.16901397705078
D:\vscode\workspace\recurrencePaper\YOLO-26-2\datasets\tt100k_aug_2160\test\images\40572.jpg,D:\vscode\workspace\recurrencePaper\YOLO-26-2\datasets\tt100k_aug_2160\test\labels\40572.txt,,140.9543228149414,42.66229598960913,2679.38037109375,55.29351806640625
D:\vscode\workspace\recurrencePaper\YOLO-26-2\datasets\tt100k_aug_2160\test\images\40621.jpg,D:\vscode\workspace\recurrencePaper\YOLO-26-2\datasets\tt100k_aug_2160\test\labels\40621.txt,,137.25958251953125,41.37493324522002,1434.7957763671875,44.01123809814453
D:\vscode\workspace\recurrencePaper\YOLO-26-2\datasets\tt100k_aug_2160\test\images\40646.jpg,D:\vscode\workspace\recurrencePaper\YOLO-26-2\datasets\tt100k_aug_2160\test\labels\40646.txt,,117.5112190246582,51.95923392056508,2106.9443359375,56.18842697143555
D:\vscode\workspace\recurrencePaper\YOLO-26-2\datasets\tt100k_aug_2160\test\images\40652.jpg,D:\vscode\workspace\recurrencePaper\YOLO-26-2\datasets\tt100k_aug_2160\test\labels\40652.txt,,126.69285202026367,64.58292931639947,3304.475830078125,32.10862350463867
D:\vscode\workspace\recurrencePaper\YOLO-26-2\datasets\tt100k_aug_2160\test\images\40713.jpg,D:\vscode\workspace\recurrencePaper\YOLO-26-2\datasets\tt100k_aug_2160\test\labels\40713.txt,,134.10488510131836,46.40623492345656,4365.41796875,75.8590202331543
D:\vscode\workspace\recurrencePaper\YOLO-26-2\datasets\tt100k_aug_2160\test\images\40789.jpg,D:\vscode\workspace\recurrencePaper\YOLO-26-2\datasets\tt100k_aug_2160\test\labels\40789.txt,,125.15690994262695,60.65634794620048,3163.384521484375,42.52362823486328
D:\vscode\workspace\recurrencePaper\YOLO-26-2\datasets\tt100k_aug_2160\test\images\40796.jpg,D:\vscode\workspace\recurrencePaper\YOLO-26-2\datasets\tt100k_aug_2160\test\labels\40796.txt,,133.13404083251953,45.51236875633952,3413.0849609375,65.3538932800293
D:\vscode\workspace\recurrencePaper\YOLO-26-2\datasets\tt100k_aug_2160\test\images\40862.jpg,D:\vscode\workspace\recurrencePaper\YOLO-26-2\datasets\tt100k_aug_2160\test\labels\40862.txt,,154.5061492919922,58.24029480097579,2434.30078125,32.01164245605469
D:\vscode\workspace\recurrencePaper\YOLO-26-2\datasets\tt100k_aug_2160\test\images\40922.jpg,D:\vscode\workspace\recurrencePaper\YOLO-26-2\datasets\tt100k_aug_2160\test\labels\40922.txt,,121.7464828491211,66.68190397276548,2664.6435546875,47.74742889404297
D:\vscode\workspace\recurrencePaper\YOLO-26-2\datasets\tt100k_aug_2160\test\images\40962.jpg,D:\vscode\workspace\recurrencePaper\YOLO-26-2\datasets\tt100k_aug_2160\test\labels\40962.txt,,130.31050872802734,73.27283263085475,2013.564208984375,24.46472930908203
D:\vscode\workspace\recurrencePaper\YOLO-26-2\datasets\tt100k_aug_2160\test\images\40980.jpg,D:\vscode\workspace\recurrencePaper\YOLO-26-2\datasets\tt100k_aug_2160\test\labels\40980.txt,,141.67428588867188,33.11288260609702,1199.71142578125,42.3873291015625
D:\vscode\workspace\recurrencePaper\YOLO-26-2\datasets\tt100k_aug_2160\test\images\41058.jpg,D:\vscode\workspace\recurrencePaper\YOLO-26-2\datasets\tt100k_aug_2160\test\labels\41058.txt,,142.8608741760254,46.912458948109744,1085.69091796875,49.35681915283203
D:\vscode\workspace\recurrencePaper\YOLO-26-2\datasets\tt100k_aug_2160\test\images\41063.jpg,D:\vscode\workspace\recurrencePaper\YOLO-26-2\datasets\tt100k_aug_2160\test\labels\41063.txt,,123.73596954345703,49.41281994932869,1903.34619140625,48.48963165283203
D:\vscode\workspace\recurrencePaper\YOLO-26-2\datasets\tt100k_aug_2160\test\images\4107.jpg,D:\vscode\workspace\recurrencePaper\YOLO-26-2\datasets\tt100k_aug_2160\test\labels\4107.txt,,153.75350189208984,36.45553931622866,1854.1171875,42.05135726928711
D:\vscode\workspace\recurrencePaper\YOLO-26-2\datasets\tt100k_aug_2160\test\images\41129.jpg,D:\vscode\workspace\recurrencePaper\YOLO-26-2\datasets\tt100k_aug_2160\test\labels\41129.txt,,148.75211334228516,39.406825973534616,3280.550048828125,42.299102783203125
D:\vscode\workspace\recurrencePaper\YOLO-26-2\datasets\tt100k_aug_2160\test\images\4115.jpg,D:\vscode\workspace\recurrencePaper\YOLO-26-2\datasets\tt100k_aug_2160\test\labels\4115.txt,,154.47701263427734,39.079045396297744,2568.724609375,44.26455307006836
D:\vscode\workspace\recurrencePaper\YOLO-26-2\datasets\tt100k_aug_2160\test\images\41169.jpg,D:\vscode\workspace\recurrencePaper\YOLO-26-2\datasets\tt100k_aug_2160\test\labels\41169.txt,,146.58705139160156,37.66861969256391,1461.366455078125,37.494232177734375
D:\vscode\workspace\recurrencePaper\YOLO-26-2\datasets\tt100k_aug_2160\test\images\41240.jpg,D:\vscode\workspace\recurrencePaper\YOLO-26-2\datasets\tt100k_aug_2160\test\labels\41240.txt,,145.69307327270508,43.29892974933595,1934.84619140625,35.36629867553711
D:\vscode\workspace\recurrencePaper\YOLO-26-2\datasets\tt100k_aug_2160\test\images\41412.jpg,D:\vscode\workspace\recurrencePaper\YOLO-26-2\datasets\tt100k_aug_2160\test\labels\41412.txt,,143.79764556884766,40.02455872534155,1457.7142333984375,43.1657600402832
D:\vscode\workspace\recurrencePaper\YOLO-26-2\datasets\tt100k_aug_2160\test\images\41417.jpg,D:\vscode\workspace\recurrencePaper\YOLO-26-2\datasets\tt100k_aug_2160\test\labels\41417.txt,,153.3661117553711,68.45000785315965,2862.308349609375,40.658023834228516
D:\vscode\workspace\recurrencePaper\YOLO-26-2\datasets\tt100k_aug_2160\test\images\4152.jpg,D:\vscode\workspace\recurrencePaper\YOLO-26-2\datasets\tt100k_aug_2160\test\labels\4152.txt,,73.23672866821289,44.583968260626484,823.288330078125,49.76443862915039
D:\vscode\workspace\recurrencePaper\YOLO-26-2\datasets\tt100k_aug_2160\test\images\41562.jpg,D:\vscode\workspace\recurrencePaper\YOLO-26-2\datasets\tt100k_aug_2160\test\labels\41562.txt,,138.71821975708008,45.506008830387565,1815.173828125,42.73258972167969
D:\vscode\workspace\recurrencePaper\YOLO-26-2\datasets\tt100k_aug_2160\test\images\41593.jpg,D:\vscode\workspace\recurrencePaper\YOLO-26-2\datasets\tt100k_aug_2160\test\labels\41593.txt,,128.62093353271484,74.1047926060794,4593.77685546875,38.038639068603516
D:\vscode\workspace\recurrencePaper\YOLO-26-2\datasets\tt100k_aug_2160\test\images\41605.jpg,D:\vscode\workspace\recurrencePaper\YOLO-26-2\datasets\tt100k_aug_2160\test\labels\41605.txt,,110.29333877563477,58.65511611153606,6776.7685546875,63.99371337890625
D:\vscode\workspace\recurrencePaper\YOLO-26-2\datasets\tt100k_aug_2160\test\images\41647.jpg,D:\vscode\workspace\recurrencePaper\YOLO-26-2\datasets\tt100k_aug_2160\test\labels\41647.txt,,149.22531127929688,47.58352650373879,943.5172119140625,46.81481170654297
D:\vscode\workspace\recurrencePaper\YOLO-26-2\datasets\tt100k_aug_2160\test\images\41668.jpg,D:\vscode\workspace\recurrencePaper\YOLO-26-2\datasets\tt100k_aug_2160\test\labels\41668.txt,,137.9490623474121,59.301741041820556,1627.5533447265625,49.87488555908203
D:\vscode\workspace\recurrencePaper\YOLO-26-2\datasets\tt100k_aug_2160\test\images\41716.jpg,D:\vscode\workspace\recurrencePaper\YOLO-26-2\datasets\tt100k_aug_2160\test\labels\41716.txt,,142.56693649291992,47.67616633113694,1412.1494140625,40.70989990234375
D:\vscode\workspace\recurrencePaper\YOLO-26-2\datasets\tt100k_aug_2160\test\images\41818.jpg,D:\vscode\workspace\recurrencePaper\YOLO-26-2\datasets\tt100k_aug_2160\test\labels\41818.txt,,128.81170654296875,64.5430471750478,2697.607666015625,39.41065216064453
D:\vscode\workspace\recurrencePaper\YOLO-26-2\datasets\tt100k_aug_2160\test\images\419.jpg,D:\vscode\workspace\recurrencePaper\YOLO-26-2\datasets\tt100k_aug_2160\test\labels\419.txt,,166.76918411254883,41.38371185244277,1261.1007080078125,50.0223503112793
D:\vscode\workspace\recurrencePaper\YOLO-26-2\datasets\tt100k_aug_2160\test\images\42026.jpg,D:\vscode\workspace\recurrencePaper\YOLO-26-2\datasets\tt100k_aug_2160\test\labels\42026.txt,,125.7848892211914,54.47806541298895,2900.309326171875,49.740386962890625
D:\vscode\workspace\recurrencePaper\YOLO-26-2\datasets\tt100k_aug_2160\test\images\42040.jpg,D:\vscode\workspace\recurrencePaper\YOLO-26-2\datasets\tt100k_aug_2160\test\labels\42040.txt,,137.0477066040039,80.70448578018629,1469.424072265625,33.107666015625
D:\vscode\workspace\recurrencePaper\YOLO-26-2\datasets\tt100k_aug_2160\test\images\42127.jpg,D:\vscode\workspace\recurrencePaper\YOLO-26-2\datasets\tt100k_aug_2160\test\labels\42127.txt,,142.48413467407227,67.71731443385596,2429.810791015625,74.55641555786133
D:\vscode\workspace\recurrencePaper\YOLO-26-2\datasets\tt100k_aug_2160\test\images\42180.jpg,D:\vscode\workspace\recurrencePaper\YOLO-26-2\datasets\tt100k_aug_2160\test\labels\42180.txt,,161.03508758544922,60.137464195416484,1790.908203125,12.568347930908203
D:\vscode\workspace\recurrencePaper\YOLO-26-2\datasets\tt100k_aug_2160\test\images\42192.jpg,D:\vscode\workspace\recurrencePaper\YOLO-26-2\datasets\tt100k_aug_2160\test\labels\42192.txt,,147.79807662963867,49.18679931569022,913.5123901367188,30.651710510253906
D:\vscode\workspace\recurrencePaper\YOLO-26-2\datasets\tt100k_aug_2160\test\images\42207.jpg,D:\vscode\workspace\recurrencePaper\YOLO-26-2\datasets\tt100k_aug_2160\test\labels\42207.txt,,136.21723556518555,67.49346050335004,2730.378662109375,29.82520294189453
D:\vscode\workspace\recurrencePaper\YOLO-26-2\datasets\tt100k_aug_2160\test\images\42319.jpg,D:\vscode\workspace\recurrencePaper\YOLO-26-2\datasets\tt100k_aug_2160\test\labels\42319.txt,,147.9632453918457,59.0206713548412,1397.463623046875,32.53181457519531
D:\vscode\workspace\recurrencePaper\YOLO-26-2\datasets\tt100k_aug_2160\test\images\4232.jpg,D:\vscode\workspace\recurrencePaper\YOLO-26-2\datasets\tt100k_aug_2160\test\labels\4232.txt,,141.05754852294922,41.7890576538372,976.5838623046875,38.88407516479492
D:\vscode\workspace\recurrencePaper\YOLO-26-2\datasets\tt100k_aug_2160\test\images\42323.jpg,D:\vscode\workspace\recurrencePaper\YOLO-26-2\datasets\tt100k_aug_2160\test\labels\42323.txt,,139.40822982788086,29.03980353550156,2002.5557861328125,50.57453155517578
D:\vscode\workspace\recurrencePaper\YOLO-26-2\datasets\tt100k_aug_2160\test\images\42332.jpg,D:\vscode\workspace\recurrencePaper\YOLO-26-2\datasets\tt100k_aug_2160\test\labels\42332.txt,,95.79408264160156,57.86430805818679,1541.665283203125,27.93356704711914
D:\vscode\workspace\recurrencePaper\YOLO-26-2\datasets\tt100k_aug_2160\test\images\42416.jpg,D:\vscode\workspace\recurrencePaper\YOLO-26-2\datasets\tt100k_aug_2160\test\labels\42416.txt,,157.74430465698242,45.39065088464953,1404.8260498046875,24.116256713867188
D:\vscode\workspace\recurrencePaper\YOLO-26-2\datasets\tt100k_aug_2160\test\images\42437.jpg,D:\vscode\workspace\recurrencePaper\YOLO-26-2\datasets\tt100k_aug_2160\test\labels\42437.txt,,127.55813598632812,53.12563095642834,4119.21240234375,52.1561279296875
D:\vscode\workspace\recurrencePaper\YOLO-26-2\datasets\tt100k_aug_2160\test\images\42493.jpg,D:\vscode\workspace\recurrencePaper\YOLO-26-2\datasets\tt100k_aug_2160\test\labels\42493.txt,,123.92289352416992,55.926800040445656,1156.3876953125,36.294281005859375
D:\vscode\workspace\recurrencePaper\YOLO-26-2\datasets\tt100k_aug_2160\test\images\42555.jpg,D:\vscode\workspace\recurrencePaper\YOLO-26-2\datasets\tt100k_aug_2160\test\labels\42555.txt,,134.44899368286133,49.802224050386435,2578.97802734375,54.635440826416016
D:\vscode\workspace\recurrencePaper\YOLO-26-2\datasets\tt100k_aug_2160\test\images\42568.jpg,D:\vscode\workspace\recurrencePaper\YOLO-26-2\datasets\tt100k_aug_2160\test\labels\42568.txt,,126.82880020141602,49.89779538822126,2895.16162109375,53.80973815917969
D:\vscode\workspace\recurrencePaper\YOLO-26-2\datasets\tt100k_aug_2160\test\images\42593.jpg,D:\vscode\workspace\recurrencePaper\YOLO-26-2\datasets\tt100k_aug_2160\test\labels\42593.txt,,110.29402923583984,53.66712946457684,3001.845458984375,60.28829574584961
D:\vscode\workspace\recurrencePaper\YOLO-26-2\datasets\tt100k_aug_2160\test\images\42647.jpg,D:\vscode\workspace\recurrencePaper\YOLO-26-2\datasets\tt100k_aug_2160\test\labels\42647.txt,,128.2065315246582,52.199533618901576,2067.06103515625,56.43824768066406
D:\vscode\workspace\recurrencePaper\YOLO-26-2\datasets\tt100k_aug_2160\test\images\42649.jpg,D:\vscode\workspace\recurrencePaper\YOLO-26-2\datasets\tt100k_aug_2160\test\labels\42649.txt,,138.31013870239258,77.67621573962067,1447.69482421875,37.68855285644531
D:\vscode\workspace\recurrencePaper\YOLO-26-2\datasets\tt100k_aug_2160\test\images\4279.jpg,D:\vscode\workspace\recurrencePaper\YOLO-26-2\datasets\tt100k_aug_2160\test\labels\4279.txt,,130.23836135864258,51.389110659664766,2204.91943359375,49.56555938720703
D:\vscode\workspace\recurrencePaper\YOLO-26-2\datasets\tt100k_aug_2160\test\images\42791.jpg,D:\vscode\workspace\recurrencePaper\YOLO-26-2\datasets\tt100k_aug_2160\test\labels\42791.txt,,137.84884643554688,43.80392745238447,3091.83642578125,52.76019287109375
D:\vscode\workspace\recurrencePaper\YOLO-26-2\datasets\tt100k_aug_2160\test\images\42814.jpg,D:\vscode\workspace\recurrencePaper\YOLO-26-2\datasets\tt100k_aug_2160\test\labels\42814.txt,,145.9081916809082,57.28291685316332,1324.75830078125,47.34554672241211
D:\vscode\workspace\recurrencePaper\YOLO-26-2\datasets\tt100k_aug_2160\test\images\42847.jpg,D:\vscode\workspace\recurrencePaper\YOLO-26-2\datasets\tt100k_aug_2160\test\labels\42847.txt,,148.90948867797852,58.48806423911729,2017.2508544921875,50.20746994018555
D:\vscode\workspace\recurrencePaper\YOLO-26-2\datasets\tt100k_aug_2160\test\images\42883.jpg,D:\vscode\workspace\recurrencePaper\YOLO-26-2\datasets\tt100k_aug_2160\test\labels\42883.txt,,93.90343856811523,60.03394002183997,1645.306884765625,51.315452575683594
D:\vscode\workspace\recurrencePaper\YOLO-26-2\datasets\tt100k_aug_2160\test\images\42976.jpg,D:\vscode\workspace\recurrencePaper\YOLO-26-2\datasets\tt100k_aug_2160\test\labels\42976.txt,,146.76659774780273,42.44245040327111,3100.50048828125,41.27499008178711
D:\vscode\workspace\recurrencePaper\YOLO-26-2\datasets\tt100k_aug_2160\test\images\43019.jpg,D:\vscode\workspace\recurrencePaper\YOLO-26-2\datasets\tt100k_aug_2160\test\labels\43019.txt,,112.1269645690918,83.76971807487848,861.7145385742188,39.94784927368164
D:\vscode\workspace\recurrencePaper\YOLO-26-2\datasets\tt100k_aug_2160\test\images\43033.jpg,D:\vscode\workspace\recurrencePaper\YOLO-26-2\datasets\tt100k_aug_2160\test\labels\43033.txt,,154.36907577514648,62.167659199156155,911.8141479492188,24.94051742553711
D:\vscode\workspace\recurrencePaper\YOLO-26-2\datasets\tt100k_aug_2160\test\images\43061.jpg,D:\vscode\workspace\recurrencePaper\YOLO-26-2\datasets\tt100k_aug_2160\test\labels\43061.txt,,148.07781219482422,40.56188911656753,2792.42041015625,54.88077163696289
D:\vscode\workspace\recurrencePaper\YOLO-26-2\datasets\tt100k_aug_2160\test\images\43094.jpg,D:\vscode\workspace\recurrencePaper\YOLO-26-2\datasets\tt100k_aug_2160\test\labels\43094.txt,,78.9908447265625,53.40793888740231,4725.0771484375,105.00087356567383
D:\vscode\workspace\recurrencePaper\YOLO-26-2\datasets\tt100k_aug_2160\test\images\43136.jpg,D:\vscode\workspace\recurrencePaper\YOLO-26-2\datasets\tt100k_aug_2160\test\labels\43136.txt,,142.1753158569336,38.073479775161914,2173.50537109375,52.5349235534668
D:\vscode\workspace\recurrencePaper\YOLO-26-2\datasets\tt100k_aug_2160\test\images\43150.jpg,D:\vscode\workspace\recurrencePaper\YOLO-26-2\datasets\tt100k_aug_2160\test\labels\43150.txt,,150.66803741455078,39.326373489746615,1939.2801513671875,38.0214729309082
D:\vscode\workspace\recurrencePaper\YOLO-26-2\datasets\tt100k_aug_2160\test\images\4317.jpg,D:\vscode\workspace\recurrencePaper\YOLO-26-2\datasets\tt100k_aug_2160\test\labels\4317.txt,,167.79922103881836,59.98694593840803,3369.979248046875,53.77827453613281
D:\vscode\workspace\recurrencePaper\YOLO-26-2\datasets\tt100k_aug_2160\test\images\43172.jpg,D:\vscode\workspace\recurrencePaper\YOLO-26-2\datasets\tt100k_aug_2160\test\labels\43172.txt,,123.90686798095703,57.57104681475283,1570.6739501953125,41.29839324951172
D:\vscode\workspace\recurrencePaper\YOLO-26-2\datasets\tt100k_aug_2160\test\images\43186.jpg,D:\vscode\workspace\recurrencePaper\YOLO-26-2\datasets\tt100k_aug_2160\test\labels\43186.txt,,154.33448791503906,48.445063388583286,3110.969970703125,40.31441879272461
D:\vscode\workspace\recurrencePaper\YOLO-26-2\datasets\tt100k_aug_2160\test\images\43224.jpg,D:\vscode\workspace\recurrencePaper\YOLO-26-2\datasets\tt100k_aug_2160\test\labels\43224.txt,,108.64060592651367,61.11427151836549,6096.6572265625,53.41864013671875
D:\vscode\workspace\recurrencePaper\YOLO-26-2\datasets\tt100k_aug_2160\test\images\43271.jpg,D:\vscode\workspace\recurrencePaper\YOLO-26-2\datasets\tt100k_aug_2160\test\labels\43271.txt,,128.4504280090332,55.68022962218576,2559.871826171875,48.52081298828125
D:\vscode\workspace\recurrencePaper\YOLO-26-2\datasets\tt100k_aug_2160\test\images\43341.jpg,D:\vscode\workspace\recurrencePaper\YOLO-26-2\datasets\tt100k_aug_2160\test\labels\43341.txt,,124.04894256591797,40.856980300866795,3954.230712890625,71.43068313598633
D:\vscode\workspace\recurrencePaper\YOLO-26-2\datasets\tt100k_aug_2160\test\images\4338.jpg,D:\vscode\workspace\recurrencePaper\YOLO-26-2\datasets\tt100k_aug_2160\test\labels\4338.txt,,140.1714744567871,43.345633954225725,2710.572021484375,59.35901641845703
D:\vscode\workspace\recurrencePaper\YOLO-26-2\datasets\tt100k_aug_2160\test\images\43393.jpg,D:\vscode\workspace\recurrencePaper\YOLO-26-2\datasets\tt100k_aug_2160\test\labels\43393.txt,,73.9110336303711,55.955404342293754,4961.46533203125,103.97476577758789
D:\vscode\workspace\recurrencePaper\YOLO-26-2\datasets\tt100k_aug_2160\test\images\43413.jpg,D:\vscode\workspace\recurrencePaper\YOLO-26-2\datasets\tt100k_aug_2160\test\labels\43413.txt,,105.0379409790039,72.4815190573064,853.05322265625,24.13019561767578
D:\vscode\workspace\recurrencePaper\YOLO-26-2\datasets\tt100k_aug_2160\test\images\43461.jpg,D:\vscode\workspace\recurrencePaper\YOLO-26-2\datasets\tt100k_aug_2160\test\labels\43461.txt,,137.0334930419922,51.54994253793954,2478.9716796875,67.91633987426758
D:\vscode\workspace\recurrencePaper\YOLO-26-2\datasets\tt100k_aug_2160\test\images\4348.jpg,D:\vscode\workspace\recurrencePaper\YOLO-26-2\datasets\tt100k_aug_2160\test\labels\4348.txt,,129.2813606262207,45.75659518557491,2889.161376953125,43.736446380615234
D:\vscode\workspace\recurrencePaper\YOLO-26-2\datasets\tt100k_aug_2160\test\images\43541.jpg,D:\vscode\workspace\recurrencePaper\YOLO-26-2\datasets\tt100k_aug_2160\test\labels\43541.txt,,147.68456268310547,73.73514607701883,1367.7244873046875,26.016769409179688
D:\vscode\workspace\recurrencePaper\YOLO-26-2\datasets\tt100k_aug_2160\test\images\43601.jpg,D:\vscode\workspace\recurrencePaper\YOLO-26-2\datasets\tt100k_aug_2160\test\labels\43601.txt,,138.04256439208984,54.44028074488235,2375.2978515625,44.07171630859375
D:\vscode\workspace\recurrencePaper\YOLO-26-2\datasets\tt100k_aug_2160\test\images\43642.jpg,D:\vscode\workspace\recurrencePaper\YOLO-26-2\datasets\tt100k_aug_2160\test\labels\43642.txt,,153.72901153564453,67.17506282283766,1752.2552490234375,24.724781036376953
D:\vscode\workspace\recurrencePaper\YOLO-26-2\datasets\tt100k_aug_2160\test\images\43683.jpg,D:\vscode\workspace\recurrencePaper\YOLO-26-2\datasets\tt100k_aug_2160\test\labels\43683.txt,,152.9459342956543,29.78300419522889,2087.621826171875,52.53990173339844
D:\vscode\workspace\recurrencePaper\YOLO-26-2\datasets\tt100k_aug_2160\test\images\43723.jpg,D:\vscode\workspace\recurrencePaper\YOLO-26-2\datasets\tt100k_aug_2160\test\labels\43723.txt,,103.27529907226562,51.22045226108404,3616.513671875,38.27086639404297
D:\vscode\workspace\recurrencePaper\YOLO-26-2\datasets\tt100k_aug_2160\test\images\43752.jpg,D:\vscode\workspace\recurrencePaper\YOLO-26-2\datasets\tt100k_aug_2160\test\labels\43752.txt,,137.6504669189453,74.25202941645871,1306.4136962890625,32.81173324584961
D:\vscode\workspace\recurrencePaper\YOLO-26-2\datasets\tt100k_aug_2160\test\images\43778.jpg,D:\vscode\workspace\recurrencePaper\YOLO-26-2\datasets\tt100k_aug_2160\test\labels\43778.txt,,140.43748474121094,67.9092335929854,3502.78955078125,41.01708221435547
D:\vscode\workspace\recurrencePaper\YOLO-26-2\datasets\tt100k_aug_2160\test\images\43856.jpg,D:\vscode\workspace\recurrencePaper\YOLO-26-2\datasets\tt100k_aug_2160\test\labels\43856.txt,,137.43138122558594,51.541187211859395,2012.3465576171875,61.44758987426758
D:\vscode\workspace\recurrencePaper\YOLO-26-2\datasets\tt100k_aug_2160\test\images\4393.jpg,D:\vscode\workspace\recurrencePaper\YOLO-26-2\datasets\tt100k_aug_2160\test\labels\4393.txt,,131.78072357177734,40.01466289478618,1367.7879638671875,50.285186767578125
D:\vscode\workspace\recurrencePaper\YOLO-26-2\datasets\tt100k_aug_2160\test\images\44027.jpg,D:\vscode\workspace\recurrencePaper\YOLO-26-2\datasets\tt100k_aug_2160\test\labels\44027.txt,,152.05856704711914,28.622373223540052,1582.790771484375,50.43246078491211
D:\vscode\workspace\recurrencePaper\YOLO-26-2\datasets\tt100k_aug_2160\test\images\4407.jpg,D:\vscode\workspace\recurrencePaper\YOLO-26-2\datasets\tt100k_aug_2160\test\labels\4407.txt,,135.18567276000977,36.09805167848924,2046.66943359375,53.43292236328125
D:\vscode\workspace\recurrencePaper\YOLO-26-2\datasets\tt100k_aug_2160\test\images\44131.jpg,D:\vscode\workspace\recurrencePaper\YOLO-26-2\datasets\tt100k_aug_2160\test\labels\44131.txt,,142.8700408935547,40.89941715455505,1308.476318359375,38.99580001831055
D:\vscode\workspace\recurrencePaper\YOLO-26-2\datasets\tt100k_aug_2160\test\images\44171.jpg,D:\vscode\workspace\recurrencePaper\YOLO-26-2\datasets\tt100k_aug_2160\test\labels\44171.txt,,139.48737716674805,32.694755156390855,2304.9921875,54.11809539794922
D:\vscode\workspace\recurrencePaper\YOLO-26-2\datasets\tt100k_aug_2160\test\images\44194.jpg,D:\vscode\workspace\recurrencePaper\YOLO-26-2\datasets\tt100k_aug_2160\test\labels\44194.txt,,107.69909286499023,78.72478430526809,2037.750732421875,34.85409164428711
D:\vscode\workspace\recurrencePaper\YOLO-26-2\datasets\tt100k_aug_2160\test\images\44201.jpg,D:\vscode\workspace\recurrencePaper\YOLO-26-2\datasets\tt100k_aug_2160\test\labels\44201.txt,,155.4493637084961,38.595049945581366,1491.13330078125,77.87823486328125
D:\vscode\workspace\recurrencePaper\YOLO-26-2\datasets\tt100k_aug_2160\test\images\44300.jpg,D:\vscode\workspace\recurrencePaper\YOLO-26-2\datasets\tt100k_aug_2160\test\labels\44300.txt,,153.61874771118164,44.656408951772036,2780.773193359375,42.25007247924805
D:\vscode\workspace\recurrencePaper\YOLO-26-2\datasets\tt100k_aug_2160\test\images\44355.jpg,D:\vscode\workspace\recurrencePaper\YOLO-26-2\datasets\tt100k_aug_2160\test\labels\44355.txt,,126.29726791381836,76.42338988987481,1145.71484375,75.96426773071289
D:\vscode\workspace\recurrencePaper\YOLO-26-2\datasets\tt100k_aug_2160\test\images\44366.jpg,D:\vscode\workspace\recurrencePaper\YOLO-26-2\datasets\tt100k_aug_2160\test\labels\44366.txt,,146.02575302124023,41.87241608992051,2498.597900390625,54.79171371459961
D:\vscode\workspace\recurrencePaper\YOLO-26-2\datasets\tt100k_aug_2160\test\images\4442.jpg,D:\vscode\workspace\recurrencePaper\YOLO-26-2\datasets\tt100k_aug_2160\test\labels\4442.txt,,162.5852813720703,53.63244859763817,1343.4449462890625,36.8551025390625
D:\vscode\workspace\recurrencePaper\YOLO-26-2\datasets\tt100k_aug_2160\test\images\44437.jpg,D:\vscode\workspace\recurrencePaper\YOLO-26-2\datasets\tt100k_aug_2160\test\labels\44437.txt,,152.0732421875,77.23096509934793,1438.4598388671875,20.010761260986328
D:\vscode\workspace\recurrencePaper\YOLO-26-2\datasets\tt100k_aug_2160\test\images\44451.jpg,D:\vscode\workspace\recurrencePaper\YOLO-26-2\datasets\tt100k_aug_2160\test\labels\44451.txt,,145.55265426635742,45.13260961446535,1989.7523193359375,50.86130905151367
D:\vscode\workspace\recurrencePaper\YOLO-26-2\datasets\tt100k_aug_2160\test\images\44539.jpg,D:\vscode\workspace\recurrencePaper\YOLO-26-2\datasets\tt100k_aug_2160\test\labels\44539.txt,,119.5450210571289,47.080555836511984,2150.826416015625,58.929664611816406
D:\vscode\workspace\recurrencePaper\YOLO-26-2\datasets\tt100k_aug_2160\test\images\44550.jpg,D:\vscode\workspace\recurrencePaper\YOLO-26-2\datasets\tt100k_aug_2160\test\labels\44550.txt,,100.03988265991211,59.40937481593428,2323.396240234375,55.832786560058594
D:\vscode\workspace\recurrencePaper\YOLO-26-2\datasets\tt100k_aug_2160\test\images\44563.jpg,D:\vscode\workspace\recurrencePaper\YOLO-26-2\datasets\tt100k_aug_2160\test\labels\44563.txt,,135.72183990478516,78.96466058990323,3787.095703125,32.236873626708984
D:\vscode\workspace\recurrencePaper\YOLO-26-2\datasets\tt100k_aug_2160\test\images\44566.jpg,D:\vscode\workspace\recurrencePaper\YOLO-26-2\datasets\tt100k_aug_2160\test\labels\44566.txt,,143.77910995483398,39.58496643583124,2304.8291015625,65.66336441040039
D:\vscode\workspace\recurrencePaper\YOLO-26-2\datasets\tt100k_aug_2160\test\images\44610.jpg,D:\vscode\workspace\recurrencePaper\YOLO-26-2\datasets\tt100k_aug_2160\test\labels\44610.txt,,116.68477249145508,59.86397743066179,1983.8101806640625,36.255252838134766
D:\vscode\workspace\recurrencePaper\YOLO-26-2\datasets\tt100k_aug_2160\test\images\44617.jpg,D:\vscode\workspace\recurrencePaper\YOLO-26-2\datasets\tt100k_aug_2160\test\labels\44617.txt,,153.42740631103516,58.842956911747294,2331.177001953125,36.43391799926758
D:\vscode\workspace\recurrencePaper\YOLO-26-2\datasets\tt100k_aug_2160\test\images\44655.jpg,D:\vscode\workspace\recurrencePaper\YOLO-26-2\datasets\tt100k_aug_2160\test\labels\44655.txt,,153.8948631286621,67.74779834401038,1128.570556640625,22.87176513671875
D:\vscode\workspace\recurrencePaper\YOLO-26-2\datasets\tt100k_aug_2160\test\images\44657.jpg,D:\vscode\workspace\recurrencePaper\YOLO-26-2\datasets\tt100k_aug_2160\test\labels\44657.txt,,144.57616424560547,46.40442701894842,2069.70361328125,35.06074905395508
D:\vscode\workspace\recurrencePaper\YOLO-26-2\datasets\tt100k_aug_2160\test\images\44678.jpg,D:\vscode\workspace\recurrencePaper\YOLO-26-2\datasets\tt100k_aug_2160\test\labels\44678.txt,,156.68771743774414,43.592440223300905,1092.8486328125,46.6534538269043
D:\vscode\workspace\recurrencePaper\YOLO-26-2\datasets\tt100k_aug_2160\test\images\44680.jpg,D:\vscode\workspace\recurrencePaper\YOLO-26-2\datasets\tt100k_aug_2160\test\labels\44680.txt,,120.59263229370117,53.973326156621496,4369.71923828125,47.386962890625
D:\vscode\workspace\recurrencePaper\YOLO-26-2\datasets\tt100k_aug_2160\test\images\44688.jpg,D:\vscode\workspace\recurrencePaper\YOLO-26-2\datasets\tt100k_aug_2160\test\labels\44688.txt,,142.02347564697266,49.42448520308824,2572.14697265625,36.48679733276367
D:\vscode\workspace\recurrencePaper\YOLO-26-2\datasets\tt100k_aug_2160\test\images\44708.jpg,D:\vscode\workspace\recurrencePaper\YOLO-26-2\datasets\tt100k_aug_2160\test\labels\44708.txt,,142.3778533935547,78.93195132909823,1205.5499267578125,28.993003845214844
D:\vscode\workspace\recurrencePaper\YOLO-26-2\datasets\tt100k_aug_2160\test\images\44754.jpg,D:\vscode\workspace\recurrencePaper\YOLO-26-2\datasets\tt100k_aug_2160\test\labels\44754.txt,,89.85207748413086,68.28059766119556,4499.95166015625,99.01623153686523
D:\vscode\workspace\recurrencePaper\YOLO-26-2\datasets\tt100k_aug_2160\test\images\44768.jpg,D:\vscode\workspace\recurrencePaper\YOLO-26-2\datasets\tt100k_aug_2160\test\labels\44768.txt,,148.35763549804688,43.21606670693902,4367.55078125,29.459331512451172
D:\vscode\workspace\recurrencePaper\YOLO-26-2\datasets\tt100k_aug_2160\test\images\44883.jpg,D:\vscode\workspace\recurrencePaper\YOLO-26-2\datasets\tt100k_aug_2160\test\labels\44883.txt,,136.77296447753906,48.709746492441006,2064.37060546875,46.31068801879883
D:\vscode\workspace\recurrencePaper\YOLO-26-2\datasets\tt100k_aug_2160\test\images\44892.jpg,D:\vscode\workspace\recurrencePaper\YOLO-26-2\datasets\tt100k_aug_2160\test\labels\44892.txt,,148.7604103088379,75.91484029609424,1397.33154296875,32.65534973144531
D:\vscode\workspace\recurrencePaper\YOLO-26-2\datasets\tt100k_aug_2160\test\images\44983.jpg,D:\vscode\workspace\recurrencePaper\YOLO-26-2\datasets\tt100k_aug_2160\test\labels\44983.txt,,147.48949432373047,56.63600813172293,1189.424560546875,21.8392333984375
D:\vscode\workspace\recurrencePaper\YOLO-26-2\datasets\tt100k_aug_2160\test\images\44992.jpg,D:\vscode\workspace\recurrencePaper\YOLO-26-2\datasets\tt100k_aug_2160\test\labels\44992.txt,,136.11449813842773,45.27724603207229,1445.3167724609375,42.65138626098633
D:\vscode\workspace\recurrencePaper\YOLO-26-2\datasets\tt100k_aug_2160\test\images\45046.jpg,D:\vscode\workspace\recurrencePaper\YOLO-26-2\datasets\tt100k_aug_2160\test\labels\45046.txt,,113.45748519897461,82.72662364862806,1626.6248779296875,55.433135986328125
D:\vscode\workspace\recurrencePaper\YOLO-26-2\datasets\tt100k_aug_2160\test\images\45055.jpg,D:\vscode\workspace\recurrencePaper\YOLO-26-2\datasets\tt100k_aug_2160\test\labels\45055.txt,,142.7093276977539,42.647025644889595,7139.1298828125,47.27374267578125
D:\vscode\workspace\recurrencePaper\YOLO-26-2\datasets\tt100k_aug_2160\test\images\45087.jpg,D:\vscode\workspace\recurrencePaper\YOLO-26-2\datasets\tt100k_aug_2160\test\labels\45087.txt,,137.46914291381836,52.601472733807796,2791.549072265625,43.38201141357422
D:\vscode\workspace\recurrencePaper\YOLO-26-2\datasets\tt100k_aug_2160\test\images\45250.jpg,D:\vscode\workspace\recurrencePaper\YOLO-26-2\datasets\tt100k_aug_2160\test\labels\45250.txt,,158.93814086914062,69.47130510738529,1283.42529296875,17.81270980834961
D:\vscode\workspace\recurrencePaper\YOLO-26-2\datasets\tt100k_aug_2160\test\images\45290.jpg,D:\vscode\workspace\recurrencePaper\YOLO-26-2\datasets\tt100k_aug_2160\test\labels\45290.txt,,142.03031539916992,38.29400905852221,3442.922119140625,40.857666015625
D:\vscode\workspace\recurrencePaper\YOLO-26-2\datasets\tt100k_aug_2160\test\images\45309.jpg,D:\vscode\workspace\recurrencePaper\YOLO-26-2\datasets\tt100k_aug_2160\test\labels\45309.txt,,146.0050392150879,65.27601392443398,1514.026611328125,63.747581481933594
D:\vscode\workspace\recurrencePaper\YOLO-26-2\datasets\tt100k_aug_2160\test\images\45343.jpg,D:\vscode\workspace\recurrencePaper\YOLO-26-2\datasets\tt100k_aug_2160\test\labels\45343.txt,,175.74580001831055,42.65950320072239,1417.9906005859375,18.76474380493164
D:\vscode\workspace\recurrencePaper\YOLO-26-2\datasets\tt100k_aug_2160\test\images\4542.jpg,D:\vscode\workspace\recurrencePaper\YOLO-26-2\datasets\tt100k_aug_2160\test\labels\4542.txt,,149.83360290527344,43.288711764365225,973.0557861328125,31.126853942871094
D:\vscode\workspace\recurrencePaper\YOLO-26-2\datasets\tt100k_aug_2160\test\images\4545.jpg,D:\vscode\workspace\recurrencePaper\YOLO-26-2\datasets\tt100k_aug_2160\test\labels\4545.txt,,110.97871017456055,60.371537582960265,3657.400390625,61.034366607666016
D:\vscode\workspace\recurrencePaper\YOLO-26-2\datasets\tt100k_aug_2160\test\images\45482.jpg,D:\vscode\workspace\recurrencePaper\YOLO-26-2\datasets\tt100k_aug_2160\test\labels\45482.txt,,147.02991104125977,40.60222827770075,1355.005615234375,37.31145477294922
D:\vscode\workspace\recurrencePaper\YOLO-26-2\datasets\tt100k_aug_2160\test\images\4550.jpg,D:\vscode\workspace\recurrencePaper\YOLO-26-2\datasets\tt100k_aug_2160\test\labels\4550.txt,,138.84779739379883,46.4975808557523,7429.23388671875,48.62570571899414
D:\vscode\workspace\recurrencePaper\YOLO-26-2\datasets\tt100k_aug_2160\test\images\45684.jpg,D:\vscode\workspace\recurrencePaper\YOLO-26-2\datasets\tt100k_aug_2160\test\labels\45684.txt,,117.4815673828125,63.92333615490282,4175.55908203125,39.992862701416016
D:\vscode\workspace\recurrencePaper\YOLO-26-2\datasets\tt100k_aug_2160\test\images\4571.jpg,D:\vscode\workspace\recurrencePaper\YOLO-26-2\datasets\tt100k_aug_2160\test\labels\4571.txt,,132.43125915527344,37.94667926528202,3282.295166015625,75.91970825195312
D:\vscode\workspace\recurrencePaper\YOLO-26-2\datasets\tt100k_aug_2160\test\images\4577.jpg,D:\vscode\workspace\recurrencePaper\YOLO-26-2\datasets\tt100k_aug_2160\test\labels\4577.txt,,115.99694442749023,53.642345212737574,3523.27978515625,100.6737174987793
D:\vscode\workspace\recurrencePaper\YOLO-26-2\datasets\tt100k_aug_2160\test\images\4580.jpg,D:\vscode\workspace\recurrencePaper\YOLO-26-2\datasets\tt100k_aug_2160\test\labels\4580.txt,,105.6434097290039,55.071187875363925,2252.86767578125,35.159141540527344
D:\vscode\workspace\recurrencePaper\YOLO-26-2\datasets\tt100k_aug_2160\test\images\45805.jpg,D:\vscode\workspace\recurrencePaper\YOLO-26-2\datasets\tt100k_aug_2160\test\labels\45805.txt,,141.73160552978516,60.73099180578653,2231.160400390625,42.232723236083984
D:\vscode\workspace\recurrencePaper\YOLO-26-2\datasets\tt100k_aug_2160\test\images\45813.jpg,D:\vscode\workspace\recurrencePaper\YOLO-26-2\datasets\tt100k_aug_2160\test\labels\45813.txt,,105.5699577331543,61.98625421566864,1769.1165771484375,36.95036697387695
D:\vscode\workspace\recurrencePaper\YOLO-26-2\datasets\tt100k_aug_2160\test\images\45852.jpg,D:\vscode\workspace\recurrencePaper\YOLO-26-2\datasets\tt100k_aug_2160\test\labels\45852.txt,,138.36942672729492,39.917814061562325,1512.0677490234375,47.349857330322266
D:\vscode\workspace\recurrencePaper\YOLO-26-2\datasets\tt100k_aug_2160\test\images\45924.jpg,D:\vscode\workspace\recurrencePaper\YOLO-26-2\datasets\tt100k_aug_2160\test\labels\45924.txt,,169.7978744506836,33.260480458065786,703.594970703125,33.90977096557617
D:\vscode\workspace\recurrencePaper\YOLO-26-2\datasets\tt100k_aug_2160\test\images\45936.jpg,D:\vscode\workspace\recurrencePaper\YOLO-26-2\datasets\tt100k_aug_2160\test\labels\45936.txt,,145.19363021850586,62.06707373489226,1745.6143798828125,20.71975326538086
D:\vscode\workspace\recurrencePaper\YOLO-26-2\datasets\tt100k_aug_2160\test\images\45948.jpg,D:\vscode\workspace\recurrencePaper\YOLO-26-2\datasets\tt100k_aug_2160\test\labels\45948.txt,,148.41650390625,59.16233761110472,1778.58935546875,43.27003479003906
D:\vscode\workspace\recurrencePaper\YOLO-26-2\datasets\tt100k_aug_2160\test\images\45966.jpg,D:\vscode\workspace\recurrencePaper\YOLO-26-2\datasets\tt100k_aug_2160\test\labels\45966.txt,,126.69057846069336,54.25472730759425,1082.0352783203125,37.340152740478516
D:\vscode\workspace\recurrencePaper\YOLO-26-2\datasets\tt100k_aug_2160\test\images\45973.jpg,D:\vscode\workspace\recurrencePaper\YOLO-26-2\datasets\tt100k_aug_2160\test\labels\45973.txt,,151.57298278808594,59.41395507460248,11184.96484375,21.674976348876953
D:\vscode\workspace\recurrencePaper\YOLO-26-2\datasets\tt100k_aug_2160\test\images\46043.jpg,D:\vscode\workspace\recurrencePaper\YOLO-26-2\datasets\tt100k_aug_2160\test\labels\46043.txt,,153.69259643554688,47.83629077855959,1317.1181640625,50.193450927734375
D:\vscode\workspace\recurrencePaper\YOLO-26-2\datasets\tt100k_aug_2160\test\images\46138.jpg,D:\vscode\workspace\recurrencePaper\YOLO-26-2\datasets\tt100k_aug_2160\test\labels\46138.txt,,130.55369567871094,55.3098503272855,3997.03369140625,46.340980529785156
D:\vscode\workspace\recurrencePaper\YOLO-26-2\datasets\tt100k_aug_2160\test\images\46148.jpg,D:\vscode\workspace\recurrencePaper\YOLO-26-2\datasets\tt100k_aug_2160\test\labels\46148.txt,,140.51855850219727,81.25798351592401,1628.7568359375,33.02608871459961
D:\vscode\workspace\recurrencePaper\YOLO-26-2\datasets\tt100k_aug_2160\test\images\46257.jpg,D:\vscode\workspace\recurrencePaper\YOLO-26-2\datasets\tt100k_aug_2160\test\labels\46257.txt,,140.63409042358398,44.37440110299534,2437.3720703125,44.89786911010742
D:\vscode\workspace\recurrencePaper\YOLO-26-2\datasets\tt100k_aug_2160\test\images\46266.jpg,D:\vscode\workspace\recurrencePaper\YOLO-26-2\datasets\tt100k_aug_2160\test\labels\46266.txt,,137.05104446411133,46.38075051959357,3110.720947265625,49.13478469848633
D:\vscode\workspace\recurrencePaper\YOLO-26-2\datasets\tt100k_aug_2160\test\images\46353.jpg,D:\vscode\workspace\recurrencePaper\YOLO-26-2\datasets\tt100k_aug_2160\test\labels\46353.txt,,139.5301742553711,41.865386739504714,1460.551025390625,43.203121185302734
D:\vscode\workspace\recurrencePaper\YOLO-26-2\datasets\tt100k_aug_2160\test\images\46423.jpg,D:\vscode\workspace\recurrencePaper\YOLO-26-2\datasets\tt100k_aug_2160\test\labels\46423.txt,,140.92437362670898,47.57666332915944,3031.556640625,41.348941802978516
D:\vscode\workspace\recurrencePaper\YOLO-26-2\datasets\tt100k_aug_2160\test\images\4643.jpg,D:\vscode\workspace\recurrencePaper\YOLO-26-2\datasets\tt100k_aug_2160\test\labels\4643.txt,,146.5298309326172,77.79400573629853,1297.7772216796875,27.161510467529297
D:\vscode\workspace\recurrencePaper\YOLO-26-2\datasets\tt100k_aug_2160\test\images\46459.jpg,D:\vscode\workspace\recurrencePaper\YOLO-26-2\datasets\tt100k_aug_2160\test\labels\46459.txt,,132.88922500610352,54.582437242309354,3808.80078125,59.408409118652344
D:\vscode\workspace\recurrencePaper\YOLO-26-2\datasets\tt100k_aug_2160\test\images\46491.jpg,D:\vscode\workspace\recurrencePaper\YOLO-26-2\datasets\tt100k_aug_2160\test\labels\46491.txt,,143.01519775390625,62.448057256313795,3195.538818359375,55.99177551269531
D:\vscode\workspace\recurrencePaper\YOLO-26-2\datasets\tt100k_aug_2160\test\images\4658.jpg,D:\vscode\workspace\recurrencePaper\YOLO-26-2\datasets\tt100k_aug_2160\test\labels\4658.txt,,135.7243309020996,68.50470338176926,5639.97607421875,37.80473709106445
D:\vscode\workspace\recurrencePaper\YOLO-26-2\datasets\tt100k_aug_2160\test\images\46601.jpg,D:\vscode\workspace\recurrencePaper\YOLO-26-2\datasets\tt100k_aug_2160\test\labels\46601.txt,,171.92748260498047,52.49670216127343,1134.8306884765625,30.03744125366211
D:\vscode\workspace\recurrencePaper\YOLO-26-2\datasets\tt100k_aug_2160\test\images\46620.jpg,D:\vscode\workspace\recurrencePaper\YOLO-26-2\datasets\tt100k_aug_2160\test\labels\46620.txt,,121.30565643310547,49.205743064198124,2582.40087890625,53.78232955932617
D:\vscode\workspace\recurrencePaper\YOLO-26-2\datasets\tt100k_aug_2160\test\images\46633.jpg,D:\vscode\workspace\recurrencePaper\YOLO-26-2\datasets\tt100k_aug_2160\test\labels\46633.txt,,111.9797134399414,58.94314622958548,5400.08349609375,79.31674194335938
D:\vscode\workspace\recurrencePaper\YOLO-26-2\datasets\tt100k_aug_2160\test\images\46668.jpg,D:\vscode\workspace\recurrencePaper\YOLO-26-2\datasets\tt100k_aug_2160\test\labels\46668.txt,,143.54147338867188,41.13444244146551,1625.83056640625,36.1328010559082
D:\vscode\workspace\recurrencePaper\YOLO-26-2\datasets\tt100k_aug_2160\test\images\46698.jpg,D:\vscode\workspace\recurrencePaper\YOLO-26-2\datasets\tt100k_aug_2160\test\labels\46698.txt,,138.90249633789062,43.92906287270711,2955.613525390625,51.676918029785156
D:\vscode\workspace\recurrencePaper\YOLO-26-2\datasets\tt100k_aug_2160\test\images\46755.jpg,D:\vscode\workspace\recurrencePaper\YOLO-26-2\datasets\tt100k_aug_2160\test\labels\46755.txt,,144.32645797729492,44.2454960595705,2065.200927734375,54.29549789428711
D:\vscode\workspace\recurrencePaper\YOLO-26-2\datasets\tt100k_aug_2160\test\images\46878.jpg,D:\vscode\workspace\recurrencePaper\YOLO-26-2\datasets\tt100k_aug_2160\test\labels\46878.txt,,140.36272811889648,49.361340539098904,1635.7005615234375,31.385208129882812
D:\vscode\workspace\recurrencePaper\YOLO-26-2\datasets\tt100k_aug_2160\test\images\46904.jpg,D:\vscode\workspace\recurrencePaper\YOLO-26-2\datasets\tt100k_aug_2160\test\labels\46904.txt,,144.50007247924805,44.743477116799745,2159.51806640625,49.24629592895508
D:\vscode\workspace\recurrencePaper\YOLO-26-2\datasets\tt100k_aug_2160\test\images\4694.jpg,D:\vscode\workspace\recurrencePaper\YOLO-26-2\datasets\tt100k_aug_2160\test\labels\4694.txt,,143.22594451904297,41.88105968328547,2490.56494140625,61.23670196533203
D:\vscode\workspace\recurrencePaper\YOLO-26-2\datasets\tt100k_aug_2160\test\images\46979.jpg,D:\vscode\workspace\recurrencePaper\YOLO-26-2\datasets\tt100k_aug_2160\test\labels\46979.txt,,114.87982940673828,57.694412904570115,4085.5078125,51.37171936035156
D:\vscode\workspace\recurrencePaper\YOLO-26-2\datasets\tt100k_aug_2160\test\images\46994.jpg,D:\vscode\workspace\recurrencePaper\YOLO-26-2\datasets\tt100k_aug_2160\test\labels\46994.txt,,139.32098388671875,36.93629141864966,1327.88525390625,52.997676849365234
D:\vscode\workspace\recurrencePaper\YOLO-26-2\datasets\tt100k_aug_2160\test\images\47144.jpg,D:\vscode\workspace\recurrencePaper\YOLO-26-2\datasets\tt100k_aug_2160\test\labels\47144.txt,,146.6063461303711,46.202405422829834,5327.66796875,59.582298278808594
D:\vscode\workspace\recurrencePaper\YOLO-26-2\datasets\tt100k_aug_2160\test\images\47190.jpg,D:\vscode\workspace\recurrencePaper\YOLO-26-2\datasets\tt100k_aug_2160\test\labels\47190.txt,,121.77109909057617,60.64439719820034,2743.812255859375,40.837520599365234
D:\vscode\workspace\recurrencePaper\YOLO-26-2\datasets\tt100k_aug_2160\test\images\47234.jpg,D:\vscode\workspace\recurrencePaper\YOLO-26-2\datasets\tt100k_aug_2160\test\labels\47234.txt,,130.27322387695312,48.64615414594048,3131.9228515625,45.20174026489258
D:\vscode\workspace\recurrencePaper\YOLO-26-2\datasets\tt100k_aug_2160\test\images\47252.jpg,D:\vscode\workspace\recurrencePaper\YOLO-26-2\datasets\tt100k_aug_2160\test\labels\47252.txt,,145.71769332885742,55.24512749827009,616.914306640625,29.483631134033203
D:\vscode\workspace\recurrencePaper\YOLO-26-2\datasets\tt100k_aug_2160\test\images\47292.jpg,D:\vscode\workspace\recurrencePaper\YOLO-26-2\datasets\tt100k_aug_2160\test\labels\47292.txt,,138.7818145751953,48.822866852291206,1405.1629638671875,39.28055191040039
D:\vscode\workspace\recurrencePaper\YOLO-26-2\datasets\tt100k_aug_2160\test\images\4730.jpg,D:\vscode\workspace\recurrencePaper\YOLO-26-2\datasets\tt100k_aug_2160\test\labels\4730.txt,,140.02325439453125,58.71086382702655,3350.165771484375,61.93150329589844
D:\vscode\workspace\recurrencePaper\YOLO-26-2\datasets\tt100k_aug_2160\test\images\47313.jpg,D:\vscode\workspace\recurrencePaper\YOLO-26-2\datasets\tt100k_aug_2160\test\labels\47313.txt,,145.45220565795898,47.970710130225655,2266.177734375,28.6082763671875
D:\vscode\workspace\recurrencePaper\YOLO-26-2\datasets\tt100k_aug_2160\test\images\47317.jpg,D:\vscode\workspace\recurrencePaper\YOLO-26-2\datasets\tt100k_aug_2160\test\labels\47317.txt,,135.0539665222168,42.91420710565794,2353.18359375,50.201263427734375
D:\vscode\workspace\recurrencePaper\YOLO-26-2\datasets\tt100k_aug_2160\test\images\47467.jpg,D:\vscode\workspace\recurrencePaper\YOLO-26-2\datasets\tt100k_aug_2160\test\labels\47467.txt,,130.2464485168457,59.04156146220137,1062.9925537109375,23.766807556152344
D:\vscode\workspace\recurrencePaper\YOLO-26-2\datasets\tt100k_aug_2160\test\images\47572.jpg,D:\vscode\workspace\recurrencePaper\YOLO-26-2\datasets\tt100k_aug_2160\test\labels\47572.txt,,132.99103927612305,47.04416975130871,2214.975830078125,51.47871017456055
D:\vscode\workspace\recurrencePaper\YOLO-26-2\datasets\tt100k_aug_2160\test\images\47575.jpg,D:\vscode\workspace\recurrencePaper\YOLO-26-2\datasets\tt100k_aug_2160\test\labels\47575.txt,,90.25355529785156,57.79505875683111,3823.1513671875,93.44939804077148
D:\vscode\workspace\recurrencePaper\YOLO-26-2\datasets\tt100k_aug_2160\test\images\47628.jpg,D:\vscode\workspace\recurrencePaper\YOLO-26-2\datasets\tt100k_aug_2160\test\labels\47628.txt,,123.2486572265625,54.18276557443453,3972.1171875,45.70814514160156
D:\vscode\workspace\recurrencePaper\YOLO-26-2\datasets\tt100k_aug_2160\test\images\47647.jpg,D:\vscode\workspace\recurrencePaper\YOLO-26-2\datasets\tt100k_aug_2160\test\labels\47647.txt,,118.76652526855469,67.84464807430027,2302.62451171875,32.93230056762695
D:\vscode\workspace\recurrencePaper\YOLO-26-2\datasets\tt100k_aug_2160\test\images\47671.jpg,D:\vscode\workspace\recurrencePaper\YOLO-26-2\datasets\tt100k_aug_2160\test\labels\47671.txt,,141.75522232055664,43.99466136929264,2434.640380859375,43.644771575927734
D:\vscode\workspace\recurrencePaper\YOLO-26-2\datasets\tt100k_aug_2160\test\images\47715.jpg,D:\vscode\workspace\recurrencePaper\YOLO-26-2\datasets\tt100k_aug_2160\test\labels\47715.txt,,138.68634796142578,50.94069810068012,3264.82958984375,56.778778076171875
D:\vscode\workspace\recurrencePaper\YOLO-26-2\datasets\tt100k_aug_2160\test\images\47720.jpg,D:\vscode\workspace\recurrencePaper\YOLO-26-2\datasets\tt100k_aug_2160\test\labels\47720.txt,,155.34663009643555,49.0146051463307,2401.614501953125,33.829166412353516
D:\vscode\workspace\recurrencePaper\YOLO-26-2\datasets\tt100k_aug_2160\test\images\47908.jpg,D:\vscode\workspace\recurrencePaper\YOLO-26-2\datasets\tt100k_aug_2160\test\labels\47908.txt,,150.2346954345703,38.034141090761814,2115.39453125,33.903812408447266
D:\vscode\workspace\recurrencePaper\YOLO-26-2\datasets\tt100k_aug_2160\test\images\47948.jpg,D:\vscode\workspace\recurrencePaper\YOLO-26-2\datasets\tt100k_aug_2160\test\labels\47948.txt,,139.34350204467773,37.357313873034784,2599.041748046875,56.13121032714844
D:\vscode\workspace\recurrencePaper\YOLO-26-2\datasets\tt100k_aug_2160\test\images\47953.jpg,D:\vscode\workspace\recurrencePaper\YOLO-26-2\datasets\tt100k_aug_2160\test\labels\47953.txt,,144.4455451965332,37.912936742850036,1223.4193115234375,34.070465087890625
D:\vscode\workspace\recurrencePaper\YOLO-26-2\datasets\tt100k_aug_2160\test\images\480.jpg,D:\vscode\workspace\recurrencePaper\YOLO-26-2\datasets\tt100k_aug_2160\test\labels\480.txt,,143.59444046020508,63.72040825295538,1350.564208984375,22.699703216552734
D:\vscode\workspace\recurrencePaper\YOLO-26-2\datasets\tt100k_aug_2160\test\images\48010.jpg,D:\vscode\workspace\recurrencePaper\YOLO-26-2\datasets\tt100k_aug_2160\test\labels\48010.txt,,131.11865234375,36.264296846340564,1895.6708984375,49.36133575439453
D:\vscode\workspace\recurrencePaper\YOLO-26-2\datasets\tt100k_aug_2160\test\images\48019.jpg,D:\vscode\workspace\recurrencePaper\YOLO-26-2\datasets\tt100k_aug_2160\test\labels\48019.txt,,137.21636581420898,53.22632817563383,2489.612548828125,39.10293197631836
D:\vscode\workspace\recurrencePaper\YOLO-26-2\datasets\tt100k_aug_2160\test\images\48065.jpg,D:\vscode\workspace\recurrencePaper\YOLO-26-2\datasets\tt100k_aug_2160\test\labels\48065.txt,,110.94411849975586,65.8824496432063,5474.529296875,66.47507858276367
D:\vscode\workspace\recurrencePaper\YOLO-26-2\datasets\tt100k_aug_2160\test\images\48096.jpg,D:\vscode\workspace\recurrencePaper\YOLO-26-2\datasets\tt100k_aug_2160\test\labels\48096.txt,,129.64973068237305,44.17485523387917,1211.8187255859375,41.65678787231445
D:\vscode\workspace\recurrencePaper\YOLO-26-2\datasets\tt100k_aug_2160\test\images\48103.jpg,D:\vscode\workspace\recurrencePaper\YOLO-26-2\datasets\tt100k_aug_2160\test\labels\48103.txt,,123.17113494873047,49.30388441525019,1123.2091064453125,25.219310760498047
D:\vscode\workspace\recurrencePaper\YOLO-26-2\datasets\tt100k_aug_2160\test\images\48135.jpg,D:\vscode\workspace\recurrencePaper\YOLO-26-2\datasets\tt100k_aug_2160\test\labels\48135.txt,,132.41797637939453,49.000846167599995,4951.05029296875,60.01151657104492
D:\vscode\workspace\recurrencePaper\YOLO-26-2\datasets\tt100k_aug_2160\test\images\4815.jpg,D:\vscode\workspace\recurrencePaper\YOLO-26-2\datasets\tt100k_aug_2160\test\labels\4815.txt,,63.87850570678711,50.15082794176366,1191.373779296875,85.11080169677734
D:\vscode\workspace\recurrencePaper\YOLO-26-2\datasets\tt100k_aug_2160\test\images\48208.jpg,D:\vscode\workspace\recurrencePaper\YOLO-26-2\datasets\tt100k_aug_2160\test\labels\48208.txt,,128.71344375610352,46.45658115627728,1145.2802734375,39.31775665283203
D:\vscode\workspace\recurrencePaper\YOLO-26-2\datasets\tt100k_aug_2160\test\images\48294.jpg,D:\vscode\workspace\recurrencePaper\YOLO-26-2\datasets\tt100k_aug_2160\test\labels\48294.txt,,138.41921997070312,55.09595924840944,2170.138427734375,50.5217170715332
D:\vscode\workspace\recurrencePaper\YOLO-26-2\datasets\tt100k_aug_2160\test\images\48297.jpg,D:\vscode\workspace\recurrencePaper\YOLO-26-2\datasets\tt100k_aug_2160\test\labels\48297.txt,,133.10785675048828,75.92360658640625,3857.46484375,63.6043815612793
D:\vscode\workspace\recurrencePaper\YOLO-26-2\datasets\tt100k_aug_2160\test\images\4830.jpg,D:\vscode\workspace\recurrencePaper\YOLO-26-2\datasets\tt100k_aug_2160\test\labels\4830.txt,,127.40982818603516,52.57236407275,3185.114501953125,43.07312774658203
D:\vscode\workspace\recurrencePaper\YOLO-26-2\datasets\tt100k_aug_2160\test\images\48394.jpg,D:\vscode\workspace\recurrencePaper\YOLO-26-2\datasets\tt100k_aug_2160\test\labels\48394.txt,,143.41873168945312,45.42971691693783,2965.761474609375,42.63093566894531
D:\vscode\workspace\recurrencePaper\YOLO-26-2\datasets\tt100k_aug_2160\test\images\48406.jpg,D:\vscode\workspace\recurrencePaper\YOLO-26-2\datasets\tt100k_aug_2160\test\labels\48406.txt,,140.3857765197754,55.64056582642163,1475.98583984375,25.123382568359375
D:\vscode\workspace\recurrencePaper\YOLO-26-2\datasets\tt100k_aug_2160\test\images\48413.jpg,D:\vscode\workspace\recurrencePaper\YOLO-26-2\datasets\tt100k_aug_2160\test\labels\48413.txt,,137.97566986083984,47.535960461650646,2675.359619140625,64.42681884765625
D:\vscode\workspace\recurrencePaper\YOLO-26-2\datasets\tt100k_aug_2160\test\images\48424.jpg,D:\vscode\workspace\recurrencePaper\YOLO-26-2\datasets\tt100k_aug_2160\test\labels\48424.txt,,140.97844314575195,57.38580988964061,1296.345458984375,29.157920837402344
D:\vscode\workspace\recurrencePaper\YOLO-26-2\datasets\tt100k_aug_2160\test\images\48464.jpg,D:\vscode\workspace\recurrencePaper\YOLO-26-2\datasets\tt100k_aug_2160\test\labels\48464.txt,,138.89173889160156,48.35001130245924,7749.240234375,50.89138412475586
D:\vscode\workspace\recurrencePaper\YOLO-26-2\datasets\tt100k_aug_2160\test\images\48515.jpg,D:\vscode\workspace\recurrencePaper\YOLO-26-2\datasets\tt100k_aug_2160\test\labels\48515.txt,,114.35396194458008,47.63598719237004,1241.28662109375,73.92038345336914
D:\vscode\workspace\recurrencePaper\YOLO-26-2\datasets\tt100k_aug_2160\test\images\48541.jpg,D:\vscode\workspace\recurrencePaper\YOLO-26-2\datasets\tt100k_aug_2160\test\labels\48541.txt,,109.47890853881836,73.70198082158483,4555.5126953125,41.113922119140625
D:\vscode\workspace\recurrencePaper\YOLO-26-2\datasets\tt100k_aug_2160\test\images\48544.jpg,D:\vscode\workspace\recurrencePaper\YOLO-26-2\datasets\tt100k_aug_2160\test\labels\48544.txt,,126.94993209838867,47.90225073075047,1222.6451416015625,40.98313522338867
D:\vscode\workspace\recurrencePaper\YOLO-26-2\datasets\tt100k_aug_2160\test\images\48607.jpg,D:\vscode\workspace\recurrencePaper\YOLO-26-2\datasets\tt100k_aug_2160\test\labels\48607.txt,,133.55473709106445,47.283401977921855,3751.671142578125,58.00258255004883
D:\vscode\workspace\recurrencePaper\YOLO-26-2\datasets\tt100k_aug_2160\test\images\48622.jpg,D:\vscode\workspace\recurrencePaper\YOLO-26-2\datasets\tt100k_aug_2160\test\labels\48622.txt,,132.1409034729004,52.65333785242033,1505.00146484375,34.727115631103516
D:\vscode\workspace\recurrencePaper\YOLO-26-2\datasets\tt100k_aug_2160\test\images\48757.jpg,D:\vscode\workspace\recurrencePaper\YOLO-26-2\datasets\tt100k_aug_2160\test\labels\48757.txt,,154.4136505126953,70.80250869102247,1135.636474609375,19.971229553222656
D:\vscode\workspace\recurrencePaper\YOLO-26-2\datasets\tt100k_aug_2160\test\images\48779.jpg,D:\vscode\workspace\recurrencePaper\YOLO-26-2\datasets\tt100k_aug_2160\test\labels\48779.txt,,122.24534606933594,51.62434303003125,3228.56396484375,72.03594207763672
D:\vscode\workspace\recurrencePaper\YOLO-26-2\datasets\tt100k_aug_2160\test\images\48806.jpg,D:\vscode\workspace\recurrencePaper\YOLO-26-2\datasets\tt100k_aug_2160\test\labels\48806.txt,,136.04330444335938,39.91225644011735,2631.1142578125,42.266273498535156
D:\vscode\workspace\recurrencePaper\YOLO-26-2\datasets\tt100k_aug_2160\test\images\4881.jpg,D:\vscode\workspace\recurrencePaper\YOLO-26-2\datasets\tt100k_aug_2160\test\labels\4881.txt,,184.7387924194336,45.36134868945176,743.35400390625,16.642189025878906
D:\vscode\workspace\recurrencePaper\YOLO-26-2\datasets\tt100k_aug_2160\test\images\48877.jpg,D:\vscode\workspace\recurrencePaper\YOLO-26-2\datasets\tt100k_aug_2160\test\labels\48877.txt,,148.67095565795898,45.62880520029822,2851.586669921875,54.736141204833984
D:\vscode\workspace\recurrencePaper\YOLO-26-2\datasets\tt100k_aug_2160\test\images\4888.jpg,D:\vscode\workspace\recurrencePaper\YOLO-26-2\datasets\tt100k_aug_2160\test\labels\4888.txt,,133.84789276123047,42.54696254606449,2044.45556640625,65.63926696777344
D:\vscode\workspace\recurrencePaper\YOLO-26-2\datasets\tt100k_aug_2160\test\images\48901.jpg,D:\vscode\workspace\recurrencePaper\YOLO-26-2\datasets\tt100k_aug_2160\test\labels\48901.txt,,160.85836791992188,46.42437170356943,2108.802978515625,42.215065002441406
D:\vscode\workspace\recurrencePaper\YOLO-26-2\datasets\tt100k_aug_2160\test\images\4900.jpg,D:\vscode\workspace\recurrencePaper\YOLO-26-2\datasets\tt100k_aug_2160\test\labels\4900.txt,,136.61037826538086,55.516492376314545,1453.9708251953125,26.81566619873047
D:\vscode\workspace\recurrencePaper\YOLO-26-2\datasets\tt100k_aug_2160\test\images\49080.jpg,D:\vscode\workspace\recurrencePaper\YOLO-26-2\datasets\tt100k_aug_2160\test\labels\49080.txt,,157.87073135375977,69.25233991156337,2499.42138671875,32.72185134887695
D:\vscode\workspace\recurrencePaper\YOLO-26-2\datasets\tt100k_aug_2160\test\images\49100.jpg,D:\vscode\workspace\recurrencePaper\YOLO-26-2\datasets\tt100k_aug_2160\test\labels\49100.txt,,128.28681182861328,50.46209146669636,3778.421630859375,44.19197463989258
D:\vscode\workspace\recurrencePaper\YOLO-26-2\datasets\tt100k_aug_2160\test\images\49166.jpg,D:\vscode\workspace\recurrencePaper\YOLO-26-2\datasets\tt100k_aug_2160\test\labels\49166.txt,,94.3332290649414,64.17840295107636,2114.905029296875,48.49779510498047
D:\vscode\workspace\recurrencePaper\YOLO-26-2\datasets\tt100k_aug_2160\test\images\49190.jpg,D:\vscode\workspace\recurrencePaper\YOLO-26-2\datasets\tt100k_aug_2160\test\labels\49190.txt,,126.24974822998047,52.332725670603004,6398.71484375,47.771305084228516
D:\vscode\workspace\recurrencePaper\YOLO-26-2\datasets\tt100k_aug_2160\test\images\49248.jpg,D:\vscode\workspace\recurrencePaper\YOLO-26-2\datasets\tt100k_aug_2160\test\labels\49248.txt,,134.91695404052734,41.43314436905077,2127.368408203125,46.725929260253906
D:\vscode\workspace\recurrencePaper\YOLO-26-2\datasets\tt100k_aug_2160\test\images\49252.jpg,D:\vscode\workspace\recurrencePaper\YOLO-26-2\datasets\tt100k_aug_2160\test\labels\49252.txt,,135.24932098388672,37.328567540793465,2010.6090087890625,42.13985061645508
D:\vscode\workspace\recurrencePaper\YOLO-26-2\datasets\tt100k_aug_2160\test\images\49288.jpg,D:\vscode\workspace\recurrencePaper\YOLO-26-2\datasets\tt100k_aug_2160\test\labels\49288.txt,,162.79192352294922,76.01387143937073,1651.705810546875,28.051010131835938
D:\vscode\workspace\recurrencePaper\YOLO-26-2\datasets\tt100k_aug_2160\test\images\49321.jpg,D:\vscode\workspace\recurrencePaper\YOLO-26-2\datasets\tt100k_aug_2160\test\labels\49321.txt,,132.24700927734375,76.91906734782089,1730.3397216796875,31.039104461669922
D:\vscode\workspace\recurrencePaper\YOLO-26-2\datasets\tt100k_aug_2160\test\images\49322.jpg,D:\vscode\workspace\recurrencePaper\YOLO-26-2\datasets\tt100k_aug_2160\test\labels\49322.txt,,136.29530715942383,40.7869116297037,1781.7777099609375,38.93502426147461
D:\vscode\workspace\recurrencePaper\YOLO-26-2\datasets\tt100k_aug_2160\test\images\49372.jpg,D:\vscode\workspace\recurrencePaper\YOLO-26-2\datasets\tt100k_aug_2160\test\labels\49372.txt,,115.96590042114258,59.25995427413012,5173.912109375,62.38550567626953
D:\vscode\workspace\recurrencePaper\YOLO-26-2\datasets\tt100k_aug_2160\test\images\49382.jpg,D:\vscode\workspace\recurrencePaper\YOLO-26-2\datasets\tt100k_aug_2160\test\labels\49382.txt,,117.0343132019043,62.55043986240541,2766.44677734375,64.55941009521484
D:\vscode\workspace\recurrencePaper\YOLO-26-2\datasets\tt100k_aug_2160\test\images\49402.jpg,D:\vscode\workspace\recurrencePaper\YOLO-26-2\datasets\tt100k_aug_2160\test\labels\49402.txt,,132.09814071655273,51.47046503833342,1634.5955810546875,36.87189483642578
D:\vscode\workspace\recurrencePaper\YOLO-26-2\datasets\tt100k_aug_2160\test\images\49478.jpg,D:\vscode\workspace\recurrencePaper\YOLO-26-2\datasets\tt100k_aug_2160\test\labels\49478.txt,,148.5269889831543,43.11615868439367,2941.459228515625,40.45294189453125
D:\vscode\workspace\recurrencePaper\YOLO-26-2\datasets\tt100k_aug_2160\test\images\49512.jpg,D:\vscode\workspace\recurrencePaper\YOLO-26-2\datasets\tt100k_aug_2160\test\labels\49512.txt,,97.07646560668945,66.7360427564998,1065.498291015625,50.75341033935547
D:\vscode\workspace\recurrencePaper\YOLO-26-2\datasets\tt100k_aug_2160\test\images\49536.jpg,D:\vscode\workspace\recurrencePaper\YOLO-26-2\datasets\tt100k_aug_2160\test\labels\49536.txt,,127.45215606689453,45.19368767764315,1025.0125732421875,39.48665237426758
D:\vscode\workspace\recurrencePaper\YOLO-26-2\datasets\tt100k_aug_2160\test\images\49566.jpg,D:\vscode\workspace\recurrencePaper\YOLO-26-2\datasets\tt100k_aug_2160\test\labels\49566.txt,,138.39484405517578,53.43314916809823,1813.525146484375,44.55528259277344
D:\vscode\workspace\recurrencePaper\YOLO-26-2\datasets\tt100k_aug_2160\test\images\49574.jpg,D:\vscode\workspace\recurrencePaper\YOLO-26-2\datasets\tt100k_aug_2160\test\labels\49574.txt,,130.7587890625,59.30245580332331,930.5758056640625,51.557952880859375
D:\vscode\workspace\recurrencePaper\YOLO-26-2\datasets\tt100k_aug_2160\test\images\49586.jpg,D:\vscode\workspace\recurrencePaper\YOLO-26-2\datasets\tt100k_aug_2160\test\labels\49586.txt,,146.20930099487305,47.33464958053612,1988.2987060546875,35.437522888183594
D:\vscode\workspace\recurrencePaper\YOLO-26-2\datasets\tt100k_aug_2160\test\images\49631.jpg,D:\vscode\workspace\recurrencePaper\YOLO-26-2\datasets\tt100k_aug_2160\test\labels\49631.txt,,143.04800415039062,43.319417994551834,1462.8902587890625,41.9675178527832
D:\vscode\workspace\recurrencePaper\YOLO-26-2\datasets\tt100k_aug_2160\test\images\4969.jpg,D:\vscode\workspace\recurrencePaper\YOLO-26-2\datasets\tt100k_aug_2160\test\labels\4969.txt,,123.8879508972168,64.7269416839548,7183.4609375,64.38339233398438
D:\vscode\workspace\recurrencePaper\YOLO-26-2\datasets\tt100k_aug_2160\test\images\49799.jpg,D:\vscode\workspace\recurrencePaper\YOLO-26-2\datasets\tt100k_aug_2160\test\labels\49799.txt,,137.11505889892578,52.28073784188183,1502.5045166015625,37.771934509277344
D:\vscode\workspace\recurrencePaper\YOLO-26-2\datasets\tt100k_aug_2160\test\images\49888.jpg,D:\vscode\workspace\recurrencePaper\YOLO-26-2\datasets\tt100k_aug_2160\test\labels\49888.txt,,139.22610092163086,51.55296305077333,1787.9871826171875,49.98416519165039
D:\vscode\workspace\recurrencePaper\YOLO-26-2\datasets\tt100k_aug_2160\test\images\4997.jpg,D:\vscode\workspace\recurrencePaper\YOLO-26-2\datasets\tt100k_aug_2160\test\labels\4997.txt,,147.18083572387695,46.99847200557889,1413.54296875,50.43435287475586
D:\vscode\workspace\recurrencePaper\YOLO-26-2\datasets\tt100k_aug_2160\test\images\49983.jpg,D:\vscode\workspace\recurrencePaper\YOLO-26-2\datasets\tt100k_aug_2160\test\labels\49983.txt,,133.5779914855957,48.84021043655887,3805.281982421875,70.19350051879883
D:\vscode\workspace\recurrencePaper\YOLO-26-2\datasets\tt100k_aug_2160\test\images\50075.jpg,D:\vscode\workspace\recurrencePaper\YOLO-26-2\datasets\tt100k_aug_2160\test\labels\50075.txt,,140.10811233520508,45.559630126502874,5517.208984375,55.35378646850586
D:\vscode\workspace\recurrencePaper\YOLO-26-2\datasets\tt100k_aug_2160\test\images\50085.jpg,D:\vscode\workspace\recurrencePaper\YOLO-26-2\datasets\tt100k_aug_2160\test\labels\50085.txt,,129.69047927856445,42.13020391262241,1297.94482421875,25.09079360961914
D:\vscode\workspace\recurrencePaper\YOLO-26-2\datasets\tt100k_aug_2160\test\images\50116.jpg,D:\vscode\workspace\recurrencePaper\YOLO-26-2\datasets\tt100k_aug_2160\test\labels\50116.txt,,132.86993026733398,69.22374698727769,1738.97900390625,31.97524642944336
D:\vscode\workspace\recurrencePaper\YOLO-26-2\datasets\tt100k_aug_2160\test\images\50140.jpg,D:\vscode\workspace\recurrencePaper\YOLO-26-2\datasets\tt100k_aug_2160\test\labels\50140.txt,,130.66455459594727,43.62846477088605,3202.287841796875,68.62318801879883
D:\vscode\workspace\recurrencePaper\YOLO-26-2\datasets\tt100k_aug_2160\test\images\50155.jpg,D:\vscode\workspace\recurrencePaper\YOLO-26-2\datasets\tt100k_aug_2160\test\labels\50155.txt,,128.7597541809082,43.53653570738897,1220.1700439453125,40.59259796142578
D:\vscode\workspace\recurrencePaper\YOLO-26-2\datasets\tt100k_aug_2160\test\images\50235.jpg,D:\vscode\workspace\recurrencePaper\YOLO-26-2\datasets\tt100k_aug_2160\test\labels\50235.txt,,154.15002059936523,68.45563086845257,1882.6102294921875,21.742450714111328
D:\vscode\workspace\recurrencePaper\YOLO-26-2\datasets\tt100k_aug_2160\test\images\50386.jpg,D:\vscode\workspace\recurrencePaper\YOLO-26-2\datasets\tt100k_aug_2160\test\labels\50386.txt,,144.27477645874023,38.326349518931266,2205.417236328125,58.27508544921875
D:\vscode\workspace\recurrencePaper\YOLO-26-2\datasets\tt100k_aug_2160\test\images\5045.jpg,D:\vscode\workspace\recurrencePaper\YOLO-26-2\datasets\tt100k_aug_2160\test\labels\5045.txt,,124.3827018737793,39.06138344106938,1387.48681640625,56.20711135864258
D:\vscode\workspace\recurrencePaper\YOLO-26-2\datasets\tt100k_aug_2160\test\images\50453.jpg,D:\vscode\workspace\recurrencePaper\YOLO-26-2\datasets\tt100k_aug_2160\test\labels\50453.txt,,149.00231170654297,49.627499403542295,2570.732666015625,46.061771392822266
D:\vscode\workspace\recurrencePaper\YOLO-26-2\datasets\tt100k_aug_2160\test\images\50505.jpg,D:\vscode\workspace\recurrencePaper\YOLO-26-2\datasets\tt100k_aug_2160\test\labels\50505.txt,,155.73278427124023,30.577171676841463,1522.9923095703125,39.35246658325195
D:\vscode\workspace\recurrencePaper\YOLO-26-2\datasets\tt100k_aug_2160\test\images\5051.jpg,D:\vscode\workspace\recurrencePaper\YOLO-26-2\datasets\tt100k_aug_2160\test\labels\5051.txt,,157.28406524658203,54.17332612079834,1613.5618896484375,25.978404998779297
D:\vscode\workspace\recurrencePaper\YOLO-26-2\datasets\tt100k_aug_2160\test\images\50524.jpg,D:\vscode\workspace\recurrencePaper\YOLO-26-2\datasets\tt100k_aug_2160\test\labels\50524.txt,,118.59719467163086,52.78737612786187,1639.14404296875,34.057273864746094
D:\vscode\workspace\recurrencePaper\YOLO-26-2\datasets\tt100k_aug_2160\test\images\50549.jpg,D:\vscode\workspace\recurrencePaper\YOLO-26-2\datasets\tt100k_aug_2160\test\labels\50549.txt,,154.70032501220703,41.27151354257028,2707.673095703125,53.165714263916016
D:\vscode\workspace\recurrencePaper\YOLO-26-2\datasets\tt100k_aug_2160\test\images\50585.jpg,D:\vscode\workspace\recurrencePaper\YOLO-26-2\datasets\tt100k_aug_2160\test\labels\50585.txt,,143.53768920898438,54.370709607537215,1539.2669677734375,35.2873420715332
D:\vscode\workspace\recurrencePaper\YOLO-26-2\datasets\tt100k_aug_2160\test\images\50703.jpg,D:\vscode\workspace\recurrencePaper\YOLO-26-2\datasets\tt100k_aug_2160\test\labels\50703.txt,,135.57157516479492,35.690201747469594,1728.9090576171875,42.52045440673828
D:\vscode\workspace\recurrencePaper\YOLO-26-2\datasets\tt100k_aug_2160\test\images\50739.jpg,D:\vscode\workspace\recurrencePaper\YOLO-26-2\datasets\tt100k_aug_2160\test\labels\50739.txt,,160.8548240661621,68.64448229236103,2210.695068359375,28.132457733154297
D:\vscode\workspace\recurrencePaper\YOLO-26-2\datasets\tt100k_aug_2160\test\images\50812.jpg,D:\vscode\workspace\recurrencePaper\YOLO-26-2\datasets\tt100k_aug_2160\test\labels\50812.txt,,151.5193862915039,70.67600971006311,1761.859130859375,33.112884521484375
D:\vscode\workspace\recurrencePaper\YOLO-26-2\datasets\tt100k_aug_2160\test\images\50828.jpg,D:\vscode\workspace\recurrencePaper\YOLO-26-2\datasets\tt100k_aug_2160\test\labels\50828.txt,,125.20898818969727,46.565174966339335,2719.87353515625,61.979095458984375
D:\vscode\workspace\recurrencePaper\YOLO-26-2\datasets\tt100k_aug_2160\test\images\50849.jpg,D:\vscode\workspace\recurrencePaper\YOLO-26-2\datasets\tt100k_aug_2160\test\labels\50849.txt,,123.8593978881836,45.23475945396058,2808.439453125,63.026302337646484
D:\vscode\workspace\recurrencePaper\YOLO-26-2\datasets\tt100k_aug_2160\test\images\50925.jpg,D:\vscode\workspace\recurrencePaper\YOLO-26-2\datasets\tt100k_aug_2160\test\labels\50925.txt,,90.38655090332031,65.7367846773036,6419.90869140625,57.229095458984375
D:\vscode\workspace\recurrencePaper\YOLO-26-2\datasets\tt100k_aug_2160\test\images\50951.jpg,D:\vscode\workspace\recurrencePaper\YOLO-26-2\datasets\tt100k_aug_2160\test\labels\50951.txt,,133.26798629760742,41.38103312940886,1397.422607421875,52.6888542175293
D:\vscode\workspace\recurrencePaper\YOLO-26-2\datasets\tt100k_aug_2160\test\images\51050.jpg,D:\vscode\workspace\recurrencePaper\YOLO-26-2\datasets\tt100k_aug_2160\test\labels\51050.txt,,145.4720573425293,43.09667575168736,2910.82080078125,40.190181732177734
D:\vscode\workspace\recurrencePaper\YOLO-26-2\datasets\tt100k_aug_2160\test\images\51111.jpg,D:\vscode\workspace\recurrencePaper\YOLO-26-2\datasets\tt100k_aug_2160\test\labels\51111.txt,,133.52556991577148,35.75869893790396,1338.3782958984375,75.00125503540039
D:\vscode\workspace\recurrencePaper\YOLO-26-2\datasets\tt100k_aug_2160\test\images\51115.jpg,D:\vscode\workspace\recurrencePaper\YOLO-26-2\datasets\tt100k_aug_2160\test\labels\51115.txt,,130.34934616088867,49.571086518931004,4524.08154296875,46.789161682128906
D:\vscode\workspace\recurrencePaper\YOLO-26-2\datasets\tt100k_aug_2160\test\images\51123.jpg,D:\vscode\workspace\recurrencePaper\YOLO-26-2\datasets\tt100k_aug_2160\test\labels\51123.txt,,99.42683792114258,71.8114198668065,5150.6767578125,53.70045471191406
D:\vscode\workspace\recurrencePaper\YOLO-26-2\datasets\tt100k_aug_2160\test\images\51128.jpg,D:\vscode\workspace\recurrencePaper\YOLO-26-2\datasets\tt100k_aug_2160\test\labels\51128.txt,,146.34919357299805,41.081920202405215,1751.95068359375,37.271881103515625
D:\vscode\workspace\recurrencePaper\YOLO-26-2\datasets\tt100k_aug_2160\test\images\5117.jpg,D:\vscode\workspace\recurrencePaper\YOLO-26-2\datasets\tt100k_aug_2160\test\labels\5117.txt,,93.21345520019531,61.57309776217089,5650.1884765625,71.99879837036133
D:\vscode\workspace\recurrencePaper\YOLO-26-2\datasets\tt100k_aug_2160\test\images\51227.jpg,D:\vscode\workspace\recurrencePaper\YOLO-26-2\datasets\tt100k_aug_2160\test\labels\51227.txt,,128.61083984375,50.413656748887625,7292.40478515625,50.55656814575195
D:\vscode\workspace\recurrencePaper\YOLO-26-2\datasets\tt100k_aug_2160\test\images\51278.jpg,D:\vscode\workspace\recurrencePaper\YOLO-26-2\datasets\tt100k_aug_2160\test\labels\51278.txt,,166.55924224853516,73.58454438883305,2013.2987060546875,37.376678466796875
D:\vscode\workspace\recurrencePaper\YOLO-26-2\datasets\tt100k_aug_2160\test\images\51306.jpg,D:\vscode\workspace\recurrencePaper\YOLO-26-2\datasets\tt100k_aug_2160\test\labels\51306.txt,,135.01568984985352,40.015881269029414,763.0053100585938,39.83991622924805
D:\vscode\workspace\recurrencePaper\YOLO-26-2\datasets\tt100k_aug_2160\test\images\51335.jpg,D:\vscode\workspace\recurrencePaper\YOLO-26-2\datasets\tt100k_aug_2160\test\labels\51335.txt,,120.9087028503418,69.80372524828266,1713.053466796875,32.65806579589844
D:\vscode\workspace\recurrencePaper\YOLO-26-2\datasets\tt100k_aug_2160\test\images\51346.jpg,D:\vscode\workspace\recurrencePaper\YOLO-26-2\datasets\tt100k_aug_2160\test\labels\51346.txt,,128.5744285583496,44.424394215263305,2903.90673828125,69.43481063842773
D:\vscode\workspace\recurrencePaper\YOLO-26-2\datasets\tt100k_aug_2160\test\images\51366.jpg,D:\vscode\workspace\recurrencePaper\YOLO-26-2\datasets\tt100k_aug_2160\test\labels\51366.txt,,153.94137573242188,31.15327309682638,1408.814453125,39.08757400512695
D:\vscode\workspace\recurrencePaper\YOLO-26-2\datasets\tt100k_aug_2160\test\images\51373.jpg,D:\vscode\workspace\recurrencePaper\YOLO-26-2\datasets\tt100k_aug_2160\test\labels\51373.txt,,144.589599609375,62.387574772129796,2030.921875,36.447078704833984
D:\vscode\workspace\recurrencePaper\YOLO-26-2\datasets\tt100k_aug_2160\test\images\51434.jpg,D:\vscode\workspace\recurrencePaper\YOLO-26-2\datasets\tt100k_aug_2160\test\labels\51434.txt,,121.55084991455078,47.276331842368904,3712.587158203125,86.38243865966797
D:\vscode\workspace\recurrencePaper\YOLO-26-2\datasets\tt100k_aug_2160\test\images\51500.jpg,D:\vscode\workspace\recurrencePaper\YOLO-26-2\datasets\tt100k_aug_2160\test\labels\51500.txt,,165.56642150878906,50.236820351271476,1820.642333984375,42.54806137084961
D:\vscode\workspace\recurrencePaper\YOLO-26-2\datasets\tt100k_aug_2160\test\images\51545.jpg,D:\vscode\workspace\recurrencePaper\YOLO-26-2\datasets\tt100k_aug_2160\test\labels\51545.txt,,135.89323043823242,40.22521250281552,1316.6507568359375,36.31142807006836
D:\vscode\workspace\recurrencePaper\YOLO-26-2\datasets\tt100k_aug_2160\test\images\5161.jpg,D:\vscode\workspace\recurrencePaper\YOLO-26-2\datasets\tt100k_aug_2160\test\labels\5161.txt,,152.95883178710938,55.9333298037676,1966.7064208984375,29.73434066772461
D:\vscode\workspace\recurrencePaper\YOLO-26-2\datasets\tt100k_aug_2160\test\images\51615.jpg,D:\vscode\workspace\recurrencePaper\YOLO-26-2\datasets\tt100k_aug_2160\test\labels\51615.txt,,146.46649932861328,40.89170854261434,1306.723388671875,37.49966049194336
D:\vscode\workspace\recurrencePaper\YOLO-26-2\datasets\tt100k_aug_2160\test\images\51633.jpg,D:\vscode\workspace\recurrencePaper\YOLO-26-2\datasets\tt100k_aug_2160\test\labels\51633.txt,,171.9207878112793,54.83684199056107,1098.4560546875,20.42296600341797
D:\vscode\workspace\recurrencePaper\YOLO-26-2\datasets\tt100k_aug_2160\test\images\51669.jpg,D:\vscode\workspace\recurrencePaper\YOLO-26-2\datasets\tt100k_aug_2160\test\labels\51669.txt,,123.35160827636719,69.75615146984987,3531.5380859375,43.14369583129883
D:\vscode\workspace\recurrencePaper\YOLO-26-2\datasets\tt100k_aug_2160\test\images\51670.jpg,D:\vscode\workspace\recurrencePaper\YOLO-26-2\datasets\tt100k_aug_2160\test\labels\51670.txt,,137.43758392333984,41.298217739976515,2639.5810546875,49.33463668823242
D:\vscode\workspace\recurrencePaper\YOLO-26-2\datasets\tt100k_aug_2160\test\images\51734.jpg,D:\vscode\workspace\recurrencePaper\YOLO-26-2\datasets\tt100k_aug_2160\test\labels\51734.txt,,162.3631591796875,65.85510211797043,2418.637939453125,35.46331787109375
D:\vscode\workspace\recurrencePaper\YOLO-26-2\datasets\tt100k_aug_2160\test\images\51802.jpg,D:\vscode\workspace\recurrencePaper\YOLO-26-2\datasets\tt100k_aug_2160\test\labels\51802.txt,,110.38433837890625,62.06934432321341,4091.538330078125,46.8143424987793
D:\vscode\workspace\recurrencePaper\YOLO-26-2\datasets\tt100k_aug_2160\test\images\51816.jpg,D:\vscode\workspace\recurrencePaper\YOLO-26-2\datasets\tt100k_aug_2160\test\labels\51816.txt,,93.10783767700195,57.9757760380226,1806.1622314453125,39.789852142333984
D:\vscode\workspace\recurrencePaper\YOLO-26-2\datasets\tt100k_aug_2160\test\images\51843.jpg,D:\vscode\workspace\recurrencePaper\YOLO-26-2\datasets\tt100k_aug_2160\test\labels\51843.txt,,145.09635162353516,40.54902725420307,1049.805908203125,41.28703308105469
D:\vscode\workspace\recurrencePaper\YOLO-26-2\datasets\tt100k_aug_2160\test\images\51893.jpg,D:\vscode\workspace\recurrencePaper\YOLO-26-2\datasets\tt100k_aug_2160\test\labels\51893.txt,,148.8246078491211,48.81663020244152,2534.437255859375,64.2791519165039
D:\vscode\workspace\recurrencePaper\YOLO-26-2\datasets\tt100k_aug_2160\test\images\51896.jpg,D:\vscode\workspace\recurrencePaper\YOLO-26-2\datasets\tt100k_aug_2160\test\labels\51896.txt,,147.2515983581543,39.76287579664536,1611.42041015625,41.89491271972656
D:\vscode\workspace\recurrencePaper\YOLO-26-2\datasets\tt100k_aug_2160\test\images\51985.jpg,D:\vscode\workspace\recurrencePaper\YOLO-26-2\datasets\tt100k_aug_2160\test\labels\51985.txt,,114.4328842163086,59.04905184808731,3494.927001953125,46.11001968383789
D:\vscode\workspace\recurrencePaper\YOLO-26-2\datasets\tt100k_aug_2160\test\images\52020.jpg,D:\vscode\workspace\recurrencePaper\YOLO-26-2\datasets\tt100k_aug_2160\test\labels\52020.txt,,133.9151840209961,60.52394122747005,1670.0267333984375,34.08102798461914
D:\vscode\workspace\recurrencePaper\YOLO-26-2\datasets\tt100k_aug_2160\test\images\52075.jpg,D:\vscode\workspace\recurrencePaper\YOLO-26-2\datasets\tt100k_aug_2160\test\labels\52075.txt,,148.99398803710938,26.508551209384493,1484.305908203125,42.329673767089844
D:\vscode\workspace\recurrencePaper\YOLO-26-2\datasets\tt100k_aug_2160\test\images\52118.jpg,D:\vscode\workspace\recurrencePaper\YOLO-26-2\datasets\tt100k_aug_2160\test\labels\52118.txt,,114.04519271850586,60.519865182708266,1713.2572021484375,37.53471374511719
D:\vscode\workspace\recurrencePaper\YOLO-26-2\datasets\tt100k_aug_2160\test\images\52127.jpg,D:\vscode\workspace\recurrencePaper\YOLO-26-2\datasets\tt100k_aug_2160\test\labels\52127.txt,,141.38355255126953,65.40733314853541,1670.097900390625,22.908405303955078
D:\vscode\workspace\recurrencePaper\YOLO-26-2\datasets\tt100k_aug_2160\test\images\52145.jpg,D:\vscode\workspace\recurrencePaper\YOLO-26-2\datasets\tt100k_aug_2160\test\labels\52145.txt,,169.40266799926758,54.56348915816756,2035.33544921875,24.58035659790039
D:\vscode\workspace\recurrencePaper\YOLO-26-2\datasets\tt100k_aug_2160\test\images\5217.jpg,D:\vscode\workspace\recurrencePaper\YOLO-26-2\datasets\tt100k_aug_2160\test\labels\5217.txt,,135.68382263183594,88.70051213549947,854.9202880859375,41.15243911743164
D:\vscode\workspace\recurrencePaper\YOLO-26-2\datasets\tt100k_aug_2160\test\images\52255.jpg,D:\vscode\workspace\recurrencePaper\YOLO-26-2\datasets\tt100k_aug_2160\test\labels\52255.txt,,152.47812271118164,28.371387169933122,984.4569702148438,47.0945930480957
D:\vscode\workspace\recurrencePaper\YOLO-26-2\datasets\tt100k_aug_2160\test\images\52279.jpg,D:\vscode\workspace\recurrencePaper\YOLO-26-2\datasets\tt100k_aug_2160\test\labels\52279.txt,,138.85156631469727,37.456791884838516,2369.6982421875,51.3330192565918
D:\vscode\workspace\recurrencePaper\YOLO-26-2\datasets\tt100k_aug_2160\test\images\52286.jpg,D:\vscode\workspace\recurrencePaper\YOLO-26-2\datasets\tt100k_aug_2160\test\labels\52286.txt,,124.53362655639648,54.475018772085434,2546.51220703125,56.077213287353516
D:\vscode\workspace\recurrencePaper\YOLO-26-2\datasets\tt100k_aug_2160\test\images\52388.jpg,D:\vscode\workspace\recurrencePaper\YOLO-26-2\datasets\tt100k_aug_2160\test\labels\52388.txt,,156.72125244140625,40.51435321538745,1971.3404541015625,36.48533248901367
D:\vscode\workspace\recurrencePaper\YOLO-26-2\datasets\tt100k_aug_2160\test\images\52488.jpg,D:\vscode\workspace\recurrencePaper\YOLO-26-2\datasets\tt100k_aug_2160\test\labels\52488.txt,,150.80281448364258,35.98352003563712,1660.040771484375,47.18431091308594
D:\vscode\workspace\recurrencePaper\YOLO-26-2\datasets\tt100k_aug_2160\test\images\52509.jpg,D:\vscode\workspace\recurrencePaper\YOLO-26-2\datasets\tt100k_aug_2160\test\labels\52509.txt,,106.3373908996582,55.363571484671205,4843.17529296875,53.79417037963867
D:\vscode\workspace\recurrencePaper\YOLO-26-2\datasets\tt100k_aug_2160\test\images\52511.jpg,D:\vscode\workspace\recurrencePaper\YOLO-26-2\datasets\tt100k_aug_2160\test\labels\52511.txt,,136.98070907592773,45.47834947888262,9351.8359375,54.76273727416992
D:\vscode\workspace\recurrencePaper\YOLO-26-2\datasets\tt100k_aug_2160\test\images\52534.jpg,D:\vscode\workspace\recurrencePaper\YOLO-26-2\datasets\tt100k_aug_2160\test\labels\52534.txt,,144.85575485229492,51.41125073103841,1609.96142578125,33.821983337402344
D:\vscode\workspace\recurrencePaper\YOLO-26-2\datasets\tt100k_aug_2160\test\images\5262.jpg,D:\vscode\workspace\recurrencePaper\YOLO-26-2\datasets\tt100k_aug_2160\test\labels\5262.txt,,157.55894470214844,63.42301831805918,3686.375732421875,27.159149169921875
D:\vscode\workspace\recurrencePaper\YOLO-26-2\datasets\tt100k_aug_2160\test\images\52657.jpg,D:\vscode\workspace\recurrencePaper\YOLO-26-2\datasets\tt100k_aug_2160\test\labels\52657.txt,,140.42873764038086,73.12114385229415,1401.524169921875,21.170753479003906
D:\vscode\workspace\recurrencePaper\YOLO-26-2\datasets\tt100k_aug_2160\test\images\52667.jpg,D:\vscode\workspace\recurrencePaper\YOLO-26-2\datasets\tt100k_aug_2160\test\labels\52667.txt,,128.70476150512695,46.33728546169843,933.5729370117188,32.95270919799805
D:\vscode\workspace\recurrencePaper\YOLO-26-2\datasets\tt100k_aug_2160\test\images\52692.jpg,D:\vscode\workspace\recurrencePaper\YOLO-26-2\datasets\tt100k_aug_2160\test\labels\52692.txt,,155.02811431884766,47.003735203037046,1873.3145751953125,40.568214416503906
D:\vscode\workspace\recurrencePaper\YOLO-26-2\datasets\tt100k_aug_2160\test\images\52695.jpg,D:\vscode\workspace\recurrencePaper\YOLO-26-2\datasets\tt100k_aug_2160\test\labels\52695.txt,,152.35042572021484,38.312995108038685,1949.6063232421875,36.783660888671875
D:\vscode\workspace\recurrencePaper\YOLO-26-2\datasets\tt100k_aug_2160\test\images\527.jpg,D:\vscode\workspace\recurrencePaper\YOLO-26-2\datasets\tt100k_aug_2160\test\labels\527.txt,,149.67162704467773,46.85897798803679,3684.741943359375,67.13632202148438
D:\vscode\workspace\recurrencePaper\YOLO-26-2\datasets\tt100k_aug_2160\test\images\5282.jpg,D:\vscode\workspace\recurrencePaper\YOLO-26-2\datasets\tt100k_aug_2160\test\labels\5282.txt,,138.98167419433594,79.37025093740725,2447.534423828125,35.94203186035156
D:\vscode\workspace\recurrencePaper\YOLO-26-2\datasets\tt100k_aug_2160\test\images\52885.jpg,D:\vscode\workspace\recurrencePaper\YOLO-26-2\datasets\tt100k_aug_2160\test\labels\52885.txt,,148.96196746826172,40.999736171695055,1682.3756103515625,41.06855773925781
D:\vscode\workspace\recurrencePaper\YOLO-26-2\datasets\tt100k_aug_2160\test\images\52910.jpg,D:\vscode\workspace\recurrencePaper\YOLO-26-2\datasets\tt100k_aug_2160\test\labels\52910.txt,,151.39119338989258,60.9100147885311,2604.4755859375,28.69622039794922
D:\vscode\workspace\recurrencePaper\YOLO-26-2\datasets\tt100k_aug_2160\test\images\5292.jpg,D:\vscode\workspace\recurrencePaper\YOLO-26-2\datasets\tt100k_aug_2160\test\labels\5292.txt,,131.29682540893555,52.453676794113186,2534.702880859375,70.44608306884766
D:\vscode\workspace\recurrencePaper\YOLO-26-2\datasets\tt100k_aug_2160\test\images\52998.jpg,D:\vscode\workspace\recurrencePaper\YOLO-26-2\datasets\tt100k_aug_2160\test\labels\52998.txt,,121.46889877319336,67.44699786178543,3556.71923828125,33.48714828491211
D:\vscode\workspace\recurrencePaper\YOLO-26-2\datasets\tt100k_aug_2160\test\images\53052.jpg,D:\vscode\workspace\recurrencePaper\YOLO-26-2\datasets\tt100k_aug_2160\test\labels\53052.txt,,137.05434799194336,73.18233452096277,1855.5948486328125,33.42387771606445
D:\vscode\workspace\recurrencePaper\YOLO-26-2\datasets\tt100k_aug_2160\test\images\53074.jpg,D:\vscode\workspace\recurrencePaper\YOLO-26-2\datasets\tt100k_aug_2160\test\labels\53074.txt,,94.41981887817383,52.311317300058406,3153.53173828125,50.351409912109375
D:\vscode\workspace\recurrencePaper\YOLO-26-2\datasets\tt100k_aug_2160\test\images\5308.jpg,D:\vscode\workspace\recurrencePaper\YOLO-26-2\datasets\tt100k_aug_2160\test\labels\5308.txt,,148.43768310546875,36.470405808605996,2602.453857421875,46.31253433227539
D:\vscode\workspace\recurrencePaper\YOLO-26-2\datasets\tt100k_aug_2160\test\images\53117.jpg,D:\vscode\workspace\recurrencePaper\YOLO-26-2\datasets\tt100k_aug_2160\test\labels\53117.txt,,144.73862075805664,37.259585052679896,1463.1279296875,51.477294921875
D:\vscode\workspace\recurrencePaper\YOLO-26-2\datasets\tt100k_aug_2160\test\images\53121.jpg,D:\vscode\workspace\recurrencePaper\YOLO-26-2\datasets\tt100k_aug_2160\test\labels\53121.txt,,153.0392189025879,46.82091043459961,1965.0767822265625,27.04714584350586
D:\vscode\workspace\recurrencePaper\YOLO-26-2\datasets\tt100k_aug_2160\test\images\53134.jpg,D:\vscode\workspace\recurrencePaper\YOLO-26-2\datasets\tt100k_aug_2160\test\labels\53134.txt,,161.51410293579102,42.933994815861396,999.4644775390625,33.97072219848633
D:\vscode\workspace\recurrencePaper\YOLO-26-2\datasets\tt100k_aug_2160\test\images\53176.jpg,D:\vscode\workspace\recurrencePaper\YOLO-26-2\datasets\tt100k_aug_2160\test\labels\53176.txt,,132.84851455688477,56.42083789520931,1664.72265625,40.959007263183594
D:\vscode\workspace\recurrencePaper\YOLO-26-2\datasets\tt100k_aug_2160\test\images\533.jpg,D:\vscode\workspace\recurrencePaper\YOLO-26-2\datasets\tt100k_aug_2160\test\labels\533.txt,,125.60289764404297,68.53380475763592,1646.7728271484375,26.090381622314453
D:\vscode\workspace\recurrencePaper\YOLO-26-2\datasets\tt100k_aug_2160\test\images\53363.jpg,D:\vscode\workspace\recurrencePaper\YOLO-26-2\datasets\tt100k_aug_2160\test\labels\53363.txt,,149.76026916503906,43.95374573402232,1856.9287109375,45.20505142211914
D:\vscode\workspace\recurrencePaper\YOLO-26-2\datasets\tt100k_aug_2160\test\images\53398.jpg,D:\vscode\workspace\recurrencePaper\YOLO-26-2\datasets\tt100k_aug_2160\test\labels\53398.txt,,170.0861701965332,62.05656401649162,2825.260498046875,22.937294006347656
D:\vscode\workspace\recurrencePaper\YOLO-26-2\datasets\tt100k_aug_2160\test\images\53402.jpg,D:\vscode\workspace\recurrencePaper\YOLO-26-2\datasets\tt100k_aug_2160\test\labels\53402.txt,,126.74575424194336,44.063396981467676,2872.66748046875,54.87628173828125
D:\vscode\workspace\recurrencePaper\YOLO-26-2\datasets\tt100k_aug_2160\test\images\5345.jpg,D:\vscode\workspace\recurrencePaper\YOLO-26-2\datasets\tt100k_aug_2160\test\labels\5345.txt,,138.50427627563477,38.424534005783485,1715.529296875,44.959659576416016
D:\vscode\workspace\recurrencePaper\YOLO-26-2\datasets\tt100k_aug_2160\test\images\53549.jpg,D:\vscode\workspace\recurrencePaper\YOLO-26-2\datasets\tt100k_aug_2160\test\labels\53549.txt,,119.81166458129883,60.84716638981007,858.1445922851562,46.754398345947266
D:\vscode\workspace\recurrencePaper\YOLO-26-2\datasets\tt100k_aug_2160\test\images\53551.jpg,D:\vscode\workspace\recurrencePaper\YOLO-26-2\datasets\tt100k_aug_2160\test\labels\53551.txt,,167.14581680297852,58.22056632132782,1086.3692626953125,23.47260284423828
D:\vscode\workspace\recurrencePaper\YOLO-26-2\datasets\tt100k_aug_2160\test\images\53755.jpg,D:\vscode\workspace\recurrencePaper\YOLO-26-2\datasets\tt100k_aug_2160\test\labels\53755.txt,,118.11465072631836,56.60212967078903,4626.7529296875,60.69963073730469
D:\vscode\workspace\recurrencePaper\YOLO-26-2\datasets\tt100k_aug_2160\test\images\53770.jpg,D:\vscode\workspace\recurrencePaper\YOLO-26-2\datasets\tt100k_aug_2160\test\labels\53770.txt,,127.71976089477539,49.20032741292749,1517.172607421875,35.977455139160156
D:\vscode\workspace\recurrencePaper\YOLO-26-2\datasets\tt100k_aug_2160\test\images\53796.jpg,D:\vscode\workspace\recurrencePaper\YOLO-26-2\datasets\tt100k_aug_2160\test\labels\53796.txt,,152.93805313110352,70.11025059927398,2121.01318359375,30.177738189697266
D:\vscode\workspace\recurrencePaper\YOLO-26-2\datasets\tt100k_aug_2160\test\images\53800.jpg,D:\vscode\workspace\recurrencePaper\YOLO-26-2\datasets\tt100k_aug_2160\test\labels\53800.txt,,123.72454833984375,52.4995441303088,1401.840087890625,37.796592712402344
D:\vscode\workspace\recurrencePaper\YOLO-26-2\datasets\tt100k_aug_2160\test\images\5401.jpg,D:\vscode\workspace\recurrencePaper\YOLO-26-2\datasets\tt100k_aug_2160\test\labels\5401.txt,,131.93593215942383,37.373215494612914,1336.3294677734375,49.53670120239258
D:\vscode\workspace\recurrencePaper\YOLO-26-2\datasets\tt100k_aug_2160\test\images\54035.jpg,D:\vscode\workspace\recurrencePaper\YOLO-26-2\datasets\tt100k_aug_2160\test\labels\54035.txt,,103.92792510986328,61.13181621770253,3247.6953125,45.758827209472656
D:\vscode\workspace\recurrencePaper\YOLO-26-2\datasets\tt100k_aug_2160\test\images\54043.jpg,D:\vscode\workspace\recurrencePaper\YOLO-26-2\datasets\tt100k_aug_2160\test\labels\54043.txt,,122.3021469116211,47.02025103651369,3243.656005859375,53.75755310058594
D:\vscode\workspace\recurrencePaper\YOLO-26-2\datasets\tt100k_aug_2160\test\images\54091.jpg,D:\vscode\workspace\recurrencePaper\YOLO-26-2\datasets\tt100k_aug_2160\test\labels\54091.txt,,136.1220932006836,49.618780261750906,3522.039794921875,34.8497200012207
D:\vscode\workspace\recurrencePaper\YOLO-26-2\datasets\tt100k_aug_2160\test\images\54115.jpg,D:\vscode\workspace\recurrencePaper\YOLO-26-2\datasets\tt100k_aug_2160\test\labels\54115.txt,,154.29673767089844,65.05826543448967,2720.607666015625,28.696556091308594
D:\vscode\workspace\recurrencePaper\YOLO-26-2\datasets\tt100k_aug_2160\test\images\54120.jpg,D:\vscode\workspace\recurrencePaper\YOLO-26-2\datasets\tt100k_aug_2160\test\labels\54120.txt,,129.27330017089844,55.56344667819158,6759.26416015625,44.25017547607422
D:\vscode\workspace\recurrencePaper\YOLO-26-2\datasets\tt100k_aug_2160\test\images\54197.jpg,D:\vscode\workspace\recurrencePaper\YOLO-26-2\datasets\tt100k_aug_2160\test\labels\54197.txt,,154.09909439086914,38.19034361420801,2012.4427490234375,53.1358528137207
D:\vscode\workspace\recurrencePaper\YOLO-26-2\datasets\tt100k_aug_2160\test\images\54199.jpg,D:\vscode\workspace\recurrencePaper\YOLO-26-2\datasets\tt100k_aug_2160\test\labels\54199.txt,,130.01683044433594,48.5867395082525,2314.051025390625,40.387657165527344
D:\vscode\workspace\recurrencePaper\YOLO-26-2\datasets\tt100k_aug_2160\test\images\54207.jpg,D:\vscode\workspace\recurrencePaper\YOLO-26-2\datasets\tt100k_aug_2160\test\labels\54207.txt,,119.93343353271484,51.41252278523443,1760.6146240234375,52.03815841674805
D:\vscode\workspace\recurrencePaper\YOLO-26-2\datasets\tt100k_aug_2160\test\images\54237.jpg,D:\vscode\workspace\recurrencePaper\YOLO-26-2\datasets\tt100k_aug_2160\test\labels\54237.txt,,129.19856643676758,45.82783686742788,2876.386474609375,45.86894989013672
D:\vscode\workspace\recurrencePaper\YOLO-26-2\datasets\tt100k_aug_2160\test\images\54290.jpg,D:\vscode\workspace\recurrencePaper\YOLO-26-2\datasets\tt100k_aug_2160\test\labels\54290.txt,,127.94974899291992,58.40136022432086,7974.515625,37.843257904052734
D:\vscode\workspace\recurrencePaper\YOLO-26-2\datasets\tt100k_aug_2160\test\images\54381.jpg,D:\vscode\workspace\recurrencePaper\YOLO-26-2\datasets\tt100k_aug_2160\test\labels\54381.txt,,135.1502342224121,43.20686386847097,2239.74072265625,51.4007682800293
D:\vscode\workspace\recurrencePaper\YOLO-26-2\datasets\tt100k_aug_2160\test\images\54397.jpg,D:\vscode\workspace\recurrencePaper\YOLO-26-2\datasets\tt100k_aug_2160\test\labels\54397.txt,,153.2477035522461,25.876555879229905,1408.9521484375,41.88098907470703
D:\vscode\workspace\recurrencePaper\YOLO-26-2\datasets\tt100k_aug_2160\test\images\54468.jpg,D:\vscode\workspace\recurrencePaper\YOLO-26-2\datasets\tt100k_aug_2160\test\labels\54468.txt,,99.63293075561523,64.51020288018196,2546.363037109375,52.228519439697266
D:\vscode\workspace\recurrencePaper\YOLO-26-2\datasets\tt100k_aug_2160\test\images\54481.jpg,D:\vscode\workspace\recurrencePaper\YOLO-26-2\datasets\tt100k_aug_2160\test\labels\54481.txt,,126.64598083496094,56.55400365947267,1598.3394775390625,40.571475982666016
D:\vscode\workspace\recurrencePaper\YOLO-26-2\datasets\tt100k_aug_2160\test\images\54487.jpg,D:\vscode\workspace\recurrencePaper\YOLO-26-2\datasets\tt100k_aug_2160\test\labels\54487.txt,,122.24257278442383,62.64059698804538,3685.35546875,47.881004333496094
D:\vscode\workspace\recurrencePaper\YOLO-26-2\datasets\tt100k_aug_2160\test\images\54530.jpg,D:\vscode\workspace\recurrencePaper\YOLO-26-2\datasets\tt100k_aug_2160\test\labels\54530.txt,,181.55856704711914,65.56678811246496,1557.2843017578125,16.50973892211914
D:\vscode\workspace\recurrencePaper\YOLO-26-2\datasets\tt100k_aug_2160\test\images\54644.jpg,D:\vscode\workspace\recurrencePaper\YOLO-26-2\datasets\tt100k_aug_2160\test\labels\54644.txt,,130.4315643310547,39.60452368474521,1656.9083251953125,51.06425857543945
D:\vscode\workspace\recurrencePaper\YOLO-26-2\datasets\tt100k_aug_2160\test\images\54663.jpg,D:\vscode\workspace\recurrencePaper\YOLO-26-2\datasets\tt100k_aug_2160\test\labels\54663.txt,,136.84453964233398,42.30296975769671,2821.060546875,45.548709869384766
D:\vscode\workspace\recurrencePaper\YOLO-26-2\datasets\tt100k_aug_2160\test\images\54700.jpg,D:\vscode\workspace\recurrencePaper\YOLO-26-2\datasets\tt100k_aug_2160\test\labels\54700.txt,,156.19550323486328,68.67584414132979,2797.939208984375,47.68804168701172
D:\vscode\workspace\recurrencePaper\YOLO-26-2\datasets\tt100k_aug_2160\test\images\54783.jpg,D:\vscode\workspace\recurrencePaper\YOLO-26-2\datasets\tt100k_aug_2160\test\labels\54783.txt,,125.27549362182617,42.504557785954184,4133.2353515625,85.22945404052734
D:\vscode\workspace\recurrencePaper\YOLO-26-2\datasets\tt100k_aug_2160\test\images\54869.jpg,D:\vscode\workspace\recurrencePaper\YOLO-26-2\datasets\tt100k_aug_2160\test\labels\54869.txt,,111.43935775756836,45.91966173050196,2201.583251953125,73.24759292602539
D:\vscode\workspace\recurrencePaper\YOLO-26-2\datasets\tt100k_aug_2160\test\images\54901.jpg,D:\vscode\workspace\recurrencePaper\YOLO-26-2\datasets\tt100k_aug_2160\test\labels\54901.txt,,147.63166427612305,50.095323928694526,1600.792724609375,31.293556213378906
D:\vscode\workspace\recurrencePaper\YOLO-26-2\datasets\tt100k_aug_2160\test\images\54910.jpg,D:\vscode\workspace\recurrencePaper\YOLO-26-2\datasets\tt100k_aug_2160\test\labels\54910.txt,,149.47975158691406,61.26022529173996,1673.2342529296875,42.6272087097168
D:\vscode\workspace\recurrencePaper\YOLO-26-2\datasets\tt100k_aug_2160\test\images\54919.jpg,D:\vscode\workspace\recurrencePaper\YOLO-26-2\datasets\tt100k_aug_2160\test\labels\54919.txt,,148.40911102294922,46.20016295496093,1313.1083984375,30.001426696777344
D:\vscode\workspace\recurrencePaper\YOLO-26-2\datasets\tt100k_aug_2160\test\images\54930.jpg,D:\vscode\workspace\recurrencePaper\YOLO-26-2\datasets\tt100k_aug_2160\test\labels\54930.txt,,138.39410018920898,43.31592840699998,1672.536865234375,40.944053649902344
D:\vscode\workspace\recurrencePaper\YOLO-26-2\datasets\tt100k_aug_2160\test\images\5496.jpg,D:\vscode\workspace\recurrencePaper\YOLO-26-2\datasets\tt100k_aug_2160\test\labels\5496.txt,,134.8295135498047,36.5698278987491,1786.7860107421875,60.82012939453125
D:\vscode\workspace\recurrencePaper\YOLO-26-2\datasets\tt100k_aug_2160\test\images\54994.jpg,D:\vscode\workspace\recurrencePaper\YOLO-26-2\datasets\tt100k_aug_2160\test\labels\54994.txt,,153.30629348754883,58.40879630172521,1528.154296875,30.569290161132812
D:\vscode\workspace\recurrencePaper\YOLO-26-2\datasets\tt100k_aug_2160\test\images\54997.jpg,D:\vscode\workspace\recurrencePaper\YOLO-26-2\datasets\tt100k_aug_2160\test\labels\54997.txt,,124.76662063598633,59.31889030943609,4036.177490234375,39.10641860961914
D:\vscode\workspace\recurrencePaper\YOLO-26-2\datasets\tt100k_aug_2160\test\images\550.jpg,D:\vscode\workspace\recurrencePaper\YOLO-26-2\datasets\tt100k_aug_2160\test\labels\550.txt,,109.92560577392578,53.50334111284917,2930.5751953125,54.486202239990234
D:\vscode\workspace\recurrencePaper\YOLO-26-2\datasets\tt100k_aug_2160\test\images\55027.jpg,D:\vscode\workspace\recurrencePaper\YOLO-26-2\datasets\tt100k_aug_2160\test\labels\55027.txt,,159.77308654785156,64.2035351561345,2340.453857421875,26.70852279663086
D:\vscode\workspace\recurrencePaper\YOLO-26-2\datasets\tt100k_aug_2160\test\images\55206.jpg,D:\vscode\workspace\recurrencePaper\YOLO-26-2\datasets\tt100k_aug_2160\test\labels\55206.txt,,109.21316146850586,44.59926898811825,2181.83544921875,70.4261589050293
D:\vscode\workspace\recurrencePaper\YOLO-26-2\datasets\tt100k_aug_2160\test\images\55403.jpg,D:\vscode\workspace\recurrencePaper\YOLO-26-2\datasets\tt100k_aug_2160\test\labels\55403.txt,,136.5352897644043,45.90589058230969,3622.939208984375,43.458343505859375
D:\vscode\workspace\recurrencePaper\YOLO-26-2\datasets\tt100k_aug_2160\test\images\55449.jpg,D:\vscode\workspace\recurrencePaper\YOLO-26-2\datasets\tt100k_aug_2160\test\labels\55449.txt,,151.45317459106445,53.4016768895184,1220.427001953125,22.97744369506836
D:\vscode\workspace\recurrencePaper\YOLO-26-2\datasets\tt100k_aug_2160\test\images\55632.jpg,D:\vscode\workspace\recurrencePaper\YOLO-26-2\datasets\tt100k_aug_2160\test\labels\55632.txt,,141.15965270996094,37.75409086254003,1643.9072265625,47.82668685913086
D:\vscode\workspace\recurrencePaper\YOLO-26-2\datasets\tt100k_aug_2160\test\images\55634.jpg,D:\vscode\workspace\recurrencePaper\YOLO-26-2\datasets\tt100k_aug_2160\test\labels\55634.txt,,101.93539047241211,44.67339168223457,2994.4833984375,75.72905349731445
D:\vscode\workspace\recurrencePaper\YOLO-26-2\datasets\tt100k_aug_2160\test\images\55640.jpg,D:\vscode\workspace\recurrencePaper\YOLO-26-2\datasets\tt100k_aug_2160\test\labels\55640.txt,,148.89189529418945,58.71443883739758,2301.8916015625,31.80011749267578
D:\vscode\workspace\recurrencePaper\YOLO-26-2\datasets\tt100k_aug_2160\test\images\55700.jpg,D:\vscode\workspace\recurrencePaper\YOLO-26-2\datasets\tt100k_aug_2160\test\labels\55700.txt,,118.71797561645508,53.01973747873734,4746.583984375,49.781944274902344
D:\vscode\workspace\recurrencePaper\YOLO-26-2\datasets\tt100k_aug_2160\test\images\55742.jpg,D:\vscode\workspace\recurrencePaper\YOLO-26-2\datasets\tt100k_aug_2160\test\labels\55742.txt,,141.4881935119629,45.13908844532862,1621.4564208984375,47.831573486328125
D:\vscode\workspace\recurrencePaper\YOLO-26-2\datasets\tt100k_aug_2160\test\images\55904.jpg,D:\vscode\workspace\recurrencePaper\YOLO-26-2\datasets\tt100k_aug_2160\test\labels\55904.txt,,160.55371856689453,63.64706984036501,1676.953369140625,18.200241088867188
D:\vscode\workspace\recurrencePaper\YOLO-26-2\datasets\tt100k_aug_2160\test\images\5600.jpg,D:\vscode\workspace\recurrencePaper\YOLO-26-2\datasets\tt100k_aug_2160\test\labels\5600.txt,,143.73026275634766,39.38258443196772,1399.4603271484375,43.926048278808594
D:\vscode\workspace\recurrencePaper\YOLO-26-2\datasets\tt100k_aug_2160\test\images\56052.jpg,D:\vscode\workspace\recurrencePaper\YOLO-26-2\datasets\tt100k_aug_2160\test\labels\56052.txt,,125.34423065185547,59.324158990879255,3617.56982421875,44.12284851074219
D:\vscode\workspace\recurrencePaper\YOLO-26-2\datasets\tt100k_aug_2160\test\images\56090.jpg,D:\vscode\workspace\recurrencePaper\YOLO-26-2\datasets\tt100k_aug_2160\test\labels\56090.txt,,133.71812438964844,63.032450588138715,1625.738525390625,22.63077163696289
D:\vscode\workspace\recurrencePaper\YOLO-26-2\datasets\tt100k_aug_2160\test\images\56118.jpg,D:\vscode\workspace\recurrencePaper\YOLO-26-2\datasets\tt100k_aug_2160\test\labels\56118.txt,,120.39340209960938,49.49801189507885,2674.318359375,44.82063293457031
D:\vscode\workspace\recurrencePaper\YOLO-26-2\datasets\tt100k_aug_2160\test\images\56174.jpg,D:\vscode\workspace\recurrencePaper\YOLO-26-2\datasets\tt100k_aug_2160\test\labels\56174.txt,,126.37501907348633,30.078660408301918,1597.705322265625,62.06021499633789
D:\vscode\workspace\recurrencePaper\YOLO-26-2\datasets\tt100k_aug_2160\test\images\56245.jpg,D:\vscode\workspace\recurrencePaper\YOLO-26-2\datasets\tt100k_aug_2160\test\labels\56245.txt,,146.91971588134766,59.73540769826771,2289.025390625,27.92859649658203
D:\vscode\workspace\recurrencePaper\YOLO-26-2\datasets\tt100k_aug_2160\test\images\56263.jpg,D:\vscode\workspace\recurrencePaper\YOLO-26-2\datasets\tt100k_aug_2160\test\labels\56263.txt,,151.63072967529297,50.53367073499294,1389.70556640625,30.287883758544922
D:\vscode\workspace\recurrencePaper\YOLO-26-2\datasets\tt100k_aug_2160\test\images\56348.jpg,D:\vscode\workspace\recurrencePaper\YOLO-26-2\datasets\tt100k_aug_2160\test\labels\56348.txt,,166.24063873291016,49.45924896466938,1953.873291015625,28.548980712890625
D:\vscode\workspace\recurrencePaper\YOLO-26-2\datasets\tt100k_aug_2160\test\images\56350.jpg,D:\vscode\workspace\recurrencePaper\YOLO-26-2\datasets\tt100k_aug_2160\test\labels\56350.txt,,144.26530075073242,44.1122291013416,2335.273681640625,43.98048782348633
D:\vscode\workspace\recurrencePaper\YOLO-26-2\datasets\tt100k_aug_2160\test\images\56437.jpg,D:\vscode\workspace\recurrencePaper\YOLO-26-2\datasets\tt100k_aug_2160\test\labels\56437.txt,,129.0581169128418,44.478453642155124,3953.85009765625,67.15286636352539
D:\vscode\workspace\recurrencePaper\YOLO-26-2\datasets\tt100k_aug_2160\test\images\56474.jpg,D:\vscode\workspace\recurrencePaper\YOLO-26-2\datasets\tt100k_aug_2160\test\labels\56474.txt,,144.2900733947754,39.763575486355485,1297.789794921875,47.4150505065918
D:\vscode\workspace\recurrencePaper\YOLO-26-2\datasets\tt100k_aug_2160\test\images\56510.jpg,D:\vscode\workspace\recurrencePaper\YOLO-26-2\datasets\tt100k_aug_2160\test\labels\56510.txt,,133.54103088378906,31.983306862267543,1212.7960205078125,44.19708251953125
D:\vscode\workspace\recurrencePaper\YOLO-26-2\datasets\tt100k_aug_2160\test\images\56583.jpg,D:\vscode\workspace\recurrencePaper\YOLO-26-2\datasets\tt100k_aug_2160\test\labels\56583.txt,,134.4176025390625,88.83534474611646,796.2706298828125,41.63911819458008
D:\vscode\workspace\recurrencePaper\YOLO-26-2\datasets\tt100k_aug_2160\test\images\56725.jpg,D:\vscode\workspace\recurrencePaper\YOLO-26-2\datasets\tt100k_aug_2160\test\labels\56725.txt,,139.4789581298828,59.91238650267777,3443.296875,36.04557800292969
D:\vscode\workspace\recurrencePaper\YOLO-26-2\datasets\tt100k_aug_2160\test\images\56738.jpg,D:\vscode\workspace\recurrencePaper\YOLO-26-2\datasets\tt100k_aug_2160\test\labels\56738.txt,,109.97774124145508,55.08075573837481,2250.10986328125,54.188507080078125
D:\vscode\workspace\recurrencePaper\YOLO-26-2\datasets\tt100k_aug_2160\test\images\56741.jpg,D:\vscode\workspace\recurrencePaper\YOLO-26-2\datasets\tt100k_aug_2160\test\labels\56741.txt,,162.09996032714844,39.80700179190872,1009.2141723632812,29.635108947753906
D:\vscode\workspace\recurrencePaper\YOLO-26-2\datasets\tt100k_aug_2160\test\images\56763.jpg,D:\vscode\workspace\recurrencePaper\YOLO-26-2\datasets\tt100k_aug_2160\test\labels\56763.txt,,127.7740364074707,45.53170803561134,2579.136474609375,52.965675354003906
D:\vscode\workspace\recurrencePaper\YOLO-26-2\datasets\tt100k_aug_2160\test\images\56813.jpg,D:\vscode\workspace\recurrencePaper\YOLO-26-2\datasets\tt100k_aug_2160\test\labels\56813.txt,,130.01417541503906,48.96422763234224,2404.598876953125,51.238521575927734
D:\vscode\workspace\recurrencePaper\YOLO-26-2\datasets\tt100k_aug_2160\test\images\5682.jpg,D:\vscode\workspace\recurrencePaper\YOLO-26-2\datasets\tt100k_aug_2160\test\labels\5682.txt,,128.7008171081543,45.53153294691929,1980.460205078125,47.520145416259766
D:\vscode\workspace\recurrencePaper\YOLO-26-2\datasets\tt100k_aug_2160\test\images\56886.jpg,D:\vscode\workspace\recurrencePaper\YOLO-26-2\datasets\tt100k_aug_2160\test\labels\56886.txt,,122.55806732177734,52.942136742936825,1368.3900146484375,35.768524169921875
D:\vscode\workspace\recurrencePaper\YOLO-26-2\datasets\tt100k_aug_2160\test\images\56922.jpg,D:\vscode\workspace\recurrencePaper\YOLO-26-2\datasets\tt100k_aug_2160\test\labels\56922.txt,,144.17325973510742,38.82629128455443,2084.28564453125,45.70552444458008
D:\vscode\workspace\recurrencePaper\YOLO-26-2\datasets\tt100k_aug_2160\test\images\56997.jpg,D:\vscode\workspace\recurrencePaper\YOLO-26-2\datasets\tt100k_aug_2160\test\labels\56997.txt,,137.28858947753906,40.333971163851,1930.89404296875,49.45856857299805
D:\vscode\workspace\recurrencePaper\YOLO-26-2\datasets\tt100k_aug_2160\test\images\57041.jpg,D:\vscode\workspace\recurrencePaper\YOLO-26-2\datasets\tt100k_aug_2160\test\labels\57041.txt,,111.72786331176758,70.06438817254651,1469.88818359375,23.770862579345703
D:\vscode\workspace\recurrencePaper\YOLO-26-2\datasets\tt100k_aug_2160\test\images\57046.jpg,D:\vscode\workspace\recurrencePaper\YOLO-26-2\datasets\tt100k_aug_2160\test\labels\57046.txt,,124.70206069946289,56.523972313806254,2833.572509765625,30.786449432373047
D:\vscode\workspace\recurrencePaper\YOLO-26-2\datasets\tt100k_aug_2160\test\images\57064.jpg,D:\vscode\workspace\recurrencePaper\YOLO-26-2\datasets\tt100k_aug_2160\test\labels\57064.txt,,137.85368728637695,48.426371074398,5615.12060546875,39.876895904541016
D:\vscode\workspace\recurrencePaper\YOLO-26-2\datasets\tt100k_aug_2160\test\images\57085.jpg,D:\vscode\workspace\recurrencePaper\YOLO-26-2\datasets\tt100k_aug_2160\test\labels\57085.txt,,150.7368927001953,33.71424446519376,1812.2052001953125,53.4886474609375
D:\vscode\workspace\recurrencePaper\YOLO-26-2\datasets\tt100k_aug_2160\test\images\57132.jpg,D:\vscode\workspace\recurrencePaper\YOLO-26-2\datasets\tt100k_aug_2160\test\labels\57132.txt,,137.94438552856445,42.57394690817253,2963.886474609375,43.88197708129883
D:\vscode\workspace\recurrencePaper\YOLO-26-2\datasets\tt100k_aug_2160\test\images\57156.jpg,D:\vscode\workspace\recurrencePaper\YOLO-26-2\datasets\tt100k_aug_2160\test\labels\57156.txt,,133.7729949951172,46.94663225415701,5144.00244140625,48.04141616821289
D:\vscode\workspace\recurrencePaper\YOLO-26-2\datasets\tt100k_aug_2160\test\images\57198.jpg,D:\vscode\workspace\recurrencePaper\YOLO-26-2\datasets\tt100k_aug_2160\test\labels\57198.txt,,140.70227432250977,34.74510094690138,1624.3897705078125,42.467342376708984
D:\vscode\workspace\recurrencePaper\YOLO-26-2\datasets\tt100k_aug_2160\test\images\57258.jpg,D:\vscode\workspace\recurrencePaper\YOLO-26-2\datasets\tt100k_aug_2160\test\labels\57258.txt,,143.29876708984375,56.978452074975706,1921.010009765625,24.928634643554688
D:\vscode\workspace\recurrencePaper\YOLO-26-2\datasets\tt100k_aug_2160\test\images\57278.jpg,D:\vscode\workspace\recurrencePaper\YOLO-26-2\datasets\tt100k_aug_2160\test\labels\57278.txt,,136.9290313720703,64.97320050237798,5171.8681640625,66.89001083374023
D:\vscode\workspace\recurrencePaper\YOLO-26-2\datasets\tt100k_aug_2160\test\images\57359.jpg,D:\vscode\workspace\recurrencePaper\YOLO-26-2\datasets\tt100k_aug_2160\test\labels\57359.txt,,160.32175064086914,62.22626244821689,3325.33837890625,30.433822631835938
D:\vscode\workspace\recurrencePaper\YOLO-26-2\datasets\tt100k_aug_2160\test\images\57361.jpg,D:\vscode\workspace\recurrencePaper\YOLO-26-2\datasets\tt100k_aug_2160\test\labels\57361.txt,,136.4363784790039,36.339921373161154,2942.42529296875,57.06471633911133
D:\vscode\workspace\recurrencePaper\YOLO-26-2\datasets\tt100k_aug_2160\test\images\57404.jpg,D:\vscode\workspace\recurrencePaper\YOLO-26-2\datasets\tt100k_aug_2160\test\labels\57404.txt,,110.95415878295898,58.47342639536458,1494.9725341796875,38.781219482421875
D:\vscode\workspace\recurrencePaper\YOLO-26-2\datasets\tt100k_aug_2160\test\images\5745.jpg,D:\vscode\workspace\recurrencePaper\YOLO-26-2\datasets\tt100k_aug_2160\test\labels\5745.txt,,133.11111068725586,62.00596038344721,6822.30419921875,29.057971954345703
D:\vscode\workspace\recurrencePaper\YOLO-26-2\datasets\tt100k_aug_2160\test\images\57526.jpg,D:\vscode\workspace\recurrencePaper\YOLO-26-2\datasets\tt100k_aug_2160\test\labels\57526.txt,,111.64408874511719,53.418660211758144,6994.3095703125,49.36583709716797
D:\vscode\workspace\recurrencePaper\YOLO-26-2\datasets\tt100k_aug_2160\test\images\5767.jpg,D:\vscode\workspace\recurrencePaper\YOLO-26-2\datasets\tt100k_aug_2160\test\labels\5767.txt,,146.69903564453125,62.55235011906167,1364.1929931640625,25.841629028320312
D:\vscode\workspace\recurrencePaper\YOLO-26-2\datasets\tt100k_aug_2160\test\images\57677.jpg,D:\vscode\workspace\recurrencePaper\YOLO-26-2\datasets\tt100k_aug_2160\test\labels\57677.txt,,124.70408248901367,48.878774347583175,1881.875244140625,44.85885238647461
D:\vscode\workspace\recurrencePaper\YOLO-26-2\datasets\tt100k_aug_2160\test\images\57691.jpg,D:\vscode\workspace\recurrencePaper\YOLO-26-2\datasets\tt100k_aug_2160\test\labels\57691.txt,,95.29833602905273,56.17642693582534,1943.79052734375,73.02302551269531
D:\vscode\workspace\recurrencePaper\YOLO-26-2\datasets\tt100k_aug_2160\test\images\57695.jpg,D:\vscode\workspace\recurrencePaper\YOLO-26-2\datasets\tt100k_aug_2160\test\labels\57695.txt,,137.55104446411133,44.71540129972881,2116.549072265625,84.56179809570312
D:\vscode\workspace\recurrencePaper\YOLO-26-2\datasets\tt100k_aug_2160\test\images\57696.jpg,D:\vscode\workspace\recurrencePaper\YOLO-26-2\datasets\tt100k_aug_2160\test\labels\57696.txt,,125.50705337524414,52.20451379013457,1099.5059814453125,37.08975601196289
D:\vscode\workspace\recurrencePaper\YOLO-26-2\datasets\tt100k_aug_2160\test\images\57720.jpg,D:\vscode\workspace\recurrencePaper\YOLO-26-2\datasets\tt100k_aug_2160\test\labels\57720.txt,,122.58135223388672,54.87045968225767,2206.958984375,59.42302703857422
D:\vscode\workspace\recurrencePaper\YOLO-26-2\datasets\tt100k_aug_2160\test\images\57757.jpg,D:\vscode\workspace\recurrencePaper\YOLO-26-2\datasets\tt100k_aug_2160\test\labels\57757.txt,,131.54662322998047,46.141546994550424,3419.705810546875,48.959693908691406
D:\vscode\workspace\recurrencePaper\YOLO-26-2\datasets\tt100k_aug_2160\test\images\57899.jpg,D:\vscode\workspace\recurrencePaper\YOLO-26-2\datasets\tt100k_aug_2160\test\labels\57899.txt,,116.11211013793945,58.305264111151416,1341.1861572265625,18.310192108154297
D:\vscode\workspace\recurrencePaper\YOLO-26-2\datasets\tt100k_aug_2160\test\images\57902.jpg,D:\vscode\workspace\recurrencePaper\YOLO-26-2\datasets\tt100k_aug_2160\test\labels\57902.txt,,138.44572830200195,44.92644668807982,1925.000732421875,44.34638977050781
D:\vscode\workspace\recurrencePaper\YOLO-26-2\datasets\tt100k_aug_2160\test\images\57976.jpg,D:\vscode\workspace\recurrencePaper\YOLO-26-2\datasets\tt100k_aug_2160\test\labels\57976.txt,,73.97420883178711,74.00270025703111,1570.8673095703125,39.94277572631836
D:\vscode\workspace\recurrencePaper\YOLO-26-2\datasets\tt100k_aug_2160\test\images\58006.jpg,D:\vscode\workspace\recurrencePaper\YOLO-26-2\datasets\tt100k_aug_2160\test\labels\58006.txt,,136.57123184204102,44.184339521453104,1945.738525390625,53.94530487060547
D:\vscode\workspace\recurrencePaper\YOLO-26-2\datasets\tt100k_aug_2160\test\images\58067.jpg,D:\vscode\workspace\recurrencePaper\YOLO-26-2\datasets\tt100k_aug_2160\test\labels\58067.txt,,149.54415130615234,33.71212016053451,1544.397705078125,43.9215202331543
D:\vscode\workspace\recurrencePaper\YOLO-26-2\datasets\tt100k_aug_2160\test\images\58095.jpg,D:\vscode\workspace\recurrencePaper\YOLO-26-2\datasets\tt100k_aug_2160\test\labels\58095.txt,,151.0684585571289,44.31334860620993,2144.100341796875,54.89266586303711
D:\vscode\workspace\recurrencePaper\YOLO-26-2\datasets\tt100k_aug_2160\test\images\58194.jpg,D:\vscode\workspace\recurrencePaper\YOLO-26-2\datasets\tt100k_aug_2160\test\labels\58194.txt,,126.97157669067383,35.97039431728984,2633.63037109375,60.214229583740234
D:\vscode\workspace\recurrencePaper\YOLO-26-2\datasets\tt100k_aug_2160\test\images\5824.jpg,D:\vscode\workspace\recurrencePaper\YOLO-26-2\datasets\tt100k_aug_2160\test\labels\5824.txt,,149.96308135986328,43.3132143036658,1471.2579345703125,32.424705505371094
D:\vscode\workspace\recurrencePaper\YOLO-26-2\datasets\tt100k_aug_2160\test\images\58257.jpg,D:\vscode\workspace\recurrencePaper\YOLO-26-2\datasets\tt100k_aug_2160\test\labels\58257.txt,,131.54244232177734,67.31437335615219,3020.2578125,36.14775466918945
D:\vscode\workspace\recurrencePaper\YOLO-26-2\datasets\tt100k_aug_2160\test\images\58268.jpg,D:\vscode\workspace\recurrencePaper\YOLO-26-2\datasets\tt100k_aug_2160\test\labels\58268.txt,,131.36894607543945,57.053582409221164,3452.34814453125,41.42058563232422
D:\vscode\workspace\recurrencePaper\YOLO-26-2\datasets\tt100k_aug_2160\test\images\58303.jpg,D:\vscode\workspace\recurrencePaper\YOLO-26-2\datasets\tt100k_aug_2160\test\labels\58303.txt,,146.10072326660156,34.579075872344845,1565.16748046875,48.42776870727539
D:\vscode\workspace\recurrencePaper\YOLO-26-2\datasets\tt100k_aug_2160\test\images\58460.jpg,D:\vscode\workspace\recurrencePaper\YOLO-26-2\datasets\tt100k_aug_2160\test\labels\58460.txt,,115.69397354125977,68.2282428824659,1856.033935546875,31.973777770996094
D:\vscode\workspace\recurrencePaper\YOLO-26-2\datasets\tt100k_aug_2160\test\images\58480.jpg,D:\vscode\workspace\recurrencePaper\YOLO-26-2\datasets\tt100k_aug_2160\test\labels\58480.txt,,165.61848068237305,55.061048650364505,1100.3048095703125,27.240558624267578
D:\vscode\workspace\recurrencePaper\YOLO-26-2\datasets\tt100k_aug_2160\test\images\58579.jpg,D:\vscode\workspace\recurrencePaper\YOLO-26-2\datasets\tt100k_aug_2160\test\labels\58579.txt,,151.2296371459961,66.95080013418324,1531.414306640625,23.826801300048828
D:\vscode\workspace\recurrencePaper\YOLO-26-2\datasets\tt100k_aug_2160\test\images\58604.jpg,D:\vscode\workspace\recurrencePaper\YOLO-26-2\datasets\tt100k_aug_2160\test\labels\58604.txt,,131.16300582885742,54.97386545874302,2974.894287109375,60.85566329956055
D:\vscode\workspace\recurrencePaper\YOLO-26-2\datasets\tt100k_aug_2160\test\images\58660.jpg,D:\vscode\workspace\recurrencePaper\YOLO-26-2\datasets\tt100k_aug_2160\test\labels\58660.txt,,144.49736785888672,57.824367321619384,1375.6407470703125,24.544769287109375
D:\vscode\workspace\recurrencePaper\YOLO-26-2\datasets\tt100k_aug_2160\test\images\5869.jpg,D:\vscode\workspace\recurrencePaper\YOLO-26-2\datasets\tt100k_aug_2160\test\labels\5869.txt,,132.78982162475586,56.0815819356526,4274.40771484375,58.578285217285156
D:\vscode\workspace\recurrencePaper\YOLO-26-2\datasets\tt100k_aug_2160\test\images\58719.jpg,D:\vscode\workspace\recurrencePaper\YOLO-26-2\datasets\tt100k_aug_2160\test\labels\58719.txt,,119.40217208862305,56.58022659315758,2290.425537109375,65.33870697021484
D:\vscode\workspace\recurrencePaper\YOLO-26-2\datasets\tt100k_aug_2160\test\images\58837.jpg,D:\vscode\workspace\recurrencePaper\YOLO-26-2\datasets\tt100k_aug_2160\test\labels\58837.txt,,74.19093322753906,37.75711050254832,2191.7763671875,93.75212097167969
D:\vscode\workspace\recurrencePaper\YOLO-26-2\datasets\tt100k_aug_2160\test\images\5886.jpg,D:\vscode\workspace\recurrencePaper\YOLO-26-2\datasets\tt100k_aug_2160\test\labels\5886.txt,,159.6951789855957,64.76262184363392,2022.62451171875,38.14424514770508
D:\vscode\workspace\recurrencePaper\YOLO-26-2\datasets\tt100k_aug_2160\test\images\58860.jpg,D:\vscode\workspace\recurrencePaper\YOLO-26-2\datasets\tt100k_aug_2160\test\labels\58860.txt,,186.1029167175293,58.87046639094171,2173.618408203125,26.957046508789062
D:\vscode\workspace\recurrencePaper\YOLO-26-2\datasets\tt100k_aug_2160\test\images\58878.jpg,D:\vscode\workspace\recurrencePaper\YOLO-26-2\datasets\tt100k_aug_2160\test\labels\58878.txt,,125.95218658447266,44.903176250414965,1300.8275146484375,49.832374572753906
D:\vscode\workspace\recurrencePaper\YOLO-26-2\datasets\tt100k_aug_2160\test\images\58926.jpg,D:\vscode\workspace\recurrencePaper\YOLO-26-2\datasets\tt100k_aug_2160\test\labels\58926.txt,,126.63312911987305,56.44657512127394,6780.2373046875,51.786746978759766
D:\vscode\workspace\recurrencePaper\YOLO-26-2\datasets\tt100k_aug_2160\test\images\58974.jpg,D:\vscode\workspace\recurrencePaper\YOLO-26-2\datasets\tt100k_aug_2160\test\labels\58974.txt,,141.49727249145508,45.31173490943148,1655.759033203125,50.655704498291016
D:\vscode\workspace\recurrencePaper\YOLO-26-2\datasets\tt100k_aug_2160\test\images\58984.jpg,D:\vscode\workspace\recurrencePaper\YOLO-26-2\datasets\tt100k_aug_2160\test\labels\58984.txt,,163.59213638305664,39.142181262233336,2410.953125,33.660545349121094
D:\vscode\workspace\recurrencePaper\YOLO-26-2\datasets\tt100k_aug_2160\test\images\59138.jpg,D:\vscode\workspace\recurrencePaper\YOLO-26-2\datasets\tt100k_aug_2160\test\labels\59138.txt,,124.99166488647461,50.91313346050162,2173.588134765625,32.12125015258789
D:\vscode\workspace\recurrencePaper\YOLO-26-2\datasets\tt100k_aug_2160\test\images\59295.jpg,D:\vscode\workspace\recurrencePaper\YOLO-26-2\datasets\tt100k_aug_2160\test\labels\59295.txt,,124.37424087524414,56.441051286052996,1812.963623046875,37.933074951171875
D:\vscode\workspace\recurrencePaper\YOLO-26-2\datasets\tt100k_aug_2160\test\images\59302.jpg,D:\vscode\workspace\recurrencePaper\YOLO-26-2\datasets\tt100k_aug_2160\test\labels\59302.txt,,125.70416641235352,49.3432093318314,3363.219970703125,50.034820556640625
D:\vscode\workspace\recurrencePaper\YOLO-26-2\datasets\tt100k_aug_2160\test\images\59418.jpg,D:\vscode\workspace\recurrencePaper\YOLO-26-2\datasets\tt100k_aug_2160\test\labels\59418.txt,,122.72721862792969,49.236979509055004,3520.577880859375,54.08631134033203
D:\vscode\workspace\recurrencePaper\YOLO-26-2\datasets\tt100k_aug_2160\test\images\59577.jpg,D:\vscode\workspace\recurrencePaper\YOLO-26-2\datasets\tt100k_aug_2160\test\labels\59577.txt,,114.64389419555664,56.1168307594513,1162.798583984375,79.47155380249023
D:\vscode\workspace\recurrencePaper\YOLO-26-2\datasets\tt100k_aug_2160\test\images\59654.jpg,D:\vscode\workspace\recurrencePaper\YOLO-26-2\datasets\tt100k_aug_2160\test\labels\59654.txt,,125.01418685913086,44.74888780965996,4805.7080078125,73.94089889526367
D:\vscode\workspace\recurrencePaper\YOLO-26-2\datasets\tt100k_aug_2160\test\images\59670.jpg,D:\vscode\workspace\recurrencePaper\YOLO-26-2\datasets\tt100k_aug_2160\test\labels\59670.txt,,141.64300155639648,49.29347553607347,1439.9227294921875,22.873886108398438
D:\vscode\workspace\recurrencePaper\YOLO-26-2\datasets\tt100k_aug_2160\test\images\59682.jpg,D:\vscode\workspace\recurrencePaper\YOLO-26-2\datasets\tt100k_aug_2160\test\labels\59682.txt,,140.38006210327148,30.621694271658843,1908.6883544921875,45.802764892578125
D:\vscode\workspace\recurrencePaper\YOLO-26-2\datasets\tt100k_aug_2160\test\images\59813.jpg,D:\vscode\workspace\recurrencePaper\YOLO-26-2\datasets\tt100k_aug_2160\test\labels\59813.txt,,158.05785751342773,51.035568231207264,1186.19140625,26.016014099121094
D:\vscode\workspace\recurrencePaper\YOLO-26-2\datasets\tt100k_aug_2160\test\images\59830.jpg,D:\vscode\workspace\recurrencePaper\YOLO-26-2\datasets\tt100k_aug_2160\test\labels\59830.txt,,131.7670555114746,42.65863992868522,1282.6370849609375,56.79928970336914
D:\vscode\workspace\recurrencePaper\YOLO-26-2\datasets\tt100k_aug_2160\test\images\59841.jpg,D:\vscode\workspace\recurrencePaper\YOLO-26-2\datasets\tt100k_aug_2160\test\labels\59841.txt,,143.92589950561523,55.268726251221004,1191.08154296875,28.947711944580078
D:\vscode\workspace\recurrencePaper\YOLO-26-2\datasets\tt100k_aug_2160\test\images\59858.jpg,D:\vscode\workspace\recurrencePaper\YOLO-26-2\datasets\tt100k_aug_2160\test\labels\59858.txt,,173.67155838012695,56.916988375783575,861.7418823242188,24.668800354003906
D:\vscode\workspace\recurrencePaper\YOLO-26-2\datasets\tt100k_aug_2160\test\images\59946.jpg,D:\vscode\workspace\recurrencePaper\YOLO-26-2\datasets\tt100k_aug_2160\test\labels\59946.txt,,151.83342361450195,49.23979356644129,1512.8818359375,44.00267028808594
D:\vscode\workspace\recurrencePaper\YOLO-26-2\datasets\tt100k_aug_2160\test\images\60.jpg,D:\vscode\workspace\recurrencePaper\YOLO-26-2\datasets\tt100k_aug_2160\test\labels\60.txt,,140.7818374633789,45.624555080158316,3978.461669921875,44.942596435546875
D:\vscode\workspace\recurrencePaper\YOLO-26-2\datasets\tt100k_aug_2160\test\images\60040.jpg,D:\vscode\workspace\recurrencePaper\YOLO-26-2\datasets\tt100k_aug_2160\test\labels\60040.txt,,123.75054168701172,53.95080228826214,2061.869384765625,60.49747848510742
D:\vscode\workspace\recurrencePaper\YOLO-26-2\datasets\tt100k_aug_2160\test\images\6008.jpg,D:\vscode\workspace\recurrencePaper\YOLO-26-2\datasets\tt100k_aug_2160\test\labels\6008.txt,,126.58021926879883,57.242185336454746,2653.38623046875,65.64480972290039
D:\vscode\workspace\recurrencePaper\YOLO-26-2\datasets\tt100k_aug_2160\test\images\60094.jpg,D:\vscode\workspace\recurrencePaper\YOLO-26-2\datasets\tt100k_aug_2160\test\labels\60094.txt,,124.83676528930664,49.652248637572896,1861.2742919921875,52.479835510253906
D:\vscode\workspace\recurrencePaper\YOLO-26-2\datasets\tt100k_aug_2160\test\images\60095.jpg,D:\vscode\workspace\recurrencePaper\YOLO-26-2\datasets\tt100k_aug_2160\test\labels\60095.txt,,119.90477752685547,70.601709871865,3557.592529296875,48.18832015991211
D:\vscode\workspace\recurrencePaper\YOLO-26-2\datasets\tt100k_aug_2160\test\images\60099.jpg,D:\vscode\workspace\recurrencePaper\YOLO-26-2\datasets\tt100k_aug_2160\test\labels\60099.txt,,138.12094497680664,63.7230653728655,2304.727783203125,37.2744255065918
D:\vscode\workspace\recurrencePaper\YOLO-26-2\datasets\tt100k_aug_2160\test\images\6011.jpg,D:\vscode\workspace\recurrencePaper\YOLO-26-2\datasets\tt100k_aug_2160\test\labels\6011.txt,,123.08308029174805,42.806004546639365,3000.059814453125,57.173919677734375
D:\vscode\workspace\recurrencePaper\YOLO-26-2\datasets\tt100k_aug_2160\test\images\60137.jpg,D:\vscode\workspace\recurrencePaper\YOLO-26-2\datasets\tt100k_aug_2160\test\labels\60137.txt,,152.443603515625,52.621930763984864,1924.96728515625,27.717750549316406
D:\vscode\workspace\recurrencePaper\YOLO-26-2\datasets\tt100k_aug_2160\test\images\60181.jpg,D:\vscode\workspace\recurrencePaper\YOLO-26-2\datasets\tt100k_aug_2160\test\labels\60181.txt,,138.38403701782227,47.23676994190831,3753.56005859375,42.57822036743164
D:\vscode\workspace\recurrencePaper\YOLO-26-2\datasets\tt100k_aug_2160\test\images\60205.jpg,D:\vscode\workspace\recurrencePaper\YOLO-26-2\datasets\tt100k_aug_2160\test\labels\60205.txt,,140.2156867980957,67.96543701103076,1360.1097412109375,27.126399993896484
D:\vscode\workspace\recurrencePaper\YOLO-26-2\datasets\tt100k_aug_2160\test\images\60209.jpg,D:\vscode\workspace\recurrencePaper\YOLO-26-2\datasets\tt100k_aug_2160\test\labels\60209.txt,,113.58035278320312,51.719650415571664,2661.740966796875,83.79253387451172
D:\vscode\workspace\recurrencePaper\YOLO-26-2\datasets\tt100k_aug_2160\test\images\60285.jpg,D:\vscode\workspace\recurrencePaper\YOLO-26-2\datasets\tt100k_aug_2160\test\labels\60285.txt,,142.0281524658203,80.64978233716703,2077.58935546875,32.753971099853516
D:\vscode\workspace\recurrencePaper\YOLO-26-2\datasets\tt100k_aug_2160\test\images\60358.jpg,D:\vscode\workspace\recurrencePaper\YOLO-26-2\datasets\tt100k_aug_2160\test\labels\60358.txt,,140.75455474853516,55.742405722681795,1319.684326171875,28.679656982421875
D:\vscode\workspace\recurrencePaper\YOLO-26-2\datasets\tt100k_aug_2160\test\images\60364.jpg,D:\vscode\workspace\recurrencePaper\YOLO-26-2\datasets\tt100k_aug_2160\test\labels\60364.txt,,139.08531951904297,38.7666432598605,3812.661865234375,54.75956726074219
D:\vscode\workspace\recurrencePaper\YOLO-26-2\datasets\tt100k_aug_2160\test\images\60374.jpg,D:\vscode\workspace\recurrencePaper\YOLO-26-2\datasets\tt100k_aug_2160\test\labels\60374.txt,,135.0539207458496,42.07043875611502,3889.734619140625,60.91253662109375
D:\vscode\workspace\recurrencePaper\YOLO-26-2\datasets\tt100k_aug_2160\test\images\60396.jpg,D:\vscode\workspace\recurrencePaper\YOLO-26-2\datasets\tt100k_aug_2160\test\labels\60396.txt,,149.70083618164062,40.85688741497283,1457.46630859375,32.28667068481445
D:\vscode\workspace\recurrencePaper\YOLO-26-2\datasets\tt100k_aug_2160\test\images\60522.jpg,D:\vscode\workspace\recurrencePaper\YOLO-26-2\datasets\tt100k_aug_2160\test\labels\60522.txt,,162.39199829101562,61.000682397234044,1326.912841796875,21.873271942138672
D:\vscode\workspace\recurrencePaper\YOLO-26-2\datasets\tt100k_aug_2160\test\images\60554.jpg,D:\vscode\workspace\recurrencePaper\YOLO-26-2\datasets\tt100k_aug_2160\test\labels\60554.txt,,123.41444396972656,43.61870851589812,2662.432373046875,74.24852752685547
D:\vscode\workspace\recurrencePaper\YOLO-26-2\datasets\tt100k_aug_2160\test\images\60572.jpg,D:\vscode\workspace\recurrencePaper\YOLO-26-2\datasets\tt100k_aug_2160\test\labels\60572.txt,,136.6814422607422,35.538548769471426,3879.787353515625,56.82405471801758
D:\vscode\workspace\recurrencePaper\YOLO-26-2\datasets\tt100k_aug_2160\test\images\60598.jpg,D:\vscode\workspace\recurrencePaper\YOLO-26-2\datasets\tt100k_aug_2160\test\labels\60598.txt,,147.51792526245117,61.22359503910729,3275.636962890625,54.44062805175781
D:\vscode\workspace\recurrencePaper\YOLO-26-2\datasets\tt100k_aug_2160\test\images\60628.jpg,D:\vscode\workspace\recurrencePaper\YOLO-26-2\datasets\tt100k_aug_2160\test\labels\60628.txt,,175.7767105102539,55.88830216810105,1681.7672119140625,31.440364837646484
D:\vscode\workspace\recurrencePaper\YOLO-26-2\datasets\tt100k_aug_2160\test\images\60636.jpg,D:\vscode\workspace\recurrencePaper\YOLO-26-2\datasets\tt100k_aug_2160\test\labels\60636.txt,,131.32622146606445,53.97594196859486,2123.689697265625,55.70597457885742
D:\vscode\workspace\recurrencePaper\YOLO-26-2\datasets\tt100k_aug_2160\test\images\60678.jpg,D:\vscode\workspace\recurrencePaper\YOLO-26-2\datasets\tt100k_aug_2160\test\labels\60678.txt,,98.78109741210938,60.07276174648039,2999.20556640625,88.13875961303711
D:\vscode\workspace\recurrencePaper\YOLO-26-2\datasets\tt100k_aug_2160\test\images\60702.jpg,D:\vscode\workspace\recurrencePaper\YOLO-26-2\datasets\tt100k_aug_2160\test\labels\60702.txt,,146.94683837890625,40.415197959284285,2096.108154296875,55.36775207519531
D:\vscode\workspace\recurrencePaper\YOLO-26-2\datasets\tt100k_aug_2160\test\images\60704.jpg,D:\vscode\workspace\recurrencePaper\YOLO-26-2\datasets\tt100k_aug_2160\test\labels\60704.txt,,127.02023315429688,59.24665419659207,2352.952392578125,51.59281539916992
D:\vscode\workspace\recurrencePaper\YOLO-26-2\datasets\tt100k_aug_2160\test\images\60737.jpg,D:\vscode\workspace\recurrencePaper\YOLO-26-2\datasets\tt100k_aug_2160\test\labels\60737.txt,,140.63496017456055,36.618101713395674,1671.3197021484375,46.85151290893555
D:\vscode\workspace\recurrencePaper\YOLO-26-2\datasets\tt100k_aug_2160\test\images\60746.jpg,D:\vscode\workspace\recurrencePaper\YOLO-26-2\datasets\tt100k_aug_2160\test\labels\60746.txt,,93.50856399536133,58.634265574914004,1759.4093017578125,54.4082145690918
D:\vscode\workspace\recurrencePaper\YOLO-26-2\datasets\tt100k_aug_2160\test\images\60748.jpg,D:\vscode\workspace\recurrencePaper\YOLO-26-2\datasets\tt100k_aug_2160\test\labels\60748.txt,,129.03287887573242,43.88773665865914,1422.5531005859375,41.72090148925781
D:\vscode\workspace\recurrencePaper\YOLO-26-2\datasets\tt100k_aug_2160\test\images\60757.jpg,D:\vscode\workspace\recurrencePaper\YOLO-26-2\datasets\tt100k_aug_2160\test\labels\60757.txt,,134.8534812927246,43.101874627281006,3009.218994140625,70.44527816772461
D:\vscode\workspace\recurrencePaper\YOLO-26-2\datasets\tt100k_aug_2160\test\images\60784.jpg,D:\vscode\workspace\recurrencePaper\YOLO-26-2\datasets\tt100k_aug_2160\test\labels\60784.txt,,111.63773345947266,56.47069393781054,2241.489013671875,83.85646057128906
D:\vscode\workspace\recurrencePaper\YOLO-26-2\datasets\tt100k_aug_2160\test\images\6081.jpg,D:\vscode\workspace\recurrencePaper\YOLO-26-2\datasets\tt100k_aug_2160\test\labels\6081.txt,,142.4478759765625,66.81081005781398,1329.430908203125,29.82086181640625
D:\vscode\workspace\recurrencePaper\YOLO-26-2\datasets\tt100k_aug_2160\test\images\60876.jpg,D:\vscode\workspace\recurrencePaper\YOLO-26-2\datasets\tt100k_aug_2160\test\labels\60876.txt,,120.58839797973633,44.193283179736774,4264.638671875,74.50342178344727
D:\vscode\workspace\recurrencePaper\YOLO-26-2\datasets\tt100k_aug_2160\test\images\60955.jpg,D:\vscode\workspace\recurrencePaper\YOLO-26-2\datasets\tt100k_aug_2160\test\labels\60955.txt,,124.55570983886719,53.8222245671001,2147.265625,48.38733673095703
D:\vscode\workspace\recurrencePaper\YOLO-26-2\datasets\tt100k_aug_2160\test\images\61039.jpg,D:\vscode\workspace\recurrencePaper\YOLO-26-2\datasets\tt100k_aug_2160\test\labels\61039.txt,,165.15870666503906,56.302587423541965,1406.64404296875,30.40911102294922
D:\vscode\workspace\recurrencePaper\YOLO-26-2\datasets\tt100k_aug_2160\test\images\61108.jpg,D:\vscode\workspace\recurrencePaper\YOLO-26-2\datasets\tt100k_aug_2160\test\labels\61108.txt,,174.84186553955078,30.277785517778252,715.8546752929688,42.943607330322266
D:\vscode\workspace\recurrencePaper\YOLO-26-2\datasets\tt100k_aug_2160\test\images\61216.jpg,D:\vscode\workspace\recurrencePaper\YOLO-26-2\datasets\tt100k_aug_2160\test\labels\61216.txt,,121.65190505981445,62.102341109561635,2778.998046875,60.99477005004883
D:\vscode\workspace\recurrencePaper\YOLO-26-2\datasets\tt100k_aug_2160\test\images\61229.jpg,D:\vscode\workspace\recurrencePaper\YOLO-26-2\datasets\tt100k_aug_2160\test\labels\61229.txt,,121.6739501953125,56.28223583524573,2451.591064453125,32.06742477416992
D:\vscode\workspace\recurrencePaper\YOLO-26-2\datasets\tt100k_aug_2160\test\images\61313.jpg,D:\vscode\workspace\recurrencePaper\YOLO-26-2\datasets\tt100k_aug_2160\test\labels\61313.txt,,151.49011993408203,48.42177047440034,1527.871826171875,30.17790985107422
D:\vscode\workspace\recurrencePaper\YOLO-26-2\datasets\tt100k_aug_2160\test\images\61322.jpg,D:\vscode\workspace\recurrencePaper\YOLO-26-2\datasets\tt100k_aug_2160\test\labels\61322.txt,,188.68401336669922,53.623950283321186,1572.0634765625,21.953033447265625
D:\vscode\workspace\recurrencePaper\YOLO-26-2\datasets\tt100k_aug_2160\test\images\61383.jpg,D:\vscode\workspace\recurrencePaper\YOLO-26-2\datasets\tt100k_aug_2160\test\labels\61383.txt,,116.39382553100586,50.179650357998526,3073.85595703125,72.5940055847168
D:\vscode\workspace\recurrencePaper\YOLO-26-2\datasets\tt100k_aug_2160\test\images\6140.jpg,D:\vscode\workspace\recurrencePaper\YOLO-26-2\datasets\tt100k_aug_2160\test\labels\6140.txt,,88.1472282409668,72.63265459034537,6850.7685546875,57.6491813659668
D:\vscode\workspace\recurrencePaper\YOLO-26-2\datasets\tt100k_aug_2160\test\images\61502.jpg,D:\vscode\workspace\recurrencePaper\YOLO-26-2\datasets\tt100k_aug_2160\test\labels\61502.txt,,141.4526596069336,34.98410853272622,1068.671875,43.398712158203125
D:\vscode\workspace\recurrencePaper\YOLO-26-2\datasets\tt100k_aug_2160\test\images\61503.jpg,D:\vscode\workspace\recurrencePaper\YOLO-26-2\datasets\tt100k_aug_2160\test\labels\61503.txt,,136.90521621704102,62.6930124525575,2145.16845703125,15.759071350097656
D:\vscode\workspace\recurrencePaper\YOLO-26-2\datasets\tt100k_aug_2160\test\images\61511.jpg,D:\vscode\workspace\recurrencePaper\YOLO-26-2\datasets\tt100k_aug_2160\test\labels\61511.txt,,125.38843154907227,51.38860291160708,4125.07861328125,44.96318435668945
D:\vscode\workspace\recurrencePaper\YOLO-26-2\datasets\tt100k_aug_2160\test\images\61561.jpg,D:\vscode\workspace\recurrencePaper\YOLO-26-2\datasets\tt100k_aug_2160\test\labels\61561.txt,,150.91442108154297,77.81298034084726,1525.926025390625,29.19084930419922
D:\vscode\workspace\recurrencePaper\YOLO-26-2\datasets\tt100k_aug_2160\test\images\61643.jpg,D:\vscode\workspace\recurrencePaper\YOLO-26-2\datasets\tt100k_aug_2160\test\labels\61643.txt,,94.82794570922852,61.64013315324194,3819.0810546875,70.15210342407227
D:\vscode\workspace\recurrencePaper\YOLO-26-2\datasets\tt100k_aug_2160\test\images\6165.jpg,D:\vscode\workspace\recurrencePaper\YOLO-26-2\datasets\tt100k_aug_2160\test\labels\6165.txt,,88.13053894042969,52.62883445406826,9081.6591796875,102.42450714111328
D:\vscode\workspace\recurrencePaper\YOLO-26-2\datasets\tt100k_aug_2160\test\images\61684.jpg,D:\vscode\workspace\recurrencePaper\YOLO-26-2\datasets\tt100k_aug_2160\test\labels\61684.txt,,140.25070571899414,39.44435654269219,3508.68505859375,54.40171813964844
D:\vscode\workspace\recurrencePaper\YOLO-26-2\datasets\tt100k_aug_2160\test\images\6172.jpg,D:\vscode\workspace\recurrencePaper\YOLO-26-2\datasets\tt100k_aug_2160\test\labels\6172.txt,,144.4261016845703,32.36072007029027,821.3604125976562,44.37738800048828
D:\vscode\workspace\recurrencePaper\YOLO-26-2\datasets\tt100k_aug_2160\test\images\61747.jpg,D:\vscode\workspace\recurrencePaper\YOLO-26-2\datasets\tt100k_aug_2160\test\labels\61747.txt,,110.2817611694336,53.16187507541954,5854.65185546875,60.65753936767578
D:\vscode\workspace\recurrencePaper\YOLO-26-2\datasets\tt100k_aug_2160\test\images\61770.jpg,D:\vscode\workspace\recurrencePaper\YOLO-26-2\datasets\tt100k_aug_2160\test\labels\61770.txt,,137.72264099121094,46.11398943979458,1548.142822265625,42.836727142333984
D:\vscode\workspace\recurrencePaper\YOLO-26-2\datasets\tt100k_aug_2160\test\images\61797.jpg,D:\vscode\workspace\recurrencePaper\YOLO-26-2\datasets\tt100k_aug_2160\test\labels\61797.txt,,97.80707550048828,56.316624058725886,7844.88037109375,100.55034255981445
D:\vscode\workspace\recurrencePaper\YOLO-26-2\datasets\tt100k_aug_2160\test\images\61826.jpg,D:\vscode\workspace\recurrencePaper\YOLO-26-2\datasets\tt100k_aug_2160\test\labels\61826.txt,,139.72571182250977,69.98240562731513,1719.5811767578125,28.011180877685547
D:\vscode\workspace\recurrencePaper\YOLO-26-2\datasets\tt100k_aug_2160\test\images\6184.jpg,D:\vscode\workspace\recurrencePaper\YOLO-26-2\datasets\tt100k_aug_2160\test\labels\6184.txt,,127.79342269897461,85.59359883188257,1363.4317626953125,29.76367950439453
D:\vscode\workspace\recurrencePaper\YOLO-26-2\datasets\tt100k_aug_2160\test\images\61883.jpg,D:\vscode\workspace\recurrencePaper\YOLO-26-2\datasets\tt100k_aug_2160\test\labels\61883.txt,,139.17962646484375,68.16738490708319,2156.477294921875,29.138702392578125
D:\vscode\workspace\recurrencePaper\YOLO-26-2\datasets\tt100k_aug_2160\test\images\61901.jpg,D:\vscode\workspace\recurrencePaper\YOLO-26-2\datasets\tt100k_aug_2160\test\labels\61901.txt,,135.5775604248047,35.711776094850926,2132.93310546875,53.362369537353516
D:\vscode\workspace\recurrencePaper\YOLO-26-2\datasets\tt100k_aug_2160\test\images\61923.jpg,D:\vscode\workspace\recurrencePaper\YOLO-26-2\datasets\tt100k_aug_2160\test\labels\61923.txt,,109.01689529418945,77.67975321072319,2619.781005859375,46.2098503112793
D:\vscode\workspace\recurrencePaper\YOLO-26-2\datasets\tt100k_aug_2160\test\images\6195.jpg,D:\vscode\workspace\recurrencePaper\YOLO-26-2\datasets\tt100k_aug_2160\test\labels\6195.txt,,131.84502792358398,40.26147123367953,1645.03857421875,44.71589660644531
D:\vscode\workspace\recurrencePaper\YOLO-26-2\datasets\tt100k_aug_2160\test\images\61993.jpg,D:\vscode\workspace\recurrencePaper\YOLO-26-2\datasets\tt100k_aug_2160\test\labels\61993.txt,,181.01739883422852,43.08254939629762,2232.10205078125,30.775997161865234
D:\vscode\workspace\recurrencePaper\YOLO-26-2\datasets\tt100k_aug_2160\test\images\62018.jpg,D:\vscode\workspace\recurrencePaper\YOLO-26-2\datasets\tt100k_aug_2160\test\labels\62018.txt,,147.16338348388672,62.29503305775496,2665.2275390625,41.297393798828125
D:\vscode\workspace\recurrencePaper\YOLO-26-2\datasets\tt100k_aug_2160\test\images\62025.jpg,D:\vscode\workspace\recurrencePaper\YOLO-26-2\datasets\tt100k_aug_2160\test\labels\62025.txt,,141.14595794677734,49.220585025821464,3094.48388671875,41.693336486816406
D:\vscode\workspace\recurrencePaper\YOLO-26-2\datasets\tt100k_aug_2160\test\images\62082.jpg,D:\vscode\workspace\recurrencePaper\YOLO-26-2\datasets\tt100k_aug_2160\test\labels\62082.txt,,124.2861099243164,53.28740317634365,1988.7733154296875,49.59581756591797
D:\vscode\workspace\recurrencePaper\YOLO-26-2\datasets\tt100k_aug_2160\test\images\62100.jpg,D:\vscode\workspace\recurrencePaper\YOLO-26-2\datasets\tt100k_aug_2160\test\labels\62100.txt,,137.31089401245117,57.3952587471945,3443.24267578125,41.15018844604492
D:\vscode\workspace\recurrencePaper\YOLO-26-2\datasets\tt100k_aug_2160\test\images\62105.jpg,D:\vscode\workspace\recurrencePaper\YOLO-26-2\datasets\tt100k_aug_2160\test\labels\62105.txt,,148.76128005981445,41.87492539788564,1402.842529296875,70.94194412231445
D:\vscode\workspace\recurrencePaper\YOLO-26-2\datasets\tt100k_aug_2160\test\images\62189.jpg,D:\vscode\workspace\recurrencePaper\YOLO-26-2\datasets\tt100k_aug_2160\test\labels\62189.txt,,113.6383171081543,75.77332968335487,2706.149169921875,43.159061431884766
D:\vscode\workspace\recurrencePaper\YOLO-26-2\datasets\tt100k_aug_2160\test\images\62199.jpg,D:\vscode\workspace\recurrencePaper\YOLO-26-2\datasets\tt100k_aug_2160\test\labels\62199.txt,,89.15687942504883,55.634354097045644,7425.8359375,98.41357803344727
D:\vscode\workspace\recurrencePaper\YOLO-26-2\datasets\tt100k_aug_2160\test\images\62210.jpg,D:\vscode\workspace\recurrencePaper\YOLO-26-2\datasets\tt100k_aug_2160\test\labels\62210.txt,,129.58649444580078,61.7336912302158,4996.6884765625,42.43655014038086
D:\vscode\workspace\recurrencePaper\YOLO-26-2\datasets\tt100k_aug_2160\test\images\62269.jpg,D:\vscode\workspace\recurrencePaper\YOLO-26-2\datasets\tt100k_aug_2160\test\labels\62269.txt,,124.16327667236328,73.60535606486982,794.7766723632812,88.5465087890625
D:\vscode\workspace\recurrencePaper\YOLO-26-2\datasets\tt100k_aug_2160\test\images\62282.jpg,D:\vscode\workspace\recurrencePaper\YOLO-26-2\datasets\tt100k_aug_2160\test\labels\62282.txt,,119.2767105102539,55.472391426090105,3709.027099609375,57.53282165527344
D:\vscode\workspace\recurrencePaper\YOLO-26-2\datasets\tt100k_aug_2160\test\images\62348.jpg,D:\vscode\workspace\recurrencePaper\YOLO-26-2\datasets\tt100k_aug_2160\test\labels\62348.txt,,148.03544998168945,72.79946501302955,2585.8369140625,44.00241470336914
D:\vscode\workspace\recurrencePaper\YOLO-26-2\datasets\tt100k_aug_2160\test\images\62464.jpg,D:\vscode\workspace\recurrencePaper\YOLO-26-2\datasets\tt100k_aug_2160\test\labels\62464.txt,,127.31833267211914,68.815148809853,3506.683349609375,40.03490447998047
D:\vscode\workspace\recurrencePaper\YOLO-26-2\datasets\tt100k_aug_2160\test\images\62498.jpg,D:\vscode\workspace\recurrencePaper\YOLO-26-2\datasets\tt100k_aug_2160\test\labels\62498.txt,,120.85895538330078,48.82783972636752,5431.4892578125,48.35314178466797
D:\vscode\workspace\recurrencePaper\YOLO-26-2\datasets\tt100k_aug_2160\test\images\62516.jpg,D:\vscode\workspace\recurrencePaper\YOLO-26-2\datasets\tt100k_aug_2160\test\labels\62516.txt,,137.53827667236328,43.015280910740856,2486.10693359375,58.16709518432617
D:\vscode\workspace\recurrencePaper\YOLO-26-2\datasets\tt100k_aug_2160\test\images\62540.jpg,D:\vscode\workspace\recurrencePaper\YOLO-26-2\datasets\tt100k_aug_2160\test\labels\62540.txt,,166.02255630493164,53.51519059274848,2285.9306640625,34.81119918823242
D:\vscode\workspace\recurrencePaper\YOLO-26-2\datasets\tt100k_aug_2160\test\images\62596.jpg,D:\vscode\workspace\recurrencePaper\YOLO-26-2\datasets\tt100k_aug_2160\test\labels\62596.txt,,136.99522018432617,34.89028382525049,1706.39453125,47.87704849243164
D:\vscode\workspace\recurrencePaper\YOLO-26-2\datasets\tt100k_aug_2160\test\images\62713.jpg,D:\vscode\workspace\recurrencePaper\YOLO-26-2\datasets\tt100k_aug_2160\test\labels\62713.txt,,122.1329574584961,47.198869193025836,3373.876953125,76.48314666748047
D:\vscode\workspace\recurrencePaper\YOLO-26-2\datasets\tt100k_aug_2160\test\images\62762.jpg,D:\vscode\workspace\recurrencePaper\YOLO-26-2\datasets\tt100k_aug_2160\test\labels\62762.txt,,123.42055892944336,47.73234022392,3207.287353515625,77.68704223632812
D:\vscode\workspace\recurrencePaper\YOLO-26-2\datasets\tt100k_aug_2160\test\images\62803.jpg,D:\vscode\workspace\recurrencePaper\YOLO-26-2\datasets\tt100k_aug_2160\test\labels\62803.txt,,132.5558853149414,40.415193057754145,1510.8001708984375,68.15203857421875
D:\vscode\workspace\recurrencePaper\YOLO-26-2\datasets\tt100k_aug_2160\test\images\62810.jpg,D:\vscode\workspace\recurrencePaper\YOLO-26-2\datasets\tt100k_aug_2160\test\labels\62810.txt,,156.4852180480957,60.32501946902086,1562.8546142578125,25.88239288330078
D:\vscode\workspace\recurrencePaper\YOLO-26-2\datasets\tt100k_aug_2160\test\images\6288.jpg,D:\vscode\workspace\recurrencePaper\YOLO-26-2\datasets\tt100k_aug_2160\test\labels\6288.txt,,142.36360549926758,46.3142328888818,1574.569580078125,45.23064422607422
D:\vscode\workspace\recurrencePaper\YOLO-26-2\datasets\tt100k_aug_2160\test\images\63045.jpg,D:\vscode\workspace\recurrencePaper\YOLO-26-2\datasets\tt100k_aug_2160\test\labels\63045.txt,,111.61488723754883,57.39286103800052,8654.2509765625,56.87217330932617
D:\vscode\workspace\recurrencePaper\YOLO-26-2\datasets\tt100k_aug_2160\test\images\63065.jpg,D:\vscode\workspace\recurrencePaper\YOLO-26-2\datasets\tt100k_aug_2160\test\labels\63065.txt,,125.79306030273438,51.300411456776324,2745.89111328125,45.13970184326172
D:\vscode\workspace\recurrencePaper\YOLO-26-2\datasets\tt100k_aug_2160\test\images\63094.jpg,D:\vscode\workspace\recurrencePaper\YOLO-26-2\datasets\tt100k_aug_2160\test\labels\63094.txt,,135.17282104492188,48.47175650860004,2505.033447265625,34.6298828125
D:\vscode\workspace\recurrencePaper\YOLO-26-2\datasets\tt100k_aug_2160\test\images\63102.jpg,D:\vscode\workspace\recurrencePaper\YOLO-26-2\datasets\tt100k_aug_2160\test\labels\63102.txt,,130.02540588378906,40.077946667336604,2312.751953125,65.61507415771484
D:\vscode\workspace\recurrencePaper\YOLO-26-2\datasets\tt100k_aug_2160\test\images\63115.jpg,D:\vscode\workspace\recurrencePaper\YOLO-26-2\datasets\tt100k_aug_2160\test\labels\63115.txt,,139.4236717224121,52.36968649438726,2068.194091796875,47.999149322509766
D:\vscode\workspace\recurrencePaper\YOLO-26-2\datasets\tt100k_aug_2160\test\images\63140.jpg,D:\vscode\workspace\recurrencePaper\YOLO-26-2\datasets\tt100k_aug_2160\test\labels\63140.txt,,146.25890731811523,61.1783021616785,2322.931396484375,25.28619384765625
D:\vscode\workspace\recurrencePaper\YOLO-26-2\datasets\tt100k_aug_2160\test\images\6316.jpg,D:\vscode\workspace\recurrencePaper\YOLO-26-2\datasets\tt100k_aug_2160\test\labels\6316.txt,,148.12837982177734,44.750314530507694,1516.5560302734375,63.820945739746094
D:\vscode\workspace\recurrencePaper\YOLO-26-2\datasets\tt100k_aug_2160\test\images\63196.jpg,D:\vscode\workspace\recurrencePaper\YOLO-26-2\datasets\tt100k_aug_2160\test\labels\63196.txt,,142.98610305786133,51.441777339943584,4776.40966796875,51.34698486328125
D:\vscode\workspace\recurrencePaper\YOLO-26-2\datasets\tt100k_aug_2160\test\images\634.jpg,D:\vscode\workspace\recurrencePaper\YOLO-26-2\datasets\tt100k_aug_2160\test\labels\634.txt,,127.48231887817383,61.892700932427715,2795.18408203125,59.923213958740234
D:\vscode\workspace\recurrencePaper\YOLO-26-2\datasets\tt100k_aug_2160\test\images\63436.jpg,D:\vscode\workspace\recurrencePaper\YOLO-26-2\datasets\tt100k_aug_2160\test\labels\63436.txt,,168.01325607299805,54.06728921076498,3407.347900390625,31.407779693603516
D:\vscode\workspace\recurrencePaper\YOLO-26-2\datasets\tt100k_aug_2160\test\images\63472.jpg,D:\vscode\workspace\recurrencePaper\YOLO-26-2\datasets\tt100k_aug_2160\test\labels\63472.txt,,135.6413345336914,31.830895015941586,1691.800048828125,81.01145553588867
D:\vscode\workspace\recurrencePaper\YOLO-26-2\datasets\tt100k_aug_2160\test\images\63479.jpg,D:\vscode\workspace\recurrencePaper\YOLO-26-2\datasets\tt100k_aug_2160\test\labels\63479.txt,,146.03814697265625,37.35065550377137,3250.152099609375,55.23350143432617
D:\vscode\workspace\recurrencePaper\YOLO-26-2\datasets\tt100k_aug_2160\test\images\63562.jpg,D:\vscode\workspace\recurrencePaper\YOLO-26-2\datasets\tt100k_aug_2160\test\labels\63562.txt,,118.82995223999023,73.81791308706894,1270.2733154296875,82.92798233032227
D:\vscode\workspace\recurrencePaper\YOLO-26-2\datasets\tt100k_aug_2160\test\images\63576.jpg,D:\vscode\workspace\recurrencePaper\YOLO-26-2\datasets\tt100k_aug_2160\test\labels\63576.txt,,142.7844467163086,49.24911141716694,3988.2626953125,48.519287109375
D:\vscode\workspace\recurrencePaper\YOLO-26-2\datasets\tt100k_aug_2160\test\images\63581.jpg,D:\vscode\workspace\recurrencePaper\YOLO-26-2\datasets\tt100k_aug_2160\test\labels\63581.txt,,129.34146118164062,60.37959828454181,2703.9755859375,52.02154541015625
D:\vscode\workspace\recurrencePaper\YOLO-26-2\datasets\tt100k_aug_2160\test\images\63629.jpg,D:\vscode\workspace\recurrencePaper\YOLO-26-2\datasets\tt100k_aug_2160\test\labels\63629.txt,,81.61293029785156,64.67045511148002,3347.67626953125,61.67617416381836
D:\vscode\workspace\recurrencePaper\YOLO-26-2\datasets\tt100k_aug_2160\test\images\63659.jpg,D:\vscode\workspace\recurrencePaper\YOLO-26-2\datasets\tt100k_aug_2160\test\labels\63659.txt,,128.18645858764648,63.04381875393595,723.4518432617188,34.28238296508789
D:\vscode\workspace\recurrencePaper\YOLO-26-2\datasets\tt100k_aug_2160\test\images\63698.jpg,D:\vscode\workspace\recurrencePaper\YOLO-26-2\datasets\tt100k_aug_2160\test\labels\63698.txt,,132.92964935302734,40.36504676386937,1257.73388671875,45.30221939086914
D:\vscode\workspace\recurrencePaper\YOLO-26-2\datasets\tt100k_aug_2160\test\images\63704.jpg,D:\vscode\workspace\recurrencePaper\YOLO-26-2\datasets\tt100k_aug_2160\test\labels\63704.txt,,134.808837890625,45.27850297594614,1545.9581298828125,64.83077239990234
D:\vscode\workspace\recurrencePaper\YOLO-26-2\datasets\tt100k_aug_2160\test\images\63788.jpg,D:\vscode\workspace\recurrencePaper\YOLO-26-2\datasets\tt100k_aug_2160\test\labels\63788.txt,,132.96388626098633,37.00045152910528,2745.81640625,56.98619842529297
D:\vscode\workspace\recurrencePaper\YOLO-26-2\datasets\tt100k_aug_2160\test\images\63796.jpg,D:\vscode\workspace\recurrencePaper\YOLO-26-2\datasets\tt100k_aug_2160\test\labels\63796.txt,,148.77156448364258,51.58023389981327,2112.4873046875,51.40057373046875
D:\vscode\workspace\recurrencePaper\YOLO-26-2\datasets\tt100k_aug_2160\test\images\638.jpg,D:\vscode\workspace\recurrencePaper\YOLO-26-2\datasets\tt100k_aug_2160\test\labels\638.txt,,110.8716926574707,66.61459926082784,4311.80029296875,53.38216018676758
D:\vscode\workspace\recurrencePaper\YOLO-26-2\datasets\tt100k_aug_2160\test\images\63809.jpg,D:\vscode\workspace\recurrencePaper\YOLO-26-2\datasets\tt100k_aug_2160\test\labels\63809.txt,,134.9604835510254,40.219079107097485,4067.905517578125,63.75426483154297
D:\vscode\workspace\recurrencePaper\YOLO-26-2\datasets\tt100k_aug_2160\test\images\63839.jpg,D:\vscode\workspace\recurrencePaper\YOLO-26-2\datasets\tt100k_aug_2160\test\labels\63839.txt,,184.9173240661621,61.72186630422744,2462.39794921875,19.655452728271484
D:\vscode\workspace\recurrencePaper\YOLO-26-2\datasets\tt100k_aug_2160\test\images\63879.jpg,D:\vscode\workspace\recurrencePaper\YOLO-26-2\datasets\tt100k_aug_2160\test\labels\63879.txt,,119.50267028808594,63.340730332782435,3384.801025390625,41.27360916137695
D:\vscode\workspace\recurrencePaper\YOLO-26-2\datasets\tt100k_aug_2160\test\images\63941.jpg,D:\vscode\workspace\recurrencePaper\YOLO-26-2\datasets\tt100k_aug_2160\test\labels\63941.txt,,139.09476852416992,44.412171117789555,1608.6656494140625,37.72468566894531
D:\vscode\workspace\recurrencePaper\YOLO-26-2\datasets\tt100k_aug_2160\test\images\63953.jpg,D:\vscode\workspace\recurrencePaper\YOLO-26-2\datasets\tt100k_aug_2160\test\labels\63953.txt,,141.32878875732422,52.61819202656959,1948.8665771484375,51.90196990966797
D:\vscode\workspace\recurrencePaper\YOLO-26-2\datasets\tt100k_aug_2160\test\images\63971.jpg,D:\vscode\workspace\recurrencePaper\YOLO-26-2\datasets\tt100k_aug_2160\test\labels\63971.txt,,119.28779983520508,61.11032620908742,2201.43994140625,62.785011291503906
D:\vscode\workspace\recurrencePaper\YOLO-26-2\datasets\tt100k_aug_2160\test\images\63993.jpg,D:\vscode\workspace\recurrencePaper\YOLO-26-2\datasets\tt100k_aug_2160\test\labels\63993.txt,,136.85771560668945,30.746035804739964,1596.619140625,79.10226821899414
D:\vscode\workspace\recurrencePaper\YOLO-26-2\datasets\tt100k_aug_2160\test\images\64019.jpg,D:\vscode\workspace\recurrencePaper\YOLO-26-2\datasets\tt100k_aug_2160\test\labels\64019.txt,,122.14006042480469,48.722390109624094,3063.683837890625,41.98567581176758
D:\vscode\workspace\recurrencePaper\YOLO-26-2\datasets\tt100k_aug_2160\test\images\6405.jpg,D:\vscode\workspace\recurrencePaper\YOLO-26-2\datasets\tt100k_aug_2160\test\labels\6405.txt,,99.59231185913086,61.94586501296713,3539.274658203125,53.25516128540039
D:\vscode\workspace\recurrencePaper\YOLO-26-2\datasets\tt100k_aug_2160\test\images\64069.jpg,D:\vscode\workspace\recurrencePaper\YOLO-26-2\datasets\tt100k_aug_2160\test\labels\64069.txt,,130.05680465698242,49.949775690785664,2428.58544921875,38.91592025756836
D:\vscode\workspace\recurrencePaper\YOLO-26-2\datasets\tt100k_aug_2160\test\images\641.jpg,D:\vscode\workspace\recurrencePaper\YOLO-26-2\datasets\tt100k_aug_2160\test\labels\641.txt,,169.57523727416992,55.18116629194595,1114.860107421875,20.32274627685547
D:\vscode\workspace\recurrencePaper\YOLO-26-2\datasets\tt100k_aug_2160\test\images\64110.jpg,D:\vscode\workspace\recurrencePaper\YOLO-26-2\datasets\tt100k_aug_2160\test\labels\64110.txt,,138.82567977905273,37.691468143550495,2009.487548828125,52.177650451660156
D:\vscode\workspace\recurrencePaper\YOLO-26-2\datasets\tt100k_aug_2160\test\images\64128.jpg,D:\vscode\workspace\recurrencePaper\YOLO-26-2\datasets\tt100k_aug_2160\test\labels\64128.txt,,153.15789031982422,62.464001990313825,1443.82666015625,12.517059326171875
D:\vscode\workspace\recurrencePaper\YOLO-26-2\datasets\tt100k_aug_2160\test\images\64142.jpg,D:\vscode\workspace\recurrencePaper\YOLO-26-2\datasets\tt100k_aug_2160\test\labels\64142.txt,,138.15092086791992,56.440530389099,1855.9256591796875,71.60771179199219
D:\vscode\workspace\recurrencePaper\YOLO-26-2\datasets\tt100k_aug_2160\test\images\64154.jpg,D:\vscode\workspace\recurrencePaper\YOLO-26-2\datasets\tt100k_aug_2160\test\labels\64154.txt,,138.6701889038086,52.69910246836653,3948.720703125,54.93275451660156
D:\vscode\workspace\recurrencePaper\YOLO-26-2\datasets\tt100k_aug_2160\test\images\64209.jpg,D:\vscode\workspace\recurrencePaper\YOLO-26-2\datasets\tt100k_aug_2160\test\labels\64209.txt,,133.24248886108398,46.378759214746864,3050.256591796875,51.76914978027344
D:\vscode\workspace\recurrencePaper\YOLO-26-2\datasets\tt100k_aug_2160\test\images\64243.jpg,D:\vscode\workspace\recurrencePaper\YOLO-26-2\datasets\tt100k_aug_2160\test\labels\64243.txt,,159.82727813720703,59.590613584177646,2076.11865234375,25.91051483154297
D:\vscode\workspace\recurrencePaper\YOLO-26-2\datasets\tt100k_aug_2160\test\images\64298.jpg,D:\vscode\workspace\recurrencePaper\YOLO-26-2\datasets\tt100k_aug_2160\test\labels\64298.txt,,115.8892593383789,55.2497481672181,7847.576171875,50.03941345214844
D:\vscode\workspace\recurrencePaper\YOLO-26-2\datasets\tt100k_aug_2160\test\images\64357.jpg,D:\vscode\workspace\recurrencePaper\YOLO-26-2\datasets\tt100k_aug_2160\test\labels\64357.txt,,140.50854110717773,43.89754864691398,1509.7222900390625,45.31908416748047
D:\vscode\workspace\recurrencePaper\YOLO-26-2\datasets\tt100k_aug_2160\test\images\64408.jpg,D:\vscode\workspace\recurrencePaper\YOLO-26-2\datasets\tt100k_aug_2160\test\labels\64408.txt,,159.8707275390625,55.2138257671279,1489.0621337890625,25.620174407958984
D:\vscode\workspace\recurrencePaper\YOLO-26-2\datasets\tt100k_aug_2160\test\images\64409.jpg,D:\vscode\workspace\recurrencePaper\YOLO-26-2\datasets\tt100k_aug_2160\test\labels\64409.txt,,136.23550415039062,55.274047482961336,1719.1951904296875,29.184707641601562
D:\vscode\workspace\recurrencePaper\YOLO-26-2\datasets\tt100k_aug_2160\test\images\6444.jpg,D:\vscode\workspace\recurrencePaper\YOLO-26-2\datasets\tt100k_aug_2160\test\labels\6444.txt,,136.16085815429688,54.454515950970396,4296.3349609375,40.326759338378906
D:\vscode\workspace\recurrencePaper\YOLO-26-2\datasets\tt100k_aug_2160\test\images\64486.jpg,D:\vscode\workspace\recurrencePaper\YOLO-26-2\datasets\tt100k_aug_2160\test\labels\64486.txt,,148.12941360473633,47.19734869814501,1100.70703125,35.81044006347656
D:\vscode\workspace\recurrencePaper\YOLO-26-2\datasets\tt100k_aug_2160\test\images\64488.jpg,D:\vscode\workspace\recurrencePaper\YOLO-26-2\datasets\tt100k_aug_2160\test\labels\64488.txt,,162.25353240966797,55.500436788987706,1674.7994384765625,19.278289794921875
D:\vscode\workspace\recurrencePaper\YOLO-26-2\datasets\tt100k_aug_2160\test\images\64496.jpg,D:\vscode\workspace\recurrencePaper\YOLO-26-2\datasets\tt100k_aug_2160\test\labels\64496.txt,,138.61170196533203,40.35214101899597,2312.586669921875,39.80436325073242
D:\vscode\workspace\recurrencePaper\YOLO-26-2\datasets\tt100k_aug_2160\test\images\64542.jpg,D:\vscode\workspace\recurrencePaper\YOLO-26-2\datasets\tt100k_aug_2160\test\labels\64542.txt,,127.8426742553711,42.249986437355886,1148.0965576171875,48.52194595336914
D:\vscode\workspace\recurrencePaper\YOLO-26-2\datasets\tt100k_aug_2160\test\images\64553.jpg,D:\vscode\workspace\recurrencePaper\YOLO-26-2\datasets\tt100k_aug_2160\test\labels\64553.txt,,151.9762077331543,38.90619933871025,1808.5833740234375,44.96543884277344
D:\vscode\workspace\recurrencePaper\YOLO-26-2\datasets\tt100k_aug_2160\test\images\64564.jpg,D:\vscode\workspace\recurrencePaper\YOLO-26-2\datasets\tt100k_aug_2160\test\labels\64564.txt,,148.53243255615234,50.11960724085381,1395.4129638671875,32.6362419128418
D:\vscode\workspace\recurrencePaper\YOLO-26-2\datasets\tt100k_aug_2160\test\images\64626.jpg,D:\vscode\workspace\recurrencePaper\YOLO-26-2\datasets\tt100k_aug_2160\test\labels\64626.txt,,152.22161483764648,40.60781019123727,2566.002197265625,32.99138641357422
D:\vscode\workspace\recurrencePaper\YOLO-26-2\datasets\tt100k_aug_2160\test\images\64634.jpg,D:\vscode\workspace\recurrencePaper\YOLO-26-2\datasets\tt100k_aug_2160\test\labels\64634.txt,,156.28467178344727,59.898214323406094,2035.3739013671875,26.096343994140625
D:\vscode\workspace\recurrencePaper\YOLO-26-2\datasets\tt100k_aug_2160\test\images\6467.jpg,D:\vscode\workspace\recurrencePaper\YOLO-26-2\datasets\tt100k_aug_2160\test\labels\6467.txt,,137.5948486328125,78.03262863642799,1096.797119140625,36.148128509521484
D:\vscode\workspace\recurrencePaper\YOLO-26-2\datasets\tt100k_aug_2160\test\images\64678.jpg,D:\vscode\workspace\recurrencePaper\YOLO-26-2\datasets\tt100k_aug_2160\test\labels\64678.txt,,101.7845687866211,63.33885705396841,2185.2021484375,35.68976593017578
D:\vscode\workspace\recurrencePaper\YOLO-26-2\datasets\tt100k_aug_2160\test\images\64685.jpg,D:\vscode\workspace\recurrencePaper\YOLO-26-2\datasets\tt100k_aug_2160\test\labels\64685.txt,,148.24331283569336,56.06190338250747,9102.8095703125,28.944778442382812
D:\vscode\workspace\recurrencePaper\YOLO-26-2\datasets\tt100k_aug_2160\test\images\64751.jpg,D:\vscode\workspace\recurrencePaper\YOLO-26-2\datasets\tt100k_aug_2160\test\labels\64751.txt,,137.8785743713379,42.751807543853104,1611.668701171875,36.87509536743164
D:\vscode\workspace\recurrencePaper\YOLO-26-2\datasets\tt100k_aug_2160\test\images\64752.jpg,D:\vscode\workspace\recurrencePaper\YOLO-26-2\datasets\tt100k_aug_2160\test\labels\64752.txt,,138.3109359741211,45.30551811818517,1804.996826171875,45.14651107788086
D:\vscode\workspace\recurrencePaper\YOLO-26-2\datasets\tt100k_aug_2160\test\images\64773.jpg,D:\vscode\workspace\recurrencePaper\YOLO-26-2\datasets\tt100k_aug_2160\test\labels\64773.txt,,131.01099395751953,48.35738761169812,3106.03125,34.99014663696289
D:\vscode\workspace\recurrencePaper\YOLO-26-2\datasets\tt100k_aug_2160\test\images\64912.jpg,D:\vscode\workspace\recurrencePaper\YOLO-26-2\datasets\tt100k_aug_2160\test\labels\64912.txt,,153.26715850830078,56.262906702755465,1666.1075439453125,46.109458923339844
D:\vscode\workspace\recurrencePaper\YOLO-26-2\datasets\tt100k_aug_2160\test\images\65004.jpg,D:\vscode\workspace\recurrencePaper\YOLO-26-2\datasets\tt100k_aug_2160\test\labels\65004.txt,,137.9284324645996,48.73679483305055,3307.02978515625,57.48363494873047
D:\vscode\workspace\recurrencePaper\YOLO-26-2\datasets\tt100k_aug_2160\test\images\65065.jpg,D:\vscode\workspace\recurrencePaper\YOLO-26-2\datasets\tt100k_aug_2160\test\labels\65065.txt,,124.02579498291016,70.51658785782298,1489.08984375,31.074012756347656
D:\vscode\workspace\recurrencePaper\YOLO-26-2\datasets\tt100k_aug_2160\test\images\65129.jpg,D:\vscode\workspace\recurrencePaper\YOLO-26-2\datasets\tt100k_aug_2160\test\labels\65129.txt,,134.52111434936523,53.132146274147765,1234.988037109375,32.609291076660156
D:\vscode\workspace\recurrencePaper\YOLO-26-2\datasets\tt100k_aug_2160\test\images\65164.jpg,D:\vscode\workspace\recurrencePaper\YOLO-26-2\datasets\tt100k_aug_2160\test\labels\65164.txt,,143.85810089111328,41.76470987989599,4694.99560546875,49.25773620605469
D:\vscode\workspace\recurrencePaper\YOLO-26-2\datasets\tt100k_aug_2160\test\images\65252.jpg,D:\vscode\workspace\recurrencePaper\YOLO-26-2\datasets\tt100k_aug_2160\test\labels\65252.txt,,90.46108627319336,61.143771139917725,3371.700927734375,86.5868034362793
D:\vscode\workspace\recurrencePaper\YOLO-26-2\datasets\tt100k_aug_2160\test\images\6531.jpg,D:\vscode\workspace\recurrencePaper\YOLO-26-2\datasets\tt100k_aug_2160\test\labels\6531.txt,,159.8109474182129,53.836493792783095,3693.3232421875,29.94969940185547
D:\vscode\workspace\recurrencePaper\YOLO-26-2\datasets\tt100k_aug_2160\test\images\65352.jpg,D:\vscode\workspace\recurrencePaper\YOLO-26-2\datasets\tt100k_aug_2160\test\labels\65352.txt,,150.17095565795898,62.312181466138846,1990.2623291015625,33.69810485839844
D:\vscode\workspace\recurrencePaper\YOLO-26-2\datasets\tt100k_aug_2160\test\images\65420.jpg,D:\vscode\workspace\recurrencePaper\YOLO-26-2\datasets\tt100k_aug_2160\test\labels\65420.txt,,168.13787460327148,59.93359838993557,1215.3656005859375,16.700424194335938
D:\vscode\workspace\recurrencePaper\YOLO-26-2\datasets\tt100k_aug_2160\test\images\65575.jpg,D:\vscode\workspace\recurrencePaper\YOLO-26-2\datasets\tt100k_aug_2160\test\labels\65575.txt,,97.0148811340332,57.22145784842574,10921.1728515625,82.3226547241211
D:\vscode\workspace\recurrencePaper\YOLO-26-2\datasets\tt100k_aug_2160\test\images\65591.jpg,D:\vscode\workspace\recurrencePaper\YOLO-26-2\datasets\tt100k_aug_2160\test\labels\65591.txt,,170.9658432006836,52.3722419161879,1022.5374755859375,21.808284759521484
D:\vscode\workspace\recurrencePaper\YOLO-26-2\datasets\tt100k_aug_2160\test\images\656.jpg,D:\vscode\workspace\recurrencePaper\YOLO-26-2\datasets\tt100k_aug_2160\test\labels\656.txt,,123.90312576293945,37.974146575014686,2582.5537109375,78.04549789428711
D:\vscode\workspace\recurrencePaper\YOLO-26-2\datasets\tt100k_aug_2160\test\images\65625.jpg,D:\vscode\workspace\recurrencePaper\YOLO-26-2\datasets\tt100k_aug_2160\test\labels\65625.txt,,147.2341537475586,33.93088401950733,1462.433349609375,49.062644958496094
D:\vscode\workspace\recurrencePaper\YOLO-26-2\datasets\tt100k_aug_2160\test\images\65681.jpg,D:\vscode\workspace\recurrencePaper\YOLO-26-2\datasets\tt100k_aug_2160\test\labels\65681.txt,,143.04564666748047,47.552588886818555,8061.68798828125,63.036991119384766
D:\vscode\workspace\recurrencePaper\YOLO-26-2\datasets\tt100k_aug_2160\test\images\65690.jpg,D:\vscode\workspace\recurrencePaper\YOLO-26-2\datasets\tt100k_aug_2160\test\labels\65690.txt,,127.21175765991211,59.194950915595555,2140.955322265625,57.89384078979492
D:\vscode\workspace\recurrencePaper\YOLO-26-2\datasets\tt100k_aug_2160\test\images\65709.jpg,D:\vscode\workspace\recurrencePaper\YOLO-26-2\datasets\tt100k_aug_2160\test\labels\65709.txt,,153.83981704711914,64.79499010209838,2345.12158203125,30.48202133178711
D:\vscode\workspace\recurrencePaper\YOLO-26-2\datasets\tt100k_aug_2160\test\images\65721.jpg,D:\vscode\workspace\recurrencePaper\YOLO-26-2\datasets\tt100k_aug_2160\test\labels\65721.txt,,105.2009506225586,56.108027020363146,3729.394287109375,75.07967758178711
D:\vscode\workspace\recurrencePaper\YOLO-26-2\datasets\tt100k_aug_2160\test\images\65729.jpg,D:\vscode\workspace\recurrencePaper\YOLO-26-2\datasets\tt100k_aug_2160\test\labels\65729.txt,,105.2706527709961,54.28708345228886,2334.28759765625,40.435115814208984
D:\vscode\workspace\recurrencePaper\YOLO-26-2\datasets\tt100k_aug_2160\test\images\65749.jpg,D:\vscode\workspace\recurrencePaper\YOLO-26-2\datasets\tt100k_aug_2160\test\labels\65749.txt,,134.82925415039062,52.38389040038314,2635.71630859375,40.42110824584961
D:\vscode\workspace\recurrencePaper\YOLO-26-2\datasets\tt100k_aug_2160\test\images\65753.jpg,D:\vscode\workspace\recurrencePaper\YOLO-26-2\datasets\tt100k_aug_2160\test\labels\65753.txt,,134.0092315673828,47.337630846639286,1947.00439453125,48.34714889526367
D:\vscode\workspace\recurrencePaper\YOLO-26-2\datasets\tt100k_aug_2160\test\images\65760.jpg,D:\vscode\workspace\recurrencePaper\YOLO-26-2\datasets\tt100k_aug_2160\test\labels\65760.txt,,153.6160888671875,39.7613858013115,1273.9559326171875,42.68231201171875
D:\vscode\workspace\recurrencePaper\YOLO-26-2\datasets\tt100k_aug_2160\test\images\65768.jpg,D:\vscode\workspace\recurrencePaper\YOLO-26-2\datasets\tt100k_aug_2160\test\labels\65768.txt,,119.22930145263672,58.28910355624116,3006.956787109375,73.42773056030273
D:\vscode\workspace\recurrencePaper\YOLO-26-2\datasets\tt100k_aug_2160\test\images\65776.jpg,D:\vscode\workspace\recurrencePaper\YOLO-26-2\datasets\tt100k_aug_2160\test\labels\65776.txt,,151.288330078125,41.15168368946722,1356.626708984375,58.967498779296875
D:\vscode\workspace\recurrencePaper\YOLO-26-2\datasets\tt100k_aug_2160\test\images\65814.jpg,D:\vscode\workspace\recurrencePaper\YOLO-26-2\datasets\tt100k_aug_2160\test\labels\65814.txt,,148.52022552490234,44.48266095590709,1712.1776123046875,34.60490417480469
D:\vscode\workspace\recurrencePaper\YOLO-26-2\datasets\tt100k_aug_2160\test\images\65821.jpg,D:\vscode\workspace\recurrencePaper\YOLO-26-2\datasets\tt100k_aug_2160\test\labels\65821.txt,,133.83082580566406,45.234180001756705,8756.6689453125,46.35750961303711
D:\vscode\workspace\recurrencePaper\YOLO-26-2\datasets\tt100k_aug_2160\test\images\65857.jpg,D:\vscode\workspace\recurrencePaper\YOLO-26-2\datasets\tt100k_aug_2160\test\labels\65857.txt,,135.57367706298828,48.4526683265973,2261.121337890625,45.538116455078125
D:\vscode\workspace\recurrencePaper\YOLO-26-2\datasets\tt100k_aug_2160\test\images\6595.jpg,D:\vscode\workspace\recurrencePaper\YOLO-26-2\datasets\tt100k_aug_2160\test\labels\6595.txt,,151.29005432128906,56.35224131819393,1109.5302734375,26.09642791748047
D:\vscode\workspace\recurrencePaper\YOLO-26-2\datasets\tt100k_aug_2160\test\images\66042.jpg,D:\vscode\workspace\recurrencePaper\YOLO-26-2\datasets\tt100k_aug_2160\test\labels\66042.txt,,128.9098777770996,46.84295339536794,7894.48583984375,61.25495910644531
D:\vscode\workspace\recurrencePaper\YOLO-26-2\datasets\tt100k_aug_2160\test\images\66044.jpg,D:\vscode\workspace\recurrencePaper\YOLO-26-2\datasets\tt100k_aug_2160\test\labels\66044.txt,,130.38764572143555,42.57132251196168,2573.525390625,51.74701690673828
D:\vscode\workspace\recurrencePaper\YOLO-26-2\datasets\tt100k_aug_2160\test\images\66046.jpg,D:\vscode\workspace\recurrencePaper\YOLO-26-2\datasets\tt100k_aug_2160\test\labels\66046.txt,,124.48116302490234,65.89108204515212,907.7916259765625,43.53387451171875
D:\vscode\workspace\recurrencePaper\YOLO-26-2\datasets\tt100k_aug_2160\test\images\66058.jpg,D:\vscode\workspace\recurrencePaper\YOLO-26-2\datasets\tt100k_aug_2160\test\labels\66058.txt,,154.9818000793457,52.31664359681141,1298.1280517578125,41.1757926940918
D:\vscode\workspace\recurrencePaper\YOLO-26-2\datasets\tt100k_aug_2160\test\images\66109.jpg,D:\vscode\workspace\recurrencePaper\YOLO-26-2\datasets\tt100k_aug_2160\test\labels\66109.txt,,121.56162643432617,77.47577545637014,2339.6357421875,36.235076904296875
D:\vscode\workspace\recurrencePaper\YOLO-26-2\datasets\tt100k_aug_2160\test\images\66227.jpg,D:\vscode\workspace\recurrencePaper\YOLO-26-2\datasets\tt100k_aug_2160\test\labels\66227.txt,,129.18015670776367,41.63890575367151,1485.9189453125,61.956050872802734
D:\vscode\workspace\recurrencePaper\YOLO-26-2\datasets\tt100k_aug_2160\test\images\663.jpg,D:\vscode\workspace\recurrencePaper\YOLO-26-2\datasets\tt100k_aug_2160\test\labels\663.txt,,156.9231414794922,51.39340286720422,1515.519287109375,32.69176483154297
D:\vscode\workspace\recurrencePaper\YOLO-26-2\datasets\tt100k_aug_2160\test\images\66315.jpg,D:\vscode\workspace\recurrencePaper\YOLO-26-2\datasets\tt100k_aug_2160\test\labels\66315.txt,,147.94623947143555,37.135577167812734,3144.834716796875,55.81614685058594
D:\vscode\workspace\recurrencePaper\YOLO-26-2\datasets\tt100k_aug_2160\test\images\66362.jpg,D:\vscode\workspace\recurrencePaper\YOLO-26-2\datasets\tt100k_aug_2160\test\labels\66362.txt,,136.4200096130371,61.74053674630692,4592.08056640625,55.99523162841797
D:\vscode\workspace\recurrencePaper\YOLO-26-2\datasets\tt100k_aug_2160\test\images\66435.jpg,D:\vscode\workspace\recurrencePaper\YOLO-26-2\datasets\tt100k_aug_2160\test\labels\66435.txt,,99.77936935424805,42.4096916847626,3365.34423828125,63.820316314697266
D:\vscode\workspace\recurrencePaper\YOLO-26-2\datasets\tt100k_aug_2160\test\images\66442.jpg,D:\vscode\workspace\recurrencePaper\YOLO-26-2\datasets\tt100k_aug_2160\test\labels\66442.txt,,158.37059783935547,52.97309834845898,1866.0057373046875,24.810672760009766
D:\vscode\workspace\recurrencePaper\YOLO-26-2\datasets\tt100k_aug_2160\test\images\66479.jpg,D:\vscode\workspace\recurrencePaper\YOLO-26-2\datasets\tt100k_aug_2160\test\labels\66479.txt,,169.86873245239258,55.04947780990037,1186.87255859375,25.018665313720703
D:\vscode\workspace\recurrencePaper\YOLO-26-2\datasets\tt100k_aug_2160\test\images\66492.jpg,D:\vscode\workspace\recurrencePaper\YOLO-26-2\datasets\tt100k_aug_2160\test\labels\66492.txt,,156.9272003173828,44.099271138145625,3614.51513671875,40.59375762939453
D:\vscode\workspace\recurrencePaper\YOLO-26-2\datasets\tt100k_aug_2160\test\images\66493.jpg,D:\vscode\workspace\recurrencePaper\YOLO-26-2\datasets\tt100k_aug_2160\test\labels\66493.txt,,120.78313827514648,58.386314018675314,3439.31396484375,48.60010528564453
D:\vscode\workspace\recurrencePaper\YOLO-26-2\datasets\tt100k_aug_2160\test\images\66519.jpg,D:\vscode\workspace\recurrencePaper\YOLO-26-2\datasets\tt100k_aug_2160\test\labels\66519.txt,,122.51890182495117,64.83108811163508,1945.6275634765625,69.71666717529297
D:\vscode\workspace\recurrencePaper\YOLO-26-2\datasets\tt100k_aug_2160\test\images\66529.jpg,D:\vscode\workspace\recurrencePaper\YOLO-26-2\datasets\tt100k_aug_2160\test\labels\66529.txt,,162.2838363647461,42.379289117274354,841.4437255859375,25.777912139892578
D:\vscode\workspace\recurrencePaper\YOLO-26-2\datasets\tt100k_aug_2160\test\images\66663.jpg,D:\vscode\workspace\recurrencePaper\YOLO-26-2\datasets\tt100k_aug_2160\test\labels\66663.txt,,144.76128387451172,52.144910769319,1064.6514892578125,36.71797561645508
D:\vscode\workspace\recurrencePaper\YOLO-26-2\datasets\tt100k_aug_2160\test\images\66673.jpg,D:\vscode\workspace\recurrencePaper\YOLO-26-2\datasets\tt100k_aug_2160\test\labels\66673.txt,,141.17082977294922,42.76271331658559,4557.34814453125,53.67844772338867
D:\vscode\workspace\recurrencePaper\YOLO-26-2\datasets\tt100k_aug_2160\test\images\66679.jpg,D:\vscode\workspace\recurrencePaper\YOLO-26-2\datasets\tt100k_aug_2160\test\labels\66679.txt,,149.86177444458008,44.31408234032734,1860.36279296875,55.43284606933594
D:\vscode\workspace\recurrencePaper\YOLO-26-2\datasets\tt100k_aug_2160\test\images\66682.jpg,D:\vscode\workspace\recurrencePaper\YOLO-26-2\datasets\tt100k_aug_2160\test\labels\66682.txt,,72.8624496459961,47.37883927016986,1728.81787109375,44.73484420776367
D:\vscode\workspace\recurrencePaper\YOLO-26-2\datasets\tt100k_aug_2160\test\images\6673.jpg,D:\vscode\workspace\recurrencePaper\YOLO-26-2\datasets\tt100k_aug_2160\test\labels\6673.txt,,133.06853485107422,41.9292309997109,3678.659912109375,71.88183212280273
D:\vscode\workspace\recurrencePaper\YOLO-26-2\datasets\tt100k_aug_2160\test\images\66780.jpg,D:\vscode\workspace\recurrencePaper\YOLO-26-2\datasets\tt100k_aug_2160\test\labels\66780.txt,,176.4775047302246,48.194226829571015,1277.001220703125,17.675186157226562
D:\vscode\workspace\recurrencePaper\YOLO-26-2\datasets\tt100k_aug_2160\test\images\66792.jpg,D:\vscode\workspace\recurrencePaper\YOLO-26-2\datasets\tt100k_aug_2160\test\labels\66792.txt,,152.98556900024414,39.6577182991561,1938.74609375,32.34662628173828
D:\vscode\workspace\recurrencePaper\YOLO-26-2\datasets\tt100k_aug_2160\test\images\66884.jpg,D:\vscode\workspace\recurrencePaper\YOLO-26-2\datasets\tt100k_aug_2160\test\labels\66884.txt,,147.6664276123047,82.58287064086238,1907.753662109375,47.22871398925781
D:\vscode\workspace\recurrencePaper\YOLO-26-2\datasets\tt100k_aug_2160\test\images\66885.jpg,D:\vscode\workspace\recurrencePaper\YOLO-26-2\datasets\tt100k_aug_2160\test\labels\66885.txt,,132.5116081237793,44.55758133402638,1724.0450439453125,43.70506286621094
D:\vscode\workspace\recurrencePaper\YOLO-26-2\datasets\tt100k_aug_2160\test\images\66927.jpg,D:\vscode\workspace\recurrencePaper\YOLO-26-2\datasets\tt100k_aug_2160\test\labels\66927.txt,,156.07917022705078,30.603066131283246,744.5855102539062,46.439693450927734
D:\vscode\workspace\recurrencePaper\YOLO-26-2\datasets\tt100k_aug_2160\test\images\6696.jpg,D:\vscode\workspace\recurrencePaper\YOLO-26-2\datasets\tt100k_aug_2160\test\labels\6696.txt,,124.30283737182617,76.339446779024,2408.154541015625,36.671607971191406
D:\vscode\workspace\recurrencePaper\YOLO-26-2\datasets\tt100k_aug_2160\test\images\66990.jpg,D:\vscode\workspace\recurrencePaper\YOLO-26-2\datasets\tt100k_aug_2160\test\labels\66990.txt,,166.15768814086914,59.45339238777162,1343.3331298828125,23.800579071044922
D:\vscode\workspace\recurrencePaper\YOLO-26-2\datasets\tt100k_aug_2160\test\images\67011.jpg,D:\vscode\workspace\recurrencePaper\YOLO-26-2\datasets\tt100k_aug_2160\test\labels\67011.txt,,164.11209869384766,50.260747941254145,1491.673095703125,25.261566162109375
D:\vscode\workspace\recurrencePaper\YOLO-26-2\datasets\tt100k_aug_2160\test\images\67217.jpg,D:\vscode\workspace\recurrencePaper\YOLO-26-2\datasets\tt100k_aug_2160\test\labels\67217.txt,,111.96154022216797,55.09850244472306,4398.978515625,55.44304275512695
D:\vscode\workspace\recurrencePaper\YOLO-26-2\datasets\tt100k_aug_2160\test\images\67226.jpg,D:\vscode\workspace\recurrencePaper\YOLO-26-2\datasets\tt100k_aug_2160\test\labels\67226.txt,,167.6044464111328,61.39191783984781,1649.754638671875,30.77941131591797
D:\vscode\workspace\recurrencePaper\YOLO-26-2\datasets\tt100k_aug_2160\test\images\67280.jpg,D:\vscode\workspace\recurrencePaper\YOLO-26-2\datasets\tt100k_aug_2160\test\labels\67280.txt,,167.83329010009766,53.2431765359733,2099.4287109375,24.52334213256836
D:\vscode\workspace\recurrencePaper\YOLO-26-2\datasets\tt100k_aug_2160\test\images\6733.jpg,D:\vscode\workspace\recurrencePaper\YOLO-26-2\datasets\tt100k_aug_2160\test\labels\6733.txt,,77.21440124511719,47.57844850697321,3299.102783203125,85.00158309936523
D:\vscode\workspace\recurrencePaper\YOLO-26-2\datasets\tt100k_aug_2160\test\images\67372.jpg,D:\vscode\workspace\recurrencePaper\YOLO-26-2\datasets\tt100k_aug_2160\test\labels\67372.txt,,127.8789291381836,47.51315524798756,1835.953369140625,49.83462142944336
D:\vscode\workspace\recurrencePaper\YOLO-26-2\datasets\tt100k_aug_2160\test\images\67396.jpg,D:\vscode\workspace\recurrencePaper\YOLO-26-2\datasets\tt100k_aug_2160\test\labels\67396.txt,,144.22697830200195,40.79625429107088,1174.711181640625,46.48966979980469
D:\vscode\workspace\recurrencePaper\YOLO-26-2\datasets\tt100k_aug_2160\test\images\67412.jpg,D:\vscode\workspace\recurrencePaper\YOLO-26-2\datasets\tt100k_aug_2160\test\labels\67412.txt,,124.42644882202148,59.587917155963225,2446.55712890625,47.09381103515625
D:\vscode\workspace\recurrencePaper\YOLO-26-2\datasets\tt100k_aug_2160\test\images\67426.jpg,D:\vscode\workspace\recurrencePaper\YOLO-26-2\datasets\tt100k_aug_2160\test\labels\67426.txt,,154.44351959228516,56.008456468741464,2479.372802734375,27.493389129638672
D:\vscode\workspace\recurrencePaper\YOLO-26-2\datasets\tt100k_aug_2160\test\images\6745.jpg,D:\vscode\workspace\recurrencePaper\YOLO-26-2\datasets\tt100k_aug_2160\test\labels\6745.txt,,133.38653945922852,41.4379260169009,3004.244384765625,51.515804290771484
D:\vscode\workspace\recurrencePaper\YOLO-26-2\datasets\tt100k_aug_2160\test\images\67476.jpg,D:\vscode\workspace\recurrencePaper\YOLO-26-2\datasets\tt100k_aug_2160\test\labels\67476.txt,,150.02809524536133,30.766881020128586,1339.2586669921875,41.38016128540039
D:\vscode\workspace\recurrencePaper\YOLO-26-2\datasets\tt100k_aug_2160\test\images\676.jpg,D:\vscode\workspace\recurrencePaper\YOLO-26-2\datasets\tt100k_aug_2160\test\labels\676.txt,,184.6449432373047,45.821324880950954,912.632080078125,21.795406341552734
D:\vscode\workspace\recurrencePaper\YOLO-26-2\datasets\tt100k_aug_2160\test\images\67605.jpg,D:\vscode\workspace\recurrencePaper\YOLO-26-2\datasets\tt100k_aug_2160\test\labels\67605.txt,,136.7603874206543,56.20383638391663,3100.1103515625,64.62606811523438
D:\vscode\workspace\recurrencePaper\YOLO-26-2\datasets\tt100k_aug_2160\test\images\67754.jpg,D:\vscode\workspace\recurrencePaper\YOLO-26-2\datasets\tt100k_aug_2160\test\labels\67754.txt,,133.31073379516602,50.6112272222564,1375.0543212890625,50.86277389526367
D:\vscode\workspace\recurrencePaper\YOLO-26-2\datasets\tt100k_aug_2160\test\images\67848.jpg,D:\vscode\workspace\recurrencePaper\YOLO-26-2\datasets\tt100k_aug_2160\test\labels\67848.txt,,129.64561080932617,50.13151404806646,1725.145263671875,35.48390579223633
D:\vscode\workspace\recurrencePaper\YOLO-26-2\datasets\tt100k_aug_2160\test\images\67889.jpg,D:\vscode\workspace\recurrencePaper\YOLO-26-2\datasets\tt100k_aug_2160\test\labels\67889.txt,,145.10150527954102,48.322043757432965,1767.607177734375,30.343486785888672
D:\vscode\workspace\recurrencePaper\YOLO-26-2\datasets\tt100k_aug_2160\test\images\67920.jpg,D:\vscode\workspace\recurrencePaper\YOLO-26-2\datasets\tt100k_aug_2160\test\labels\67920.txt,,119.05416870117188,59.96820341017397,3977.486572265625,49.571285247802734
D:\vscode\workspace\recurrencePaper\YOLO-26-2\datasets\tt100k_aug_2160\test\images\67997.jpg,D:\vscode\workspace\recurrencePaper\YOLO-26-2\datasets\tt100k_aug_2160\test\labels\67997.txt,,127.2248306274414,87.11568478698747,1351.6917724609375,34.33686828613281
D:\vscode\workspace\recurrencePaper\YOLO-26-2\datasets\tt100k_aug_2160\test\images\68004.jpg,D:\vscode\workspace\recurrencePaper\YOLO-26-2\datasets\tt100k_aug_2160\test\labels\68004.txt,,128.37485885620117,41.321922566349485,2472.1767578125,68.8612174987793
D:\vscode\workspace\recurrencePaper\YOLO-26-2\datasets\tt100k_aug_2160\test\images\68060.jpg,D:\vscode\workspace\recurrencePaper\YOLO-26-2\datasets\tt100k_aug_2160\test\labels\68060.txt,,133.67208099365234,50.352543652647576,2867.268310546875,50.47262954711914
D:\vscode\workspace\recurrencePaper\YOLO-26-2\datasets\tt100k_aug_2160\test\images\68158.jpg,D:\vscode\workspace\recurrencePaper\YOLO-26-2\datasets\tt100k_aug_2160\test\labels\68158.txt,,127.13578414916992,44.15936703546254,2269.952880859375,66.66275024414062
D:\vscode\workspace\recurrencePaper\YOLO-26-2\datasets\tt100k_aug_2160\test\images\68182.jpg,D:\vscode\workspace\recurrencePaper\YOLO-26-2\datasets\tt100k_aug_2160\test\labels\68182.txt,,129.76227569580078,57.464043678021035,7745.64111328125,52.882904052734375
D:\vscode\workspace\recurrencePaper\YOLO-26-2\datasets\tt100k_aug_2160\test\images\68190.jpg,D:\vscode\workspace\recurrencePaper\YOLO-26-2\datasets\tt100k_aug_2160\test\labels\68190.txt,,162.7762451171875,58.81841068978108,1955.2567138671875,27.796031951904297
D:\vscode\workspace\recurrencePaper\YOLO-26-2\datasets\tt100k_aug_2160\test\images\68209.jpg,D:\vscode\workspace\recurrencePaper\YOLO-26-2\datasets\tt100k_aug_2160\test\labels\68209.txt,,117.88234329223633,61.769680396356385,2431.658935546875,46.13811492919922
D:\vscode\workspace\recurrencePaper\YOLO-26-2\datasets\tt100k_aug_2160\test\images\68259.jpg,D:\vscode\workspace\recurrencePaper\YOLO-26-2\datasets\tt100k_aug_2160\test\labels\68259.txt,,76.38066482543945,58.20080672677452,4348.49609375,69.8777961730957
D:\vscode\workspace\recurrencePaper\YOLO-26-2\datasets\tt100k_aug_2160\test\images\68272.jpg,D:\vscode\workspace\recurrencePaper\YOLO-26-2\datasets\tt100k_aug_2160\test\labels\68272.txt,,127.03044128417969,55.55965417423897,2102.343994140625,69.73210906982422
D:\vscode\workspace\recurrencePaper\YOLO-26-2\datasets\tt100k_aug_2160\test\images\68278.jpg,D:\vscode\workspace\recurrencePaper\YOLO-26-2\datasets\tt100k_aug_2160\test\labels\68278.txt,,126.06165313720703,62.79242131255574,1669.759033203125,44.64575958251953
D:\vscode\workspace\recurrencePaper\YOLO-26-2\datasets\tt100k_aug_2160\test\images\68301.jpg,D:\vscode\workspace\recurrencePaper\YOLO-26-2\datasets\tt100k_aug_2160\test\labels\68301.txt,,138.00458908081055,37.33673961923021,1680.627197265625,47.246707916259766
D:\vscode\workspace\recurrencePaper\YOLO-26-2\datasets\tt100k_aug_2160\test\images\68359.jpg,D:\vscode\workspace\recurrencePaper\YOLO-26-2\datasets\tt100k_aug_2160\test\labels\68359.txt,,138.5860252380371,42.13927292829128,1920.2733154296875,43.87277603149414
D:\vscode\workspace\recurrencePaper\YOLO-26-2\datasets\tt100k_aug_2160\test\images\68362.jpg,D:\vscode\workspace\recurrencePaper\YOLO-26-2\datasets\tt100k_aug_2160\test\labels\68362.txt,,150.89827728271484,34.879675081451325,1198.3121337890625,34.00307083129883
D:\vscode\workspace\recurrencePaper\YOLO-26-2\datasets\tt100k_aug_2160\test\images\68429.jpg,D:\vscode\workspace\recurrencePaper\YOLO-26-2\datasets\tt100k_aug_2160\test\labels\68429.txt,,143.02164459228516,39.03130029355126,2619.76611328125,57.081626892089844
D:\vscode\workspace\recurrencePaper\YOLO-26-2\datasets\tt100k_aug_2160\test\images\68430.jpg,D:\vscode\workspace\recurrencePaper\YOLO-26-2\datasets\tt100k_aug_2160\test\labels\68430.txt,,146.25266647338867,36.50064586100044,3197.036865234375,48.286746978759766
D:\vscode\workspace\recurrencePaper\YOLO-26-2\datasets\tt100k_aug_2160\test\images\6844.jpg,D:\vscode\workspace\recurrencePaper\YOLO-26-2\datasets\tt100k_aug_2160\test\labels\6844.txt,,127.86962127685547,57.42887047883224,2114.0400390625,61.27511215209961
D:\vscode\workspace\recurrencePaper\YOLO-26-2\datasets\tt100k_aug_2160\test\images\68462.jpg,D:\vscode\workspace\recurrencePaper\YOLO-26-2\datasets\tt100k_aug_2160\test\labels\68462.txt,,145.01060485839844,55.67933454554686,2025.06787109375,20.537288665771484
D:\vscode\workspace\recurrencePaper\YOLO-26-2\datasets\tt100k_aug_2160\test\images\68468.jpg,D:\vscode\workspace\recurrencePaper\YOLO-26-2\datasets\tt100k_aug_2160\test\labels\68468.txt,,142.42467498779297,53.88398489436041,5352.98583984375,31.023113250732422
D:\vscode\workspace\recurrencePaper\YOLO-26-2\datasets\tt100k_aug_2160\test\images\68474.jpg,D:\vscode\workspace\recurrencePaper\YOLO-26-2\datasets\tt100k_aug_2160\test\labels\68474.txt,,142.42722702026367,48.73279372388704,1906.6722412109375,45.58756637573242
D:\vscode\workspace\recurrencePaper\YOLO-26-2\datasets\tt100k_aug_2160\test\images\6849.jpg,D:\vscode\workspace\recurrencePaper\YOLO-26-2\datasets\tt100k_aug_2160\test\labels\6849.txt,,144.10810470581055,71.14184551625888,1852.9622802734375,40.77109146118164
D:\vscode\workspace\recurrencePaper\YOLO-26-2\datasets\tt100k_aug_2160\test\images\68493.jpg,D:\vscode\workspace\recurrencePaper\YOLO-26-2\datasets\tt100k_aug_2160\test\labels\68493.txt,,149.81101608276367,59.18200769442798,1877.845458984375,25.44826889038086
D:\vscode\workspace\recurrencePaper\YOLO-26-2\datasets\tt100k_aug_2160\test\images\68501.jpg,D:\vscode\workspace\recurrencePaper\YOLO-26-2\datasets\tt100k_aug_2160\test\labels\68501.txt,,175.68963241577148,52.06696868010629,1850.7894287109375,21.317047119140625
D:\vscode\workspace\recurrencePaper\YOLO-26-2\datasets\tt100k_aug_2160\test\images\68547.jpg,D:\vscode\workspace\recurrencePaper\YOLO-26-2\datasets\tt100k_aug_2160\test\labels\68547.txt,,145.29809188842773,31.23102067733418,1600.69580078125,51.90141677856445
D:\vscode\workspace\recurrencePaper\YOLO-26-2\datasets\tt100k_aug_2160\test\images\68572.jpg,D:\vscode\workspace\recurrencePaper\YOLO-26-2\datasets\tt100k_aug_2160\test\labels\68572.txt,,139.62543487548828,47.23654538090383,3560.402587890625,42.24248123168945
D:\vscode\workspace\recurrencePaper\YOLO-26-2\datasets\tt100k_aug_2160\test\images\68666.jpg,D:\vscode\workspace\recurrencePaper\YOLO-26-2\datasets\tt100k_aug_2160\test\labels\68666.txt,,149.81863403320312,44.8431128112598,2020.7088623046875,41.643070220947266
D:\vscode\workspace\recurrencePaper\YOLO-26-2\datasets\tt100k_aug_2160\test\images\6873.jpg,D:\vscode\workspace\recurrencePaper\YOLO-26-2\datasets\tt100k_aug_2160\test\labels\6873.txt,,137.1257553100586,39.58201594334353,2773.678955078125,50.12291717529297
D:\vscode\workspace\recurrencePaper\YOLO-26-2\datasets\tt100k_aug_2160\test\images\6875.jpg,D:\vscode\workspace\recurrencePaper\YOLO-26-2\datasets\tt100k_aug_2160\test\labels\6875.txt,,130.6692008972168,44.780973194028846,3700.747314453125,72.52364349365234
D:\vscode\workspace\recurrencePaper\YOLO-26-2\datasets\tt100k_aug_2160\test\images\68768.jpg,D:\vscode\workspace\recurrencePaper\YOLO-26-2\datasets\tt100k_aug_2160\test\labels\68768.txt,,100.25384140014648,40.344172167788585,3170.7607421875,67.29701614379883
D:\vscode\workspace\recurrencePaper\YOLO-26-2\datasets\tt100k_aug_2160\test\images\68832.jpg,D:\vscode\workspace\recurrencePaper\YOLO-26-2\datasets\tt100k_aug_2160\test\labels\68832.txt,,84.38221740722656,62.111496172525484,3456.677734375,61.074302673339844
D:\vscode\workspace\recurrencePaper\YOLO-26-2\datasets\tt100k_aug_2160\test\images\68863.jpg,D:\vscode\workspace\recurrencePaper\YOLO-26-2\datasets\tt100k_aug_2160\test\labels\68863.txt,,106.24883270263672,66.62609005386103,3047.037353515625,52.39154815673828
D:\vscode\workspace\recurrencePaper\YOLO-26-2\datasets\tt100k_aug_2160\test\images\68881.jpg,D:\vscode\workspace\recurrencePaper\YOLO-26-2\datasets\tt100k_aug_2160\test\labels\68881.txt,,137.7615623474121,68.02716210449286,2175.7060546875,29.672794342041016
D:\vscode\workspace\recurrencePaper\YOLO-26-2\datasets\tt100k_aug_2160\test\images\6889.jpg,D:\vscode\workspace\recurrencePaper\YOLO-26-2\datasets\tt100k_aug_2160\test\labels\6889.txt,,144.95427322387695,50.40540325300289,1178.4345703125,29.319561004638672
D:\vscode\workspace\recurrencePaper\YOLO-26-2\datasets\tt100k_aug_2160\test\images\68955.jpg,D:\vscode\workspace\recurrencePaper\YOLO-26-2\datasets\tt100k_aug_2160\test\labels\68955.txt,,167.46837615966797,40.46341870341143,1349.0911865234375,36.16755294799805
D:\vscode\workspace\recurrencePaper\YOLO-26-2\datasets\tt100k_aug_2160\test\images\6904.jpg,D:\vscode\workspace\recurrencePaper\YOLO-26-2\datasets\tt100k_aug_2160\test\labels\6904.txt,,147.21496200561523,43.873223409565696,1338.24267578125,33.86973190307617
D:\vscode\workspace\recurrencePaper\YOLO-26-2\datasets\tt100k_aug_2160\test\images\69047.jpg,D:\vscode\workspace\recurrencePaper\YOLO-26-2\datasets\tt100k_aug_2160\test\labels\69047.txt,,142.6406478881836,67.01543511514372,2008.447509765625,28.768096923828125
D:\vscode\workspace\recurrencePaper\YOLO-26-2\datasets\tt100k_aug_2160\test\images\69051.jpg,D:\vscode\workspace\recurrencePaper\YOLO-26-2\datasets\tt100k_aug_2160\test\labels\69051.txt,,133.09832382202148,48.21628316342118,2098.65576171875,63.52973175048828
D:\vscode\workspace\recurrencePaper\YOLO-26-2\datasets\tt100k_aug_2160\test\images\69092.jpg,D:\vscode\workspace\recurrencePaper\YOLO-26-2\datasets\tt100k_aug_2160\test\labels\69092.txt,,146.93131256103516,44.42019514737354,2970.37109375,21.635517120361328
D:\vscode\workspace\recurrencePaper\YOLO-26-2\datasets\tt100k_aug_2160\test\images\69103.jpg,D:\vscode\workspace\recurrencePaper\YOLO-26-2\datasets\tt100k_aug_2160\test\labels\69103.txt,,142.3447494506836,39.72102363198731,3179.80224609375,42.456092834472656
D:\vscode\workspace\recurrencePaper\YOLO-26-2\datasets\tt100k_aug_2160\test\images\69109.jpg,D:\vscode\workspace\recurrencePaper\YOLO-26-2\datasets\tt100k_aug_2160\test\labels\69109.txt,,142.33349990844727,59.64203868252488,3229.92578125,37.840049743652344
D:\vscode\workspace\recurrencePaper\YOLO-26-2\datasets\tt100k_aug_2160\test\images\69135.jpg,D:\vscode\workspace\recurrencePaper\YOLO-26-2\datasets\tt100k_aug_2160\test\labels\69135.txt,,129.70367431640625,55.022522334944775,2930.886962890625,48.75028991699219
D:\vscode\workspace\recurrencePaper\YOLO-26-2\datasets\tt100k_aug_2160\test\images\69220.jpg,D:\vscode\workspace\recurrencePaper\YOLO-26-2\datasets\tt100k_aug_2160\test\labels\69220.txt,,132.86850357055664,55.38709370446493,2175.01904296875,43.044281005859375
D:\vscode\workspace\recurrencePaper\YOLO-26-2\datasets\tt100k_aug_2160\test\images\69346.jpg,D:\vscode\workspace\recurrencePaper\YOLO-26-2\datasets\tt100k_aug_2160\test\labels\69346.txt,,180.85104370117188,57.22342200061947,1408.99853515625,15.279132843017578
D:\vscode\workspace\recurrencePaper\YOLO-26-2\datasets\tt100k_aug_2160\test\images\69366.jpg,D:\vscode\workspace\recurrencePaper\YOLO-26-2\datasets\tt100k_aug_2160\test\labels\69366.txt,,134.22454071044922,63.04277696747361,3168.66162109375,29.87104034423828
D:\vscode\workspace\recurrencePaper\YOLO-26-2\datasets\tt100k_aug_2160\test\images\69474.jpg,D:\vscode\workspace\recurrencePaper\YOLO-26-2\datasets\tt100k_aug_2160\test\labels\69474.txt,,104.43461608886719,62.63507910597809,2261.578857421875,59.32210159301758
D:\vscode\workspace\recurrencePaper\YOLO-26-2\datasets\tt100k_aug_2160\test\images\695.jpg,D:\vscode\workspace\recurrencePaper\YOLO-26-2\datasets\tt100k_aug_2160\test\labels\695.txt,,122.51001358032227,56.63811813264204,2277.579345703125,85.05464172363281
D:\vscode\workspace\recurrencePaper\YOLO-26-2\datasets\tt100k_aug_2160\test\images\69556.jpg,D:\vscode\workspace\recurrencePaper\YOLO-26-2\datasets\tt100k_aug_2160\test\labels\69556.txt,,138.49221801757812,61.52270566667773,2196.7861328125,75.39521026611328
D:\vscode\workspace\recurrencePaper\YOLO-26-2\datasets\tt100k_aug_2160\test\images\6958.jpg,D:\vscode\workspace\recurrencePaper\YOLO-26-2\datasets\tt100k_aug_2160\test\labels\6958.txt,,148.89936447143555,53.33646268885461,1051.326416015625,32.514671325683594
D:\vscode\workspace\recurrencePaper\YOLO-26-2\datasets\tt100k_aug_2160\test\images\69584.jpg,D:\vscode\workspace\recurrencePaper\YOLO-26-2\datasets\tt100k_aug_2160\test\labels\69584.txt,,95.20574951171875,38.97297195014397,3481.270751953125,93.21404647827148
D:\vscode\workspace\recurrencePaper\YOLO-26-2\datasets\tt100k_aug_2160\test\images\69593.jpg,D:\vscode\workspace\recurrencePaper\YOLO-26-2\datasets\tt100k_aug_2160\test\labels\69593.txt,,158.54993438720703,62.242421753174426,1677.144775390625,26.2330322265625
D:\vscode\workspace\recurrencePaper\YOLO-26-2\datasets\tt100k_aug_2160\test\images\69604.jpg,D:\vscode\workspace\recurrencePaper\YOLO-26-2\datasets\tt100k_aug_2160\test\labels\69604.txt,,150.90617752075195,43.27942073269209,1717.47119140625,37.41456604003906
D:\vscode\workspace\recurrencePaper\YOLO-26-2\datasets\tt100k_aug_2160\test\images\69612.jpg,D:\vscode\workspace\recurrencePaper\YOLO-26-2\datasets\tt100k_aug_2160\test\labels\69612.txt,,173.35683822631836,52.666964194250745,867.083251953125,22.16991424560547
D:\vscode\workspace\recurrencePaper\YOLO-26-2\datasets\tt100k_aug_2160\test\images\69658.jpg,D:\vscode\workspace\recurrencePaper\YOLO-26-2\datasets\tt100k_aug_2160\test\labels\69658.txt,,147.71786880493164,43.088560984897924,1449.254638671875,38.9300422668457
D:\vscode\workspace\recurrencePaper\YOLO-26-2\datasets\tt100k_aug_2160\test\images\69666.jpg,D:\vscode\workspace\recurrencePaper\YOLO-26-2\datasets\tt100k_aug_2160\test\labels\69666.txt,,173.72248458862305,57.81146140428922,1759.15380859375,20.74075698852539
D:\vscode\workspace\recurrencePaper\YOLO-26-2\datasets\tt100k_aug_2160\test\images\69687.jpg,D:\vscode\workspace\recurrencePaper\YOLO-26-2\datasets\tt100k_aug_2160\test\labels\69687.txt,,145.90008544921875,37.14500977374123,2516.911376953125,63.3217887878418
D:\vscode\workspace\recurrencePaper\YOLO-26-2\datasets\tt100k_aug_2160\test\images\69700.jpg,D:\vscode\workspace\recurrencePaper\YOLO-26-2\datasets\tt100k_aug_2160\test\labels\69700.txt,,138.68829345703125,64.05921133645535,5247.17822265625,47.5746955871582
D:\vscode\workspace\recurrencePaper\YOLO-26-2\datasets\tt100k_aug_2160\test\images\69770.jpg,D:\vscode\workspace\recurrencePaper\YOLO-26-2\datasets\tt100k_aug_2160\test\labels\69770.txt,,138.2356185913086,54.89488429229885,1325.6483154296875,41.541629791259766
D:\vscode\workspace\recurrencePaper\YOLO-26-2\datasets\tt100k_aug_2160\test\images\69857.jpg,D:\vscode\workspace\recurrencePaper\YOLO-26-2\datasets\tt100k_aug_2160\test\labels\69857.txt,,122.04116439819336,59.45711468200397,1999.390380859375,33.407676696777344
D:\vscode\workspace\recurrencePaper\YOLO-26-2\datasets\tt100k_aug_2160\test\images\69901.jpg,D:\vscode\workspace\recurrencePaper\YOLO-26-2\datasets\tt100k_aug_2160\test\labels\69901.txt,,112.37177276611328,56.84166536355071,1480.5621337890625,23.027244567871094
D:\vscode\workspace\recurrencePaper\YOLO-26-2\datasets\tt100k_aug_2160\test\images\69908.jpg,D:\vscode\workspace\recurrencePaper\YOLO-26-2\datasets\tt100k_aug_2160\test\labels\69908.txt,,137.21276473999023,46.94532420309116,3397.7392578125,35.92109298706055
D:\vscode\workspace\recurrencePaper\YOLO-26-2\datasets\tt100k_aug_2160\test\images\69963.jpg,D:\vscode\workspace\recurrencePaper\YOLO-26-2\datasets\tt100k_aug_2160\test\labels\69963.txt,,125.23326110839844,49.62275619814092,3684.7890625,36.10716247558594
D:\vscode\workspace\recurrencePaper\YOLO-26-2\datasets\tt100k_aug_2160\test\images\7000.jpg,D:\vscode\workspace\recurrencePaper\YOLO-26-2\datasets\tt100k_aug_2160\test\labels\7000.txt,,125.63199615478516,47.390360922864886,2439.133544921875,76.23112487792969
D:\vscode\workspace\recurrencePaper\YOLO-26-2\datasets\tt100k_aug_2160\test\images\70039.jpg,D:\vscode\workspace\recurrencePaper\YOLO-26-2\datasets\tt100k_aug_2160\test\labels\70039.txt,,144.08905792236328,43.32921903437503,2153.190673828125,42.74974822998047
D:\vscode\workspace\recurrencePaper\YOLO-26-2\datasets\tt100k_aug_2160\test\images\70072.jpg,D:\vscode\workspace\recurrencePaper\YOLO-26-2\datasets\tt100k_aug_2160\test\labels\70072.txt,,146.08625030517578,40.52821148735005,1168.6019287109375,38.86156463623047
D:\vscode\workspace\recurrencePaper\YOLO-26-2\datasets\tt100k_aug_2160\test\images\70156.jpg,D:\vscode\workspace\recurrencePaper\YOLO-26-2\datasets\tt100k_aug_2160\test\labels\70156.txt,,157.21124267578125,62.09072342492761,3235.55859375,31.926284790039062
D:\vscode\workspace\recurrencePaper\YOLO-26-2\datasets\tt100k_aug_2160\test\images\7018.jpg,D:\vscode\workspace\recurrencePaper\YOLO-26-2\datasets\tt100k_aug_2160\test\labels\7018.txt,,154.33922576904297,53.42019483797332,1009.5419921875,27.556941986083984
D:\vscode\workspace\recurrencePaper\YOLO-26-2\datasets\tt100k_aug_2160\test\images\70180.jpg,D:\vscode\workspace\recurrencePaper\YOLO-26-2\datasets\tt100k_aug_2160\test\labels\70180.txt,,134.9181137084961,32.130433108005526,1644.095458984375,52.40688705444336
D:\vscode\workspace\recurrencePaper\YOLO-26-2\datasets\tt100k_aug_2160\test\images\70196.jpg,D:\vscode\workspace\recurrencePaper\YOLO-26-2\datasets\tt100k_aug_2160\test\labels\70196.txt,,146.70407104492188,43.17625389091288,1466.0321044921875,30.766368865966797
D:\vscode\workspace\recurrencePaper\YOLO-26-2\datasets\tt100k_aug_2160\test\images\70201.jpg,D:\vscode\workspace\recurrencePaper\YOLO-26-2\datasets\tt100k_aug_2160\test\labels\70201.txt,,135.6602554321289,55.65234421848186,1829.9097900390625,36.107025146484375
D:\vscode\workspace\recurrencePaper\YOLO-26-2\datasets\tt100k_aug_2160\test\images\70218.jpg,D:\vscode\workspace\recurrencePaper\YOLO-26-2\datasets\tt100k_aug_2160\test\labels\70218.txt,,140.63654708862305,44.638259682835056,1693.8463134765625,44.16016387939453
D:\vscode\workspace\recurrencePaper\YOLO-26-2\datasets\tt100k_aug_2160\test\images\70278.jpg,D:\vscode\workspace\recurrencePaper\YOLO-26-2\datasets\tt100k_aug_2160\test\labels\70278.txt,,90.96436309814453,53.87733221046847,1462.0966796875,27.889556884765625
D:\vscode\workspace\recurrencePaper\YOLO-26-2\datasets\tt100k_aug_2160\test\images\70355.jpg,D:\vscode\workspace\recurrencePaper\YOLO-26-2\datasets\tt100k_aug_2160\test\labels\70355.txt,,154.1513671875,38.40682487585211,1685.6297607421875,41.01325607299805
D:\vscode\workspace\recurrencePaper\YOLO-26-2\datasets\tt100k_aug_2160\test\images\70393.jpg,D:\vscode\workspace\recurrencePaper\YOLO-26-2\datasets\tt100k_aug_2160\test\labels\70393.txt,,140.88275146484375,36.43343419570439,2748.5322265625,58.321983337402344
D:\vscode\workspace\recurrencePaper\YOLO-26-2\datasets\tt100k_aug_2160\test\images\70439.jpg,D:\vscode\workspace\recurrencePaper\YOLO-26-2\datasets\tt100k_aug_2160\test\labels\70439.txt,,141.9798469543457,54.2500433339402,1265.588134765625,54.425872802734375
D:\vscode\workspace\recurrencePaper\YOLO-26-2\datasets\tt100k_aug_2160\test\images\70442.jpg,D:\vscode\workspace\recurrencePaper\YOLO-26-2\datasets\tt100k_aug_2160\test\labels\70442.txt,,112.02783203125,63.259495046974976,3281.70556640625,55.072357177734375
D:\vscode\workspace\recurrencePaper\YOLO-26-2\datasets\tt100k_aug_2160\test\images\70468.jpg,D:\vscode\workspace\recurrencePaper\YOLO-26-2\datasets\tt100k_aug_2160\test\labels\70468.txt,,138.5565414428711,48.29463747724886,1797.7216796875,45.90116500854492
D:\vscode\workspace\recurrencePaper\YOLO-26-2\datasets\tt100k_aug_2160\test\images\70489.jpg,D:\vscode\workspace\recurrencePaper\YOLO-26-2\datasets\tt100k_aug_2160\test\labels\70489.txt,,148.3515396118164,33.15536927680499,1587.097412109375,34.009559631347656
D:\vscode\workspace\recurrencePaper\YOLO-26-2\datasets\tt100k_aug_2160\test\images\70601.jpg,D:\vscode\workspace\recurrencePaper\YOLO-26-2\datasets\tt100k_aug_2160\test\labels\70601.txt,,121.4169807434082,50.64949227789074,3010.611083984375,30.637466430664062
D:\vscode\workspace\recurrencePaper\YOLO-26-2\datasets\tt100k_aug_2160\test\images\70661.jpg,D:\vscode\workspace\recurrencePaper\YOLO-26-2\datasets\tt100k_aug_2160\test\labels\70661.txt,,156.5886573791504,43.85957824046116,3009.7998046875,40.16547393798828
D:\vscode\workspace\recurrencePaper\YOLO-26-2\datasets\tt100k_aug_2160\test\images\70707.jpg,D:\vscode\workspace\recurrencePaper\YOLO-26-2\datasets\tt100k_aug_2160\test\labels\70707.txt,,133.63928604125977,69.68796502198597,2614.490234375,35.976707458496094
D:\vscode\workspace\recurrencePaper\YOLO-26-2\datasets\tt100k_aug_2160\test\images\70733.jpg,D:\vscode\workspace\recurrencePaper\YOLO-26-2\datasets\tt100k_aug_2160\test\labels\70733.txt,,119.71420669555664,74.12304611979673,3146.65966796875,58.065555572509766
D:\vscode\workspace\recurrencePaper\YOLO-26-2\datasets\tt100k_aug_2160\test\images\70758.jpg,D:\vscode\workspace\recurrencePaper\YOLO-26-2\datasets\tt100k_aug_2160\test\labels\70758.txt,,145.81256484985352,40.916216278006225,1054.2747802734375,40.724525451660156
D:\vscode\workspace\recurrencePaper\YOLO-26-2\datasets\tt100k_aug_2160\test\images\70814.jpg,D:\vscode\workspace\recurrencePaper\YOLO-26-2\datasets\tt100k_aug_2160\test\labels\70814.txt,,121.77606582641602,63.55952641382732,5305.06103515625,59.78714370727539
D:\vscode\workspace\recurrencePaper\YOLO-26-2\datasets\tt100k_aug_2160\test\images\70961.jpg,D:\vscode\workspace\recurrencePaper\YOLO-26-2\datasets\tt100k_aug_2160\test\labels\70961.txt,,123.20720291137695,58.915663891792775,1591.55615234375,57.50456619262695
D:\vscode\workspace\recurrencePaper\YOLO-26-2\datasets\tt100k_aug_2160\test\images\71048.jpg,D:\vscode\workspace\recurrencePaper\YOLO-26-2\datasets\tt100k_aug_2160\test\labels\71048.txt,,159.43976211547852,68.85130150986859,1422.92333984375,22.192546844482422
D:\vscode\workspace\recurrencePaper\YOLO-26-2\datasets\tt100k_aug_2160\test\images\71132.jpg,D:\vscode\workspace\recurrencePaper\YOLO-26-2\datasets\tt100k_aug_2160\test\labels\71132.txt,,144.41575241088867,40.228129132164476,1428.3170166015625,34.3547477722168
D:\vscode\workspace\recurrencePaper\YOLO-26-2\datasets\tt100k_aug_2160\test\images\71147.jpg,D:\vscode\workspace\recurrencePaper\YOLO-26-2\datasets\tt100k_aug_2160\test\labels\71147.txt,,145.92137145996094,44.20382433388731,1337.5567626953125,73.0828742980957
D:\vscode\workspace\recurrencePaper\YOLO-26-2\datasets\tt100k_aug_2160\test\images\7120.jpg,D:\vscode\workspace\recurrencePaper\YOLO-26-2\datasets\tt100k_aug_2160\test\labels\7120.txt,,140.5214500427246,58.06352416569879,4768.02978515625,33.860267639160156
D:\vscode\workspace\recurrencePaper\YOLO-26-2\datasets\tt100k_aug_2160\test\images\71284.jpg,D:\vscode\workspace\recurrencePaper\YOLO-26-2\datasets\tt100k_aug_2160\test\labels\71284.txt,,144.84323501586914,65.0204885248114,2680.381103515625,26.472370147705078
D:\vscode\workspace\recurrencePaper\YOLO-26-2\datasets\tt100k_aug_2160\test\images\71297.jpg,D:\vscode\workspace\recurrencePaper\YOLO-26-2\datasets\tt100k_aug_2160\test\labels\71297.txt,,144.0859375,38.69259457176301,1481.80126953125,47.927940368652344
D:\vscode\workspace\recurrencePaper\YOLO-26-2\datasets\tt100k_aug_2160\test\images\71449.jpg,D:\vscode\workspace\recurrencePaper\YOLO-26-2\datasets\tt100k_aug_2160\test\labels\71449.txt,,137.21661758422852,56.95583286609367,1431.33203125,27.733203887939453
D:\vscode\workspace\recurrencePaper\YOLO-26-2\datasets\tt100k_aug_2160\test\images\71516.jpg,D:\vscode\workspace\recurrencePaper\YOLO-26-2\datasets\tt100k_aug_2160\test\labels\71516.txt,,102.31147003173828,72.3507150671871,1403.75146484375,35.95891571044922
D:\vscode\workspace\recurrencePaper\YOLO-26-2\datasets\tt100k_aug_2160\test\images\71529.jpg,D:\vscode\workspace\recurrencePaper\YOLO-26-2\datasets\tt100k_aug_2160\test\labels\71529.txt,,131.03957748413086,55.126493970339354,4797.8583984375,72.32140731811523
D:\vscode\workspace\recurrencePaper\YOLO-26-2\datasets\tt100k_aug_2160\test\images\71530.jpg,D:\vscode\workspace\recurrencePaper\YOLO-26-2\datasets\tt100k_aug_2160\test\labels\71530.txt,,129.24660110473633,62.89191033332022,3264.0546875,75.20113754272461
D:\vscode\workspace\recurrencePaper\YOLO-26-2\datasets\tt100k_aug_2160\test\images\71616.jpg,D:\vscode\workspace\recurrencePaper\YOLO-26-2\datasets\tt100k_aug_2160\test\labels\71616.txt,,136.31023406982422,57.543885572003006,2055.05126953125,46.290409088134766
D:\vscode\workspace\recurrencePaper\YOLO-26-2\datasets\tt100k_aug_2160\test\images\71733.jpg,D:\vscode\workspace\recurrencePaper\YOLO-26-2\datasets\tt100k_aug_2160\test\labels\71733.txt,,99.08430099487305,54.764725608932864,2108.46728515625,44.91410446166992
D:\vscode\workspace\recurrencePaper\YOLO-26-2\datasets\tt100k_aug_2160\test\images\71773.jpg,D:\vscode\workspace\recurrencePaper\YOLO-26-2\datasets\tt100k_aug_2160\test\labels\71773.txt,,150.01758575439453,43.583503068149966,2376.35791015625,35.5448112487793
D:\vscode\workspace\recurrencePaper\YOLO-26-2\datasets\tt100k_aug_2160\test\images\71864.jpg,D:\vscode\workspace\recurrencePaper\YOLO-26-2\datasets\tt100k_aug_2160\test\labels\71864.txt,,126.13412475585938,62.78397158562458,3494.917236328125,39.15237045288086
D:\vscode\workspace\recurrencePaper\YOLO-26-2\datasets\tt100k_aug_2160\test\images\71876.jpg,D:\vscode\workspace\recurrencePaper\YOLO-26-2\datasets\tt100k_aug_2160\test\labels\71876.txt,,146.82034301757812,44.54785878229086,1450.40185546875,36.184814453125
D:\vscode\workspace\recurrencePaper\YOLO-26-2\datasets\tt100k_aug_2160\test\images\71885.jpg,D:\vscode\workspace\recurrencePaper\YOLO-26-2\datasets\tt100k_aug_2160\test\labels\71885.txt,,61.6562614440918,67.50582145912921,2021.318359375,47.48234176635742
D:\vscode\workspace\recurrencePaper\YOLO-26-2\datasets\tt100k_aug_2160\test\images\71927.jpg,D:\vscode\workspace\recurrencePaper\YOLO-26-2\datasets\tt100k_aug_2160\test\labels\71927.txt,,133.5714569091797,38.36983569404438,2068.953369140625,50.599281311035156
D:\vscode\workspace\recurrencePaper\YOLO-26-2\datasets\tt100k_aug_2160\test\images\71932.jpg,D:\vscode\workspace\recurrencePaper\YOLO-26-2\datasets\tt100k_aug_2160\test\labels\71932.txt,,140.89947509765625,46.35982266994383,1622.5675048828125,44.27991485595703
D:\vscode\workspace\recurrencePaper\YOLO-26-2\datasets\tt100k_aug_2160\test\images\71957.jpg,D:\vscode\workspace\recurrencePaper\YOLO-26-2\datasets\tt100k_aug_2160\test\labels\71957.txt,,126.91968154907227,49.36519407202761,1224.812255859375,40.174983978271484
D:\vscode\workspace\recurrencePaper\YOLO-26-2\datasets\tt100k_aug_2160\test\images\71971.jpg,D:\vscode\workspace\recurrencePaper\YOLO-26-2\datasets\tt100k_aug_2160\test\labels\71971.txt,,147.54767227172852,42.15558273611344,865.4620361328125,30.32613754272461
D:\vscode\workspace\recurrencePaper\YOLO-26-2\datasets\tt100k_aug_2160\test\images\7198.jpg,D:\vscode\workspace\recurrencePaper\YOLO-26-2\datasets\tt100k_aug_2160\test\labels\7198.txt,,142.4284324645996,41.8643662947176,1845.4019775390625,37.119972229003906
D:\vscode\workspace\recurrencePaper\YOLO-26-2\datasets\tt100k_aug_2160\test\images\72003.jpg,D:\vscode\workspace\recurrencePaper\YOLO-26-2\datasets\tt100k_aug_2160\test\labels\72003.txt,,134.90205764770508,65.42326782668411,8377.193359375,69.7597541809082
D:\vscode\workspace\recurrencePaper\YOLO-26-2\datasets\tt100k_aug_2160\test\images\72018.jpg,D:\vscode\workspace\recurrencePaper\YOLO-26-2\datasets\tt100k_aug_2160\test\labels\72018.txt,,137.71203231811523,48.01552770146728,1499.18505859375,27.25552749633789
D:\vscode\workspace\recurrencePaper\YOLO-26-2\datasets\tt100k_aug_2160\test\images\72069.jpg,D:\vscode\workspace\recurrencePaper\YOLO-26-2\datasets\tt100k_aug_2160\test\labels\72069.txt,,157.11474990844727,41.21635929641455,2970.3544921875,62.757652282714844
D:\vscode\workspace\recurrencePaper\YOLO-26-2\datasets\tt100k_aug_2160\test\images\72075.jpg,D:\vscode\workspace\recurrencePaper\YOLO-26-2\datasets\tt100k_aug_2160\test\labels\72075.txt,,129.47814178466797,54.122887999752514,4599.3876953125,55.91831970214844
D:\vscode\workspace\recurrencePaper\YOLO-26-2\datasets\tt100k_aug_2160\test\images\72110.jpg,D:\vscode\workspace\recurrencePaper\YOLO-26-2\datasets\tt100k_aug_2160\test\labels\72110.txt,,141.87657928466797,43.75868273416458,2569.524169921875,37.5195198059082
D:\vscode\workspace\recurrencePaper\YOLO-26-2\datasets\tt100k_aug_2160\test\images\72118.jpg,D:\vscode\workspace\recurrencePaper\YOLO-26-2\datasets\tt100k_aug_2160\test\labels\72118.txt,,145.0117416381836,40.26294741018617,4109.50732421875,46.40984344482422
D:\vscode\workspace\recurrencePaper\YOLO-26-2\datasets\tt100k_aug_2160\test\images\72132.jpg,D:\vscode\workspace\recurrencePaper\YOLO-26-2\datasets\tt100k_aug_2160\test\labels\72132.txt,,135.2664909362793,42.581149826690435,1098.2269287109375,42.593055725097656
D:\vscode\workspace\recurrencePaper\YOLO-26-2\datasets\tt100k_aug_2160\test\images\72159.jpg,D:\vscode\workspace\recurrencePaper\YOLO-26-2\datasets\tt100k_aug_2160\test\labels\72159.txt,,135.36643981933594,43.27814735461952,2022.474853515625,62.19313430786133
D:\vscode\workspace\recurrencePaper\YOLO-26-2\datasets\tt100k_aug_2160\test\images\72174.jpg,D:\vscode\workspace\recurrencePaper\YOLO-26-2\datasets\tt100k_aug_2160\test\labels\72174.txt,,159.01766204833984,50.49665784539585,1778.1708984375,47.32301330566406
D:\vscode\workspace\recurrencePaper\YOLO-26-2\datasets\tt100k_aug_2160\test\images\72200.jpg,D:\vscode\workspace\recurrencePaper\YOLO-26-2\datasets\tt100k_aug_2160\test\labels\72200.txt,,138.83858489990234,83.09959493511862,1509.969970703125,29.634593963623047
D:\vscode\workspace\recurrencePaper\YOLO-26-2\datasets\tt100k_aug_2160\test\images\72278.jpg,D:\vscode\workspace\recurrencePaper\YOLO-26-2\datasets\tt100k_aug_2160\test\labels\72278.txt,,123.09283065795898,52.2565021015949,4403.65625,49.19403839111328
D:\vscode\workspace\recurrencePaper\YOLO-26-2\datasets\tt100k_aug_2160\test\images\72318.jpg,D:\vscode\workspace\recurrencePaper\YOLO-26-2\datasets\tt100k_aug_2160\test\labels\72318.txt,,141.9342498779297,38.31180136167864,2326.099365234375,38.40749740600586
D:\vscode\workspace\recurrencePaper\YOLO-26-2\datasets\tt100k_aug_2160\test\images\72332.jpg,D:\vscode\workspace\recurrencePaper\YOLO-26-2\datasets\tt100k_aug_2160\test\labels\72332.txt,,142.25920486450195,36.56562853288545,2787.851806640625,49.67042541503906
D:\vscode\workspace\recurrencePaper\YOLO-26-2\datasets\tt100k_aug_2160\test\images\72387.jpg,D:\vscode\workspace\recurrencePaper\YOLO-26-2\datasets\tt100k_aug_2160\test\labels\72387.txt,,129.22541046142578,46.070997119371086,1893.5731201171875,48.858768463134766
D:\vscode\workspace\recurrencePaper\YOLO-26-2\datasets\tt100k_aug_2160\test\images\72478.jpg,D:\vscode\workspace\recurrencePaper\YOLO-26-2\datasets\tt100k_aug_2160\test\labels\72478.txt,,108.8359603881836,57.209517845112174,1470.6224365234375,34.814945220947266
D:\vscode\workspace\recurrencePaper\YOLO-26-2\datasets\tt100k_aug_2160\test\images\72512.jpg,D:\vscode\workspace\recurrencePaper\YOLO-26-2\datasets\tt100k_aug_2160\test\labels\72512.txt,,133.9911994934082,51.59598036705627,2074.752685546875,34.18455123901367
D:\vscode\workspace\recurrencePaper\YOLO-26-2\datasets\tt100k_aug_2160\test\images\72516.jpg,D:\vscode\workspace\recurrencePaper\YOLO-26-2\datasets\tt100k_aug_2160\test\labels\72516.txt,,134.4218292236328,53.391230458331115,1415.447998046875,32.39676284790039
D:\vscode\workspace\recurrencePaper\YOLO-26-2\datasets\tt100k_aug_2160\test\images\72517.jpg,D:\vscode\workspace\recurrencePaper\YOLO-26-2\datasets\tt100k_aug_2160\test\labels\72517.txt,,158.07030868530273,48.194368029457955,1375.7935791015625,50.32040023803711
D:\vscode\workspace\recurrencePaper\YOLO-26-2\datasets\tt100k_aug_2160\test\images\72632.jpg,D:\vscode\workspace\recurrencePaper\YOLO-26-2\datasets\tt100k_aug_2160\test\labels\72632.txt,,150.9374237060547,43.90761905578978,2168.369873046875,32.0815544128418
D:\vscode\workspace\recurrencePaper\YOLO-26-2\datasets\tt100k_aug_2160\test\images\72644.jpg,D:\vscode\workspace\recurrencePaper\YOLO-26-2\datasets\tt100k_aug_2160\test\labels\72644.txt,,139.63992309570312,43.68003969777794,3408.560791015625,56.050071716308594
D:\vscode\workspace\recurrencePaper\YOLO-26-2\datasets\tt100k_aug_2160\test\images\72645.jpg,D:\vscode\workspace\recurrencePaper\YOLO-26-2\datasets\tt100k_aug_2160\test\labels\72645.txt,,134.3028678894043,58.37910956035035,1168.9412841796875,28.374103546142578
D:\vscode\workspace\recurrencePaper\YOLO-26-2\datasets\tt100k_aug_2160\test\images\72663.jpg,D:\vscode\workspace\recurrencePaper\YOLO-26-2\datasets\tt100k_aug_2160\test\labels\72663.txt,,133.68169784545898,52.53101884108854,2873.489501953125,55.20054244995117
D:\vscode\workspace\recurrencePaper\YOLO-26-2\datasets\tt100k_aug_2160\test\images\72686.jpg,D:\vscode\workspace\recurrencePaper\YOLO-26-2\datasets\tt100k_aug_2160\test\labels\72686.txt,,137.73533248901367,43.489152634638586,3564.3271484375,53.750396728515625
D:\vscode\workspace\recurrencePaper\YOLO-26-2\datasets\tt100k_aug_2160\test\images\72702.jpg,D:\vscode\workspace\recurrencePaper\YOLO-26-2\datasets\tt100k_aug_2160\test\labels\72702.txt,,146.81686782836914,58.67322414179162,1946.6927490234375,23.517696380615234
D:\vscode\workspace\recurrencePaper\YOLO-26-2\datasets\tt100k_aug_2160\test\images\72712.jpg,D:\vscode\workspace\recurrencePaper\YOLO-26-2\datasets\tt100k_aug_2160\test\labels\72712.txt,,179.8880844116211,49.01753281719779,981.362548828125,19.872299194335938
D:\vscode\workspace\recurrencePaper\YOLO-26-2\datasets\tt100k_aug_2160\test\images\7273.jpg,D:\vscode\workspace\recurrencePaper\YOLO-26-2\datasets\tt100k_aug_2160\test\labels\7273.txt,,154.6031723022461,42.19651015987965,4078.390869140625,49.14067459106445
D:\vscode\workspace\recurrencePaper\YOLO-26-2\datasets\tt100k_aug_2160\test\images\72771.jpg,D:\vscode\workspace\recurrencePaper\YOLO-26-2\datasets\tt100k_aug_2160\test\labels\72771.txt,,131.4019889831543,52.57382765202301,2414.51611328125,44.56717300415039
D:\vscode\workspace\recurrencePaper\YOLO-26-2\datasets\tt100k_aug_2160\test\images\72811.jpg,D:\vscode\workspace\recurrencePaper\YOLO-26-2\datasets\tt100k_aug_2160\test\labels\72811.txt,,149.15093231201172,46.256062876773704,2128.396484375,38.40145492553711
D:\vscode\workspace\recurrencePaper\YOLO-26-2\datasets\tt100k_aug_2160\test\images\72812.jpg,D:\vscode\workspace\recurrencePaper\YOLO-26-2\datasets\tt100k_aug_2160\test\labels\72812.txt,,118.37412643432617,41.3575247909523,1418.2978515625,66.82040023803711
D:\vscode\workspace\recurrencePaper\YOLO-26-2\datasets\tt100k_aug_2160\test\images\7286.jpg,D:\vscode\workspace\recurrencePaper\YOLO-26-2\datasets\tt100k_aug_2160\test\labels\7286.txt,,146.14879989624023,31.75619775324147,1323.4130859375,44.17734909057617
D:\vscode\workspace\recurrencePaper\YOLO-26-2\datasets\tt100k_aug_2160\test\images\72883.jpg,D:\vscode\workspace\recurrencePaper\YOLO-26-2\datasets\tt100k_aug_2160\test\labels\72883.txt,,146.34350967407227,40.21195903066096,1247.556396484375,37.0725212097168
D:\vscode\workspace\recurrencePaper\YOLO-26-2\datasets\tt100k_aug_2160\test\images\72960.jpg,D:\vscode\workspace\recurrencePaper\YOLO-26-2\datasets\tt100k_aug_2160\test\labels\72960.txt,,121.38289260864258,54.882351564741484,2032.5606689453125,58.09617614746094
D:\vscode\workspace\recurrencePaper\YOLO-26-2\datasets\tt100k_aug_2160\test\images\73.jpg,D:\vscode\workspace\recurrencePaper\YOLO-26-2\datasets\tt100k_aug_2160\test\labels\73.txt,,130.06745529174805,38.233039645595426,1254.9954833984375,45.29339599609375
D:\vscode\workspace\recurrencePaper\YOLO-26-2\datasets\tt100k_aug_2160\test\images\73073.jpg,D:\vscode\workspace\recurrencePaper\YOLO-26-2\datasets\tt100k_aug_2160\test\labels\73073.txt,,121.79815673828125,75.0159914406396,4809.3076171875,57.4141731262207
D:\vscode\workspace\recurrencePaper\YOLO-26-2\datasets\tt100k_aug_2160\test\images\73118.jpg,D:\vscode\workspace\recurrencePaper\YOLO-26-2\datasets\tt100k_aug_2160\test\labels\73118.txt,,148.67007446289062,40.307187386513895,1978.120849609375,39.80508804321289
D:\vscode\workspace\recurrencePaper\YOLO-26-2\datasets\tt100k_aug_2160\test\images\73250.jpg,D:\vscode\workspace\recurrencePaper\YOLO-26-2\datasets\tt100k_aug_2160\test\labels\73250.txt,,116.16481399536133,62.19416051761396,1675.2869873046875,40.107444763183594
D:\vscode\workspace\recurrencePaper\YOLO-26-2\datasets\tt100k_aug_2160\test\images\73298.jpg,D:\vscode\workspace\recurrencePaper\YOLO-26-2\datasets\tt100k_aug_2160\test\labels\73298.txt,,89.52715682983398,50.760146631765856,1666.9107666015625,77.22633743286133
D:\vscode\workspace\recurrencePaper\YOLO-26-2\datasets\tt100k_aug_2160\test\images\73416.jpg,D:\vscode\workspace\recurrencePaper\YOLO-26-2\datasets\tt100k_aug_2160\test\labels\73416.txt,,151.77172470092773,41.00395438397303,1243.4970703125,45.318294525146484
D:\vscode\workspace\recurrencePaper\YOLO-26-2\datasets\tt100k_aug_2160\test\images\7343.jpg,D:\vscode\workspace\recurrencePaper\YOLO-26-2\datasets\tt100k_aug_2160\test\labels\7343.txt,,145.22605895996094,38.31121683363591,1341.498779296875,36.398433685302734
D:\vscode\workspace\recurrencePaper\YOLO-26-2\datasets\tt100k_aug_2160\test\images\73507.jpg,D:\vscode\workspace\recurrencePaper\YOLO-26-2\datasets\tt100k_aug_2160\test\labels\73507.txt,,141.94745635986328,61.403596956093295,1085.05810546875,28.674102783203125
D:\vscode\workspace\recurrencePaper\YOLO-26-2\datasets\tt100k_aug_2160\test\images\73550.jpg,D:\vscode\workspace\recurrencePaper\YOLO-26-2\datasets\tt100k_aug_2160\test\labels\73550.txt,,110.89979934692383,51.514045615848225,3002.0693359375,67.673095703125
D:\vscode\workspace\recurrencePaper\YOLO-26-2\datasets\tt100k_aug_2160\test\images\73559.jpg,D:\vscode\workspace\recurrencePaper\YOLO-26-2\datasets\tt100k_aug_2160\test\labels\73559.txt,,174.45073699951172,55.22655966168338,1195.572021484375,35.15644836425781
D:\vscode\workspace\recurrencePaper\YOLO-26-2\datasets\tt100k_aug_2160\test\images\73576.jpg,D:\vscode\workspace\recurrencePaper\YOLO-26-2\datasets\tt100k_aug_2160\test\labels\73576.txt,,140.42416381835938,55.86148250424692,1840.5394287109375,51.63002014160156
D:\vscode\workspace\recurrencePaper\YOLO-26-2\datasets\tt100k_aug_2160\test\images\73700.jpg,D:\vscode\workspace\recurrencePaper\YOLO-26-2\datasets\tt100k_aug_2160\test\labels\73700.txt,,151.54999923706055,67.80865075672051,3018.48046875,25.512413024902344
D:\vscode\workspace\recurrencePaper\YOLO-26-2\datasets\tt100k_aug_2160\test\images\73791.jpg,D:\vscode\workspace\recurrencePaper\YOLO-26-2\datasets\tt100k_aug_2160\test\labels\73791.txt,,133.1888198852539,45.18493813047808,1462.267822265625,41.118804931640625
D:\vscode\workspace\recurrencePaper\YOLO-26-2\datasets\tt100k_aug_2160\test\images\73795.jpg,D:\vscode\workspace\recurrencePaper\YOLO-26-2\datasets\tt100k_aug_2160\test\labels\73795.txt,,122.75294876098633,52.53025248583975,2001.9630126953125,52.50185012817383
D:\vscode\workspace\recurrencePaper\YOLO-26-2\datasets\tt100k_aug_2160\test\images\73803.jpg,D:\vscode\workspace\recurrencePaper\YOLO-26-2\datasets\tt100k_aug_2160\test\labels\73803.txt,,109.90798568725586,54.9144990797332,2049.607421875,46.01655578613281
D:\vscode\workspace\recurrencePaper\YOLO-26-2\datasets\tt100k_aug_2160\test\images\73804.jpg,D:\vscode\workspace\recurrencePaper\YOLO-26-2\datasets\tt100k_aug_2160\test\labels\73804.txt,,149.5017852783203,69.00721131289403,1284.24560546875,27.58664321899414
D:\vscode\workspace\recurrencePaper\YOLO-26-2\datasets\tt100k_aug_2160\test\images\73820.jpg,D:\vscode\workspace\recurrencePaper\YOLO-26-2\datasets\tt100k_aug_2160\test\labels\73820.txt,,114.71252059936523,65.54061772527973,2625.65185546875,36.513816833496094
D:\vscode\workspace\recurrencePaper\YOLO-26-2\datasets\tt100k_aug_2160\test\images\73829.jpg,D:\vscode\workspace\recurrencePaper\YOLO-26-2\datasets\tt100k_aug_2160\test\labels\73829.txt,,128.02316284179688,74.37611219982385,5437.369140625,38.163536071777344
D:\vscode\workspace\recurrencePaper\YOLO-26-2\datasets\tt100k_aug_2160\test\images\73854.jpg,D:\vscode\workspace\recurrencePaper\YOLO-26-2\datasets\tt100k_aug_2160\test\labels\73854.txt,,138.48292541503906,47.80106389821592,2188.23876953125,52.9786491394043
D:\vscode\workspace\recurrencePaper\YOLO-26-2\datasets\tt100k_aug_2160\test\images\73973.jpg,D:\vscode\workspace\recurrencePaper\YOLO-26-2\datasets\tt100k_aug_2160\test\labels\73973.txt,,114.64324188232422,51.983733173571686,2710.63818359375,34.49531555175781
D:\vscode\workspace\recurrencePaper\YOLO-26-2\datasets\tt100k_aug_2160\test\images\74020.jpg,D:\vscode\workspace\recurrencePaper\YOLO-26-2\datasets\tt100k_aug_2160\test\labels\74020.txt,,130.33828353881836,47.409495669865,4701.8330078125,54.66000747680664
D:\vscode\workspace\recurrencePaper\YOLO-26-2\datasets\tt100k_aug_2160\test\images\74044.jpg,D:\vscode\workspace\recurrencePaper\YOLO-26-2\datasets\tt100k_aug_2160\test\labels\74044.txt,,116.28144073486328,58.641084196776276,4001.267333984375,66.79929733276367
D:\vscode\workspace\recurrencePaper\YOLO-26-2\datasets\tt100k_aug_2160\test\images\74070.jpg,D:\vscode\workspace\recurrencePaper\YOLO-26-2\datasets\tt100k_aug_2160\test\labels\74070.txt,,138.02154922485352,50.02732275273628,4268.41259765625,57.94193649291992
D:\vscode\workspace\recurrencePaper\YOLO-26-2\datasets\tt100k_aug_2160\test\images\7414.jpg,D:\vscode\workspace\recurrencePaper\YOLO-26-2\datasets\tt100k_aug_2160\test\labels\7414.txt,,139.24433517456055,39.02297703133561,1880.86328125,43.617523193359375
D:\vscode\workspace\recurrencePaper\YOLO-26-2\datasets\tt100k_aug_2160\test\images\74163.jpg,D:\vscode\workspace\recurrencePaper\YOLO-26-2\datasets\tt100k_aug_2160\test\labels\74163.txt,,135.22320938110352,45.167873498506864,1321.716796875,34.99972152709961
D:\vscode\workspace\recurrencePaper\YOLO-26-2\datasets\tt100k_aug_2160\test\images\74189.jpg,D:\vscode\workspace\recurrencePaper\YOLO-26-2\datasets\tt100k_aug_2160\test\labels\74189.txt,,143.55214309692383,34.58835098637011,1039.8802490234375,42.2769660949707
D:\vscode\workspace\recurrencePaper\YOLO-26-2\datasets\tt100k_aug_2160\test\images\74195.jpg,D:\vscode\workspace\recurrencePaper\YOLO-26-2\datasets\tt100k_aug_2160\test\labels\74195.txt,,151.88434600830078,57.60315446170774,1507.0303955078125,46.37406539916992
D:\vscode\workspace\recurrencePaper\YOLO-26-2\datasets\tt100k_aug_2160\test\images\74274.jpg,D:\vscode\workspace\recurrencePaper\YOLO-26-2\datasets\tt100k_aug_2160\test\labels\74274.txt,,131.45602416992188,73.06363196225614,469.2076110839844,52.388004302978516
D:\vscode\workspace\recurrencePaper\YOLO-26-2\datasets\tt100k_aug_2160\test\images\7433.jpg,D:\vscode\workspace\recurrencePaper\YOLO-26-2\datasets\tt100k_aug_2160\test\labels\7433.txt,,90.34253692626953,50.23881505877994,9895.10546875,91.3305892944336
D:\vscode\workspace\recurrencePaper\YOLO-26-2\datasets\tt100k_aug_2160\test\images\74385.jpg,D:\vscode\workspace\recurrencePaper\YOLO-26-2\datasets\tt100k_aug_2160\test\labels\74385.txt,,140.82327270507812,62.358050612599044,3909.409423828125,50.30184555053711
D:\vscode\workspace\recurrencePaper\YOLO-26-2\datasets\tt100k_aug_2160\test\images\74400.jpg,D:\vscode\workspace\recurrencePaper\YOLO-26-2\datasets\tt100k_aug_2160\test\labels\74400.txt,,135.83260345458984,66.55593155680157,1732.580810546875,32.37176513671875
D:\vscode\workspace\recurrencePaper\YOLO-26-2\datasets\tt100k_aug_2160\test\images\74418.jpg,D:\vscode\workspace\recurrencePaper\YOLO-26-2\datasets\tt100k_aug_2160\test\labels\74418.txt,,142.09582901000977,60.19979411750388,3997.66015625,28.729454040527344
D:\vscode\workspace\recurrencePaper\YOLO-26-2\datasets\tt100k_aug_2160\test\images\74446.jpg,D:\vscode\workspace\recurrencePaper\YOLO-26-2\datasets\tt100k_aug_2160\test\labels\74446.txt,,167.43416595458984,49.68080863131925,2177.1484375,31.08545684814453
D:\vscode\workspace\recurrencePaper\YOLO-26-2\datasets\tt100k_aug_2160\test\images\7447.jpg,D:\vscode\workspace\recurrencePaper\YOLO-26-2\datasets\tt100k_aug_2160\test\labels\7447.txt,,135.94733428955078,45.2376947225242,2358.407958984375,50.410118103027344
D:\vscode\workspace\recurrencePaper\YOLO-26-2\datasets\tt100k_aug_2160\test\images\74518.jpg,D:\vscode\workspace\recurrencePaper\YOLO-26-2\datasets\tt100k_aug_2160\test\labels\74518.txt,,165.16653442382812,61.180982849279594,4201.58349609375,26.7008056640625
D:\vscode\workspace\recurrencePaper\YOLO-26-2\datasets\tt100k_aug_2160\test\images\74524.jpg,D:\vscode\workspace\recurrencePaper\YOLO-26-2\datasets\tt100k_aug_2160\test\labels\74524.txt,,126.37759017944336,44.68390450014215,1407.4560546875,50.87554931640625
D:\vscode\workspace\recurrencePaper\YOLO-26-2\datasets\tt100k_aug_2160\test\images\74528.jpg,D:\vscode\workspace\recurrencePaper\YOLO-26-2\datasets\tt100k_aug_2160\test\labels\74528.txt,,111.56067276000977,65.54740323204375,4067.41357421875,39.857177734375
D:\vscode\workspace\recurrencePaper\YOLO-26-2\datasets\tt100k_aug_2160\test\images\74567.jpg,D:\vscode\workspace\recurrencePaper\YOLO-26-2\datasets\tt100k_aug_2160\test\labels\74567.txt,,117.71751022338867,58.2303268473944,4477.05029296875,60.33292007446289
D:\vscode\workspace\recurrencePaper\YOLO-26-2\datasets\tt100k_aug_2160\test\images\74631.jpg,D:\vscode\workspace\recurrencePaper\YOLO-26-2\datasets\tt100k_aug_2160\test\labels\74631.txt,,133.82298278808594,44.357967737583984,2073.013916015625,38.806148529052734
D:\vscode\workspace\recurrencePaper\YOLO-26-2\datasets\tt100k_aug_2160\test\images\74641.jpg,D:\vscode\workspace\recurrencePaper\YOLO-26-2\datasets\tt100k_aug_2160\test\labels\74641.txt,,93.56787109375,65.07553009501686,1790.9395751953125,60.712276458740234
D:\vscode\workspace\recurrencePaper\YOLO-26-2\datasets\tt100k_aug_2160\test\images\74646.jpg,D:\vscode\workspace\recurrencePaper\YOLO-26-2\datasets\tt100k_aug_2160\test\labels\74646.txt,,113.66411590576172,61.50263560177395,7389.90087890625,64.45979309082031
D:\vscode\workspace\recurrencePaper\YOLO-26-2\datasets\tt100k_aug_2160\test\images\74676.jpg,D:\vscode\workspace\recurrencePaper\YOLO-26-2\datasets\tt100k_aug_2160\test\labels\74676.txt,,141.17364883422852,51.09398810492205,982.7608032226562,29.409320831298828
D:\vscode\workspace\recurrencePaper\YOLO-26-2\datasets\tt100k_aug_2160\test\images\74726.jpg,D:\vscode\workspace\recurrencePaper\YOLO-26-2\datasets\tt100k_aug_2160\test\labels\74726.txt,,86.33703994750977,55.57173382129697,2171.696044921875,119.47895812988281
D:\vscode\workspace\recurrencePaper\YOLO-26-2\datasets\tt100k_aug_2160\test\images\74738.jpg,D:\vscode\workspace\recurrencePaper\YOLO-26-2\datasets\tt100k_aug_2160\test\labels\74738.txt,,148.00766372680664,41.777676921462,1992.834228515625,38.97235870361328
D:\vscode\workspace\recurrencePaper\YOLO-26-2\datasets\tt100k_aug_2160\test\images\74742.jpg,D:\vscode\workspace\recurrencePaper\YOLO-26-2\datasets\tt100k_aug_2160\test\labels\74742.txt,,183.67311096191406,37.88787452890449,2463.90283203125,43.80999755859375
D:\vscode\workspace\recurrencePaper\YOLO-26-2\datasets\tt100k_aug_2160\test\images\7480.jpg,D:\vscode\workspace\recurrencePaper\YOLO-26-2\datasets\tt100k_aug_2160\test\labels\7480.txt,,140.67868423461914,48.33974685327119,1972.3699951171875,38.22797775268555
D:\vscode\workspace\recurrencePaper\YOLO-26-2\datasets\tt100k_aug_2160\test\images\74806.jpg,D:\vscode\workspace\recurrencePaper\YOLO-26-2\datasets\tt100k_aug_2160\test\labels\74806.txt,,142.66654205322266,52.53279902499266,869.5200805664062,35.5575065612793
D:\vscode\workspace\recurrencePaper\YOLO-26-2\datasets\tt100k_aug_2160\test\images\74818.jpg,D:\vscode\workspace\recurrencePaper\YOLO-26-2\datasets\tt100k_aug_2160\test\labels\74818.txt,,143.7681121826172,38.488980784875416,3595.71484375,40.800228118896484
D:\vscode\workspace\recurrencePaper\YOLO-26-2\datasets\tt100k_aug_2160\test\images\7483.jpg,D:\vscode\workspace\recurrencePaper\YOLO-26-2\datasets\tt100k_aug_2160\test\labels\7483.txt,,113.48116683959961,55.417314848533955,6856.71337890625,66.52159118652344
D:\vscode\workspace\recurrencePaper\YOLO-26-2\datasets\tt100k_aug_2160\test\images\74857.jpg,D:\vscode\workspace\recurrencePaper\YOLO-26-2\datasets\tt100k_aug_2160\test\labels\74857.txt,,136.21392059326172,41.41861446438319,2459.911376953125,62.22944641113281
D:\vscode\workspace\recurrencePaper\YOLO-26-2\datasets\tt100k_aug_2160\test\images\74913.jpg,D:\vscode\workspace\recurrencePaper\YOLO-26-2\datasets\tt100k_aug_2160\test\labels\74913.txt,,123.99039459228516,65.8738496977056,4137.3642578125,68.82527160644531
D:\vscode\workspace\recurrencePaper\YOLO-26-2\datasets\tt100k_aug_2160\test\images\74925.jpg,D:\vscode\workspace\recurrencePaper\YOLO-26-2\datasets\tt100k_aug_2160\test\labels\74925.txt,,172.98985290527344,61.97384808825066,1688.067626953125,20.22003173828125
D:\vscode\workspace\recurrencePaper\YOLO-26-2\datasets\tt100k_aug_2160\test\images\74933.jpg,D:\vscode\workspace\recurrencePaper\YOLO-26-2\datasets\tt100k_aug_2160\test\labels\74933.txt,,130.68157196044922,39.14051611302388,3901.859130859375,56.23744201660156
D:\vscode\workspace\recurrencePaper\YOLO-26-2\datasets\tt100k_aug_2160\test\images\75000.jpg,D:\vscode\workspace\recurrencePaper\YOLO-26-2\datasets\tt100k_aug_2160\test\labels\75000.txt,,136.09930801391602,82.71756991048903,2544.53662109375,61.23533630371094
D:\vscode\workspace\recurrencePaper\YOLO-26-2\datasets\tt100k_aug_2160\test\images\75023.jpg,D:\vscode\workspace\recurrencePaper\YOLO-26-2\datasets\tt100k_aug_2160\test\labels\75023.txt,,133.8009262084961,40.82125228504374,6012.16650390625,45.924861907958984
D:\vscode\workspace\recurrencePaper\YOLO-26-2\datasets\tt100k_aug_2160\test\images\75054.jpg,D:\vscode\workspace\recurrencePaper\YOLO-26-2\datasets\tt100k_aug_2160\test\labels\75054.txt,,133.67294311523438,48.55532400759575,2294.041015625,75.63814544677734
D:\vscode\workspace\recurrencePaper\YOLO-26-2\datasets\tt100k_aug_2160\test\images\751.jpg,D:\vscode\workspace\recurrencePaper\YOLO-26-2\datasets\tt100k_aug_2160\test\labels\751.txt,,134.71387481689453,57.77701517663741,2642.05859375,57.46632385253906
D:\vscode\workspace\recurrencePaper\YOLO-26-2\datasets\tt100k_aug_2160\test\images\7511.jpg,D:\vscode\workspace\recurrencePaper\YOLO-26-2\datasets\tt100k_aug_2160\test\labels\7511.txt,,143.77266693115234,70.64102235011855,1815.8785400390625,34.26722717285156
D:\vscode\workspace\recurrencePaper\YOLO-26-2\datasets\tt100k_aug_2160\test\images\75159.jpg,D:\vscode\workspace\recurrencePaper\YOLO-26-2\datasets\tt100k_aug_2160\test\labels\75159.txt,,160.6625213623047,59.511003644909,2181.593017578125,25.150440216064453
D:\vscode\workspace\recurrencePaper\YOLO-26-2\datasets\tt100k_aug_2160\test\images\75170.jpg,D:\vscode\workspace\recurrencePaper\YOLO-26-2\datasets\tt100k_aug_2160\test\labels\75170.txt,,105.83006286621094,59.46333265511269,2019.0361328125,30.20596694946289
D:\vscode\workspace\recurrencePaper\YOLO-26-2\datasets\tt100k_aug_2160\test\images\75227.jpg,D:\vscode\workspace\recurrencePaper\YOLO-26-2\datasets\tt100k_aug_2160\test\labels\75227.txt,,143.3559799194336,59.70531694342254,5186.5859375,59.541255950927734
D:\vscode\workspace\recurrencePaper\YOLO-26-2\datasets\tt100k_aug_2160\test\images\75272.jpg,D:\vscode\workspace\recurrencePaper\YOLO-26-2\datasets\tt100k_aug_2160\test\labels\75272.txt,,166.69458770751953,57.01393298739761,1409.7181396484375,24.157989501953125
D:\vscode\workspace\recurrencePaper\YOLO-26-2\datasets\tt100k_aug_2160\test\images\75339.jpg,D:\vscode\workspace\recurrencePaper\YOLO-26-2\datasets\tt100k_aug_2160\test\labels\75339.txt,,137.34565353393555,40.08028941655487,2278.03466796875,59.485740661621094
D:\vscode\workspace\recurrencePaper\YOLO-26-2\datasets\tt100k_aug_2160\test\images\75398.jpg,D:\vscode\workspace\recurrencePaper\YOLO-26-2\datasets\tt100k_aug_2160\test\labels\75398.txt,,154.1223487854004,41.92850189357597,1218.942626953125,52.016353607177734
D:\vscode\workspace\recurrencePaper\YOLO-26-2\datasets\tt100k_aug_2160\test\images\75406.jpg,D:\vscode\workspace\recurrencePaper\YOLO-26-2\datasets\tt100k_aug_2160\test\labels\75406.txt,,148.46730422973633,42.00306907360272,1685.858154296875,31.374988555908203
D:\vscode\workspace\recurrencePaper\YOLO-26-2\datasets\tt100k_aug_2160\test\images\75441.jpg,D:\vscode\workspace\recurrencePaper\YOLO-26-2\datasets\tt100k_aug_2160\test\labels\75441.txt,,131.88441848754883,43.80284933096695,3282.842529296875,55.65281295776367
D:\vscode\workspace\recurrencePaper\YOLO-26-2\datasets\tt100k_aug_2160\test\images\75448.jpg,D:\vscode\workspace\recurrencePaper\YOLO-26-2\datasets\tt100k_aug_2160\test\labels\75448.txt,,158.51592636108398,41.44203575510957,1432.8880615234375,43.7315559387207
D:\vscode\workspace\recurrencePaper\YOLO-26-2\datasets\tt100k_aug_2160\test\images\75494.jpg,D:\vscode\workspace\recurrencePaper\YOLO-26-2\datasets\tt100k_aug_2160\test\labels\75494.txt,,152.67724990844727,46.615649559841714,1186.1751708984375,26.776519775390625
D:\vscode\workspace\recurrencePaper\YOLO-26-2\datasets\tt100k_aug_2160\test\images\75600.jpg,D:\vscode\workspace\recurrencePaper\YOLO-26-2\datasets\tt100k_aug_2160\test\labels\75600.txt,,137.05315017700195,38.68240971067161,3220.30810546875,59.76442337036133
D:\vscode\workspace\recurrencePaper\YOLO-26-2\datasets\tt100k_aug_2160\test\images\75607.jpg,D:\vscode\workspace\recurrencePaper\YOLO-26-2\datasets\tt100k_aug_2160\test\labels\75607.txt,,144.84423828125,47.09483460441129,2336.331298828125,77.79169082641602
D:\vscode\workspace\recurrencePaper\YOLO-26-2\datasets\tt100k_aug_2160\test\images\75711.jpg,D:\vscode\workspace\recurrencePaper\YOLO-26-2\datasets\tt100k_aug_2160\test\labels\75711.txt,,142.82870483398438,45.881532631639594,2053.662109375,38.310325622558594
D:\vscode\workspace\recurrencePaper\YOLO-26-2\datasets\tt100k_aug_2160\test\images\75764.jpg,D:\vscode\workspace\recurrencePaper\YOLO-26-2\datasets\tt100k_aug_2160\test\labels\75764.txt,,126.16227722167969,49.052541501174204,1453.979736328125,71.20263290405273
D:\vscode\workspace\recurrencePaper\YOLO-26-2\datasets\tt100k_aug_2160\test\images\75772.jpg,D:\vscode\workspace\recurrencePaper\YOLO-26-2\datasets\tt100k_aug_2160\test\labels\75772.txt,,106.4226188659668,61.96848536982498,1719.019287109375,37.488624572753906
D:\vscode\workspace\recurrencePaper\YOLO-26-2\datasets\tt100k_aug_2160\test\images\75793.jpg,D:\vscode\workspace\recurrencePaper\YOLO-26-2\datasets\tt100k_aug_2160\test\labels\75793.txt,,138.9922103881836,53.438649093805445,1421.2918701171875,52.3734016418457
D:\vscode\workspace\recurrencePaper\YOLO-26-2\datasets\tt100k_aug_2160\test\images\75833.jpg,D:\vscode\workspace\recurrencePaper\YOLO-26-2\datasets\tt100k_aug_2160\test\labels\75833.txt,,126.66577529907227,43.99758063092702,2180.64453125,75.67706680297852
D:\vscode\workspace\recurrencePaper\YOLO-26-2\datasets\tt100k_aug_2160\test\images\75885.jpg,D:\vscode\workspace\recurrencePaper\YOLO-26-2\datasets\tt100k_aug_2160\test\labels\75885.txt,,109.10256576538086,72.73092383735546,1299.801513671875,29.174179077148438
D:\vscode\workspace\recurrencePaper\YOLO-26-2\datasets\tt100k_aug_2160\test\images\75886.jpg,D:\vscode\workspace\recurrencePaper\YOLO-26-2\datasets\tt100k_aug_2160\test\labels\75886.txt,,134.8349723815918,57.25574853480578,1391.171875,35.05883026123047
D:\vscode\workspace\recurrencePaper\YOLO-26-2\datasets\tt100k_aug_2160\test\images\75975.jpg,D:\vscode\workspace\recurrencePaper\YOLO-26-2\datasets\tt100k_aug_2160\test\labels\75975.txt,,81.78213500976562,67.63289155714621,1804.470947265625,54.790260314941406
D:\vscode\workspace\recurrencePaper\YOLO-26-2\datasets\tt100k_aug_2160\test\images\76076.jpg,D:\vscode\workspace\recurrencePaper\YOLO-26-2\datasets\tt100k_aug_2160\test\labels\76076.txt,,141.16676330566406,46.901921540584055,902.5955810546875,31.24569320678711
D:\vscode\workspace\recurrencePaper\YOLO-26-2\datasets\tt100k_aug_2160\test\images\76100.jpg,D:\vscode\workspace\recurrencePaper\YOLO-26-2\datasets\tt100k_aug_2160\test\labels\76100.txt,,108.5610580444336,57.02367353572942,2382.645751953125,125.26612091064453
D:\vscode\workspace\recurrencePaper\YOLO-26-2\datasets\tt100k_aug_2160\test\images\76224.jpg,D:\vscode\workspace\recurrencePaper\YOLO-26-2\datasets\tt100k_aug_2160\test\labels\76224.txt,,131.87149047851562,50.728657440162024,4040.763671875,59.722530364990234
D:\vscode\workspace\recurrencePaper\YOLO-26-2\datasets\tt100k_aug_2160\test\images\76241.jpg,D:\vscode\workspace\recurrencePaper\YOLO-26-2\datasets\tt100k_aug_2160\test\labels\76241.txt,,153.1263656616211,58.67583274075143,2331.50146484375,27.733776092529297
D:\vscode\workspace\recurrencePaper\YOLO-26-2\datasets\tt100k_aug_2160\test\images\76351.jpg,D:\vscode\workspace\recurrencePaper\YOLO-26-2\datasets\tt100k_aug_2160\test\labels\76351.txt,,132.71113967895508,50.07866437762211,4069.274658203125,53.620853424072266
D:\vscode\workspace\recurrencePaper\YOLO-26-2\datasets\tt100k_aug_2160\test\images\76399.jpg,D:\vscode\workspace\recurrencePaper\YOLO-26-2\datasets\tt100k_aug_2160\test\labels\76399.txt,,140.72694396972656,62.76224871387341,2640.962890625,28.467273712158203
D:\vscode\workspace\recurrencePaper\YOLO-26-2\datasets\tt100k_aug_2160\test\images\76439.jpg,D:\vscode\workspace\recurrencePaper\YOLO-26-2\datasets\tt100k_aug_2160\test\labels\76439.txt,,165.65056991577148,37.19348705943563,1039.619384765625,37.154335021972656
D:\vscode\workspace\recurrencePaper\YOLO-26-2\datasets\tt100k_aug_2160\test\images\76443.jpg,D:\vscode\workspace\recurrencePaper\YOLO-26-2\datasets\tt100k_aug_2160\test\labels\76443.txt,,143.01939392089844,44.005541859985875,1662.5936279296875,41.873207092285156
D:\vscode\workspace\recurrencePaper\YOLO-26-2\datasets\tt100k_aug_2160\test\images\76463.jpg,D:\vscode\workspace\recurrencePaper\YOLO-26-2\datasets\tt100k_aug_2160\test\labels\76463.txt,,144.49737930297852,63.384460351049476,2186.587890625,34.235443115234375
D:\vscode\workspace\recurrencePaper\YOLO-26-2\datasets\tt100k_aug_2160\test\images\76492.jpg,D:\vscode\workspace\recurrencePaper\YOLO-26-2\datasets\tt100k_aug_2160\test\labels\76492.txt,,156.21979904174805,37.27430497456081,1570.73046875,36.15309143066406
D:\vscode\workspace\recurrencePaper\YOLO-26-2\datasets\tt100k_aug_2160\test\images\76558.jpg,D:\vscode\workspace\recurrencePaper\YOLO-26-2\datasets\tt100k_aug_2160\test\labels\76558.txt,,127.7437973022461,46.69291028212608,1157.2869873046875,39.31008529663086
D:\vscode\workspace\recurrencePaper\YOLO-26-2\datasets\tt100k_aug_2160\test\images\76568.jpg,D:\vscode\workspace\recurrencePaper\YOLO-26-2\datasets\tt100k_aug_2160\test\labels\76568.txt,,100.06105422973633,41.84167638639908,3347.11181640625,95.49235153198242
D:\vscode\workspace\recurrencePaper\YOLO-26-2\datasets\tt100k_aug_2160\test\images\76608.jpg,D:\vscode\workspace\recurrencePaper\YOLO-26-2\datasets\tt100k_aug_2160\test\labels\76608.txt,,138.79859161376953,47.614897371419005,1484.133544921875,39.838096618652344
D:\vscode\workspace\recurrencePaper\YOLO-26-2\datasets\tt100k_aug_2160\test\images\76619.jpg,D:\vscode\workspace\recurrencePaper\YOLO-26-2\datasets\tt100k_aug_2160\test\labels\76619.txt,,133.9241485595703,59.201940876163725,1919.0576171875,29.314926147460938
D:\vscode\workspace\recurrencePaper\YOLO-26-2\datasets\tt100k_aug_2160\test\images\76677.jpg,D:\vscode\workspace\recurrencePaper\YOLO-26-2\datasets\tt100k_aug_2160\test\labels\76677.txt,,159.35835647583008,58.88960245822884,2372.82470703125,47.08793640136719
D:\vscode\workspace\recurrencePaper\YOLO-26-2\datasets\tt100k_aug_2160\test\images\76697.jpg,D:\vscode\workspace\recurrencePaper\YOLO-26-2\datasets\tt100k_aug_2160\test\labels\76697.txt,,103.70254135131836,56.63850231969931,3749.18017578125,81.57374572753906
D:\vscode\workspace\recurrencePaper\YOLO-26-2\datasets\tt100k_aug_2160\test\images\767.jpg,D:\vscode\workspace\recurrencePaper\YOLO-26-2\datasets\tt100k_aug_2160\test\labels\767.txt,,153.56448364257812,60.786291325229406,1783.474609375,31.390933990478516
D:\vscode\workspace\recurrencePaper\YOLO-26-2\datasets\tt100k_aug_2160\test\images\7675.jpg,D:\vscode\workspace\recurrencePaper\YOLO-26-2\datasets\tt100k_aug_2160\test\labels\7675.txt,,128.21695709228516,48.68716625573583,1554.4473876953125,42.071834564208984
D:\vscode\workspace\recurrencePaper\YOLO-26-2\datasets\tt100k_aug_2160\test\images\76771.jpg,D:\vscode\workspace\recurrencePaper\YOLO-26-2\datasets\tt100k_aug_2160\test\labels\76771.txt,,132.15677642822266,50.10944034782135,1157.15478515625,49.58386993408203
D:\vscode\workspace\recurrencePaper\YOLO-26-2\datasets\tt100k_aug_2160\test\images\7678.jpg,D:\vscode\workspace\recurrencePaper\YOLO-26-2\datasets\tt100k_aug_2160\test\labels\7678.txt,,138.2618865966797,42.553408329180996,2216.622314453125,45.596336364746094
D:\vscode\workspace\recurrencePaper\YOLO-26-2\datasets\tt100k_aug_2160\test\images\76860.jpg,D:\vscode\workspace\recurrencePaper\YOLO-26-2\datasets\tt100k_aug_2160\test\labels\76860.txt,,155.23771286010742,55.434292290338306,1302.804931640625,30.873313903808594
D:\vscode\workspace\recurrencePaper\YOLO-26-2\datasets\tt100k_aug_2160\test\images\76921.jpg,D:\vscode\workspace\recurrencePaper\YOLO-26-2\datasets\tt100k_aug_2160\test\labels\76921.txt,,146.83022689819336,42.708741171440856,1139.986572265625,28.229328155517578
D:\vscode\workspace\recurrencePaper\YOLO-26-2\datasets\tt100k_aug_2160\test\images\76967.jpg,D:\vscode\workspace\recurrencePaper\YOLO-26-2\datasets\tt100k_aug_2160\test\labels\76967.txt,,142.82093811035156,41.026221791212336,2866.774658203125,43.21952819824219
D:\vscode\workspace\recurrencePaper\YOLO-26-2\datasets\tt100k_aug_2160\test\images\77025.jpg,D:\vscode\workspace\recurrencePaper\YOLO-26-2\datasets\tt100k_aug_2160\test\labels\77025.txt,,144.57437896728516,62.98416434459305,2169.974609375,49.66152572631836
D:\vscode\workspace\recurrencePaper\YOLO-26-2\datasets\tt100k_aug_2160\test\images\77056.jpg,D:\vscode\workspace\recurrencePaper\YOLO-26-2\datasets\tt100k_aug_2160\test\labels\77056.txt,,128.9490623474121,68.4455078687774,1320.173583984375,16.101299285888672
D:\vscode\workspace\recurrencePaper\YOLO-26-2\datasets\tt100k_aug_2160\test\images\77221.jpg,D:\vscode\workspace\recurrencePaper\YOLO-26-2\datasets\tt100k_aug_2160\test\labels\77221.txt,,159.7573356628418,70.74332378668585,930.0912475585938,36.054534912109375
D:\vscode\workspace\recurrencePaper\YOLO-26-2\datasets\tt100k_aug_2160\test\images\77257.jpg,D:\vscode\workspace\recurrencePaper\YOLO-26-2\datasets\tt100k_aug_2160\test\labels\77257.txt,,132.67355346679688,58.52163961220001,1784.259765625,17.893436431884766
D:\vscode\workspace\recurrencePaper\YOLO-26-2\datasets\tt100k_aug_2160\test\images\77266.jpg,D:\vscode\workspace\recurrencePaper\YOLO-26-2\datasets\tt100k_aug_2160\test\labels\77266.txt,,152.17592239379883,42.61866950346627,1945.8052978515625,46.28693389892578
D:\vscode\workspace\recurrencePaper\YOLO-26-2\datasets\tt100k_aug_2160\test\images\77344.jpg,D:\vscode\workspace\recurrencePaper\YOLO-26-2\datasets\tt100k_aug_2160\test\labels\77344.txt,,131.31229400634766,45.076971801134114,2662.5009765625,81.45846557617188
D:\vscode\workspace\recurrencePaper\YOLO-26-2\datasets\tt100k_aug_2160\test\images\77373.jpg,D:\vscode\workspace\recurrencePaper\YOLO-26-2\datasets\tt100k_aug_2160\test\labels\77373.txt,,156.7121467590332,66.66751528180937,1928.563232421875,32.277801513671875
D:\vscode\workspace\recurrencePaper\YOLO-26-2\datasets\tt100k_aug_2160\test\images\77384.jpg,D:\vscode\workspace\recurrencePaper\YOLO-26-2\datasets\tt100k_aug_2160\test\labels\77384.txt,,135.6640625,45.55726021986215,1275.7244873046875,42.137481689453125
D:\vscode\workspace\recurrencePaper\YOLO-26-2\datasets\tt100k_aug_2160\test\images\77454.jpg,D:\vscode\workspace\recurrencePaper\YOLO-26-2\datasets\tt100k_aug_2160\test\labels\77454.txt,,145.10661697387695,48.02060865661523,2045.4923095703125,53.03117370605469
D:\vscode\workspace\recurrencePaper\YOLO-26-2\datasets\tt100k_aug_2160\test\images\77520.jpg,D:\vscode\workspace\recurrencePaper\YOLO-26-2\datasets\tt100k_aug_2160\test\labels\77520.txt,,131.3250846862793,47.4204321595703,1585.3232421875,35.79080581665039
D:\vscode\workspace\recurrencePaper\YOLO-26-2\datasets\tt100k_aug_2160\test\images\77533.jpg,D:\vscode\workspace\recurrencePaper\YOLO-26-2\datasets\tt100k_aug_2160\test\labels\77533.txt,,129.54262161254883,45.467082924762245,3239.13232421875,61.98466873168945
D:\vscode\workspace\recurrencePaper\YOLO-26-2\datasets\tt100k_aug_2160\test\images\77537.jpg,D:\vscode\workspace\recurrencePaper\YOLO-26-2\datasets\tt100k_aug_2160\test\labels\77537.txt,,143.91142654418945,47.484790752750776,2195.0439453125,43.0140266418457
D:\vscode\workspace\recurrencePaper\YOLO-26-2\datasets\tt100k_aug_2160\test\images\7758.jpg,D:\vscode\workspace\recurrencePaper\YOLO-26-2\datasets\tt100k_aug_2160\test\labels\7758.txt,,117.29565048217773,68.04327673736665,2295.14404296875,52.69731903076172
D:\vscode\workspace\recurrencePaper\YOLO-26-2\datasets\tt100k_aug_2160\test\images\77589.jpg,D:\vscode\workspace\recurrencePaper\YOLO-26-2\datasets\tt100k_aug_2160\test\labels\77589.txt,,113.19593811035156,62.928351814891414,3122.304931640625,38.83897399902344
D:\vscode\workspace\recurrencePaper\YOLO-26-2\datasets\tt100k_aug_2160\test\images\77983.jpg,D:\vscode\workspace\recurrencePaper\YOLO-26-2\datasets\tt100k_aug_2160\test\labels\77983.txt,,127.10453796386719,45.81015867327949,2316.1884765625,79.29955673217773
D:\vscode\workspace\recurrencePaper\YOLO-26-2\datasets\tt100k_aug_2160\test\images\77988.jpg,D:\vscode\workspace\recurrencePaper\YOLO-26-2\datasets\tt100k_aug_2160\test\labels\77988.txt,,147.89215469360352,35.81764693393167,2615.93017578125,38.40498352050781
D:\vscode\workspace\recurrencePaper\YOLO-26-2\datasets\tt100k_aug_2160\test\images\78015.jpg,D:\vscode\workspace\recurrencePaper\YOLO-26-2\datasets\tt100k_aug_2160\test\labels\78015.txt,,145.19024658203125,42.43504962492862,2374.048095703125,32.513031005859375
D:\vscode\workspace\recurrencePaper\YOLO-26-2\datasets\tt100k_aug_2160\test\images\78056.jpg,D:\vscode\workspace\recurrencePaper\YOLO-26-2\datasets\tt100k_aug_2160\test\labels\78056.txt,,184.04742431640625,46.72913022963511,1317.9710693359375,23.178524017333984
D:\vscode\workspace\recurrencePaper\YOLO-26-2\datasets\tt100k_aug_2160\test\images\78103.jpg,D:\vscode\workspace\recurrencePaper\YOLO-26-2\datasets\tt100k_aug_2160\test\labels\78103.txt,,139.63861083984375,40.688687563511245,1893.294921875,49.271820068359375
D:\vscode\workspace\recurrencePaper\YOLO-26-2\datasets\tt100k_aug_2160\test\images\78307.jpg,D:\vscode\workspace\recurrencePaper\YOLO-26-2\datasets\tt100k_aug_2160\test\labels\78307.txt,,149.68010330200195,48.99268927952078,962.1236572265625,30.06866455078125
D:\vscode\workspace\recurrencePaper\YOLO-26-2\datasets\tt100k_aug_2160\test\images\78334.jpg,D:\vscode\workspace\recurrencePaper\YOLO-26-2\datasets\tt100k_aug_2160\test\labels\78334.txt,,92.34416198730469,39.13465229472636,2101.055908203125,85.01333618164062
D:\vscode\workspace\recurrencePaper\YOLO-26-2\datasets\tt100k_aug_2160\test\images\78340.jpg,D:\vscode\workspace\recurrencePaper\YOLO-26-2\datasets\tt100k_aug_2160\test\labels\78340.txt,,136.4568977355957,84.1169362841486,1533.3177490234375,34.855743408203125
D:\vscode\workspace\recurrencePaper\YOLO-26-2\datasets\tt100k_aug_2160\test\images\78353.jpg,D:\vscode\workspace\recurrencePaper\YOLO-26-2\datasets\tt100k_aug_2160\test\labels\78353.txt,,167.56557083129883,59.84346477240912,1684.5150146484375,26.256301879882812
D:\vscode\workspace\recurrencePaper\YOLO-26-2\datasets\tt100k_aug_2160\test\images\78474.jpg,D:\vscode\workspace\recurrencePaper\YOLO-26-2\datasets\tt100k_aug_2160\test\labels\78474.txt,,117.52764511108398,50.040316679303906,3307.87158203125,69.38351821899414
D:\vscode\workspace\recurrencePaper\YOLO-26-2\datasets\tt100k_aug_2160\test\images\78523.jpg,D:\vscode\workspace\recurrencePaper\YOLO-26-2\datasets\tt100k_aug_2160\test\labels\78523.txt,,164.85105895996094,60.1740087913598,953.642333984375,19.764225006103516
D:\vscode\workspace\recurrencePaper\YOLO-26-2\datasets\tt100k_aug_2160\test\images\78552.jpg,D:\vscode\workspace\recurrencePaper\YOLO-26-2\datasets\tt100k_aug_2160\test\labels\78552.txt,,144.37595748901367,45.846168064646534,2650.1318359375,40.476871490478516
D:\vscode\workspace\recurrencePaper\YOLO-26-2\datasets\tt100k_aug_2160\test\images\7857.jpg,D:\vscode\workspace\recurrencePaper\YOLO-26-2\datasets\tt100k_aug_2160\test\labels\7857.txt,,137.43040084838867,47.19292939792267,3101.942138671875,61.99308776855469
D:\vscode\workspace\recurrencePaper\YOLO-26-2\datasets\tt100k_aug_2160\test\images\78590.jpg,D:\vscode\workspace\recurrencePaper\YOLO-26-2\datasets\tt100k_aug_2160\test\labels\78590.txt,,129.47825241088867,52.89952892883325,3646.2138671875,58.717247009277344
D:\vscode\workspace\recurrencePaper\YOLO-26-2\datasets\tt100k_aug_2160\test\images\78591.jpg,D:\vscode\workspace\recurrencePaper\YOLO-26-2\datasets\tt100k_aug_2160\test\labels\78591.txt,,190.21074295043945,55.876502185596536,1890.50537109375,16.728347778320312
D:\vscode\workspace\recurrencePaper\YOLO-26-2\datasets\tt100k_aug_2160\test\images\78606.jpg,D:\vscode\workspace\recurrencePaper\YOLO-26-2\datasets\tt100k_aug_2160\test\labels\78606.txt,,148.95255661010742,74.18437096818182,1534.90087890625,38.39738464355469
D:\vscode\workspace\recurrencePaper\YOLO-26-2\datasets\tt100k_aug_2160\test\images\78631.jpg,D:\vscode\workspace\recurrencePaper\YOLO-26-2\datasets\tt100k_aug_2160\test\labels\78631.txt,,150.20325088500977,58.95385481578771,1863.0084228515625,29.862991333007812
D:\vscode\workspace\recurrencePaper\YOLO-26-2\datasets\tt100k_aug_2160\test\images\78664.jpg,D:\vscode\workspace\recurrencePaper\YOLO-26-2\datasets\tt100k_aug_2160\test\labels\78664.txt,,117.552001953125,54.29842163901973,2425.70947265625,43.83274459838867
D:\vscode\workspace\recurrencePaper\YOLO-26-2\datasets\tt100k_aug_2160\test\images\78678.jpg,D:\vscode\workspace\recurrencePaper\YOLO-26-2\datasets\tt100k_aug_2160\test\labels\78678.txt,,161.13018035888672,58.9776808813017,1926.8448486328125,23.85623550415039
D:\vscode\workspace\recurrencePaper\YOLO-26-2\datasets\tt100k_aug_2160\test\images\78691.jpg,D:\vscode\workspace\recurrencePaper\YOLO-26-2\datasets\tt100k_aug_2160\test\labels\78691.txt,,165.6807098388672,57.00767115500015,2538.327392578125,30.758956909179688
D:\vscode\workspace\recurrencePaper\YOLO-26-2\datasets\tt100k_aug_2160\test\images\78753.jpg,D:\vscode\workspace\recurrencePaper\YOLO-26-2\datasets\tt100k_aug_2160\test\labels\78753.txt,,149.96456146240234,40.478095678611055,1543.825927734375,29.84426498413086
D:\vscode\workspace\recurrencePaper\YOLO-26-2\datasets\tt100k_aug_2160\test\images\78766.jpg,D:\vscode\workspace\recurrencePaper\YOLO-26-2\datasets\tt100k_aug_2160\test\labels\78766.txt,,61.95133590698242,64.18614289516803,1341.680908203125,48.5265998840332
D:\vscode\workspace\recurrencePaper\YOLO-26-2\datasets\tt100k_aug_2160\test\images\7879.jpg,D:\vscode\workspace\recurrencePaper\YOLO-26-2\datasets\tt100k_aug_2160\test\labels\7879.txt,,106.66372680664062,64.872491243265,4305.03515625,62.02084732055664
D:\vscode\workspace\recurrencePaper\YOLO-26-2\datasets\tt100k_aug_2160\test\images\78974.jpg,D:\vscode\workspace\recurrencePaper\YOLO-26-2\datasets\tt100k_aug_2160\test\labels\78974.txt,,125.14725112915039,66.95413212119382,1701.9544677734375,77.10989379882812
D:\vscode\workspace\recurrencePaper\YOLO-26-2\datasets\tt100k_aug_2160\test\images\78990.jpg,D:\vscode\workspace\recurrencePaper\YOLO-26-2\datasets\tt100k_aug_2160\test\labels\78990.txt,,114.34579086303711,71.10284765621441,2866.112548828125,53.90568542480469
D:\vscode\workspace\recurrencePaper\YOLO-26-2\datasets\tt100k_aug_2160\test\images\79027.jpg,D:\vscode\workspace\recurrencePaper\YOLO-26-2\datasets\tt100k_aug_2160\test\labels\79027.txt,,125.67158889770508,53.244349211542,2012.06298828125,66.27253341674805
D:\vscode\workspace\recurrencePaper\YOLO-26-2\datasets\tt100k_aug_2160\test\images\79029.jpg,D:\vscode\workspace\recurrencePaper\YOLO-26-2\datasets\tt100k_aug_2160\test\labels\79029.txt,,140.73051834106445,47.44684445496242,1233.2513427734375,32.91402053833008
D:\vscode\workspace\recurrencePaper\YOLO-26-2\datasets\tt100k_aug_2160\test\images\79041.jpg,D:\vscode\workspace\recurrencePaper\YOLO-26-2\datasets\tt100k_aug_2160\test\labels\79041.txt,,144.07759475708008,75.01684647236189,3200.111572265625,34.34482192993164
D:\vscode\workspace\recurrencePaper\YOLO-26-2\datasets\tt100k_aug_2160\test\images\79046.jpg,D:\vscode\workspace\recurrencePaper\YOLO-26-2\datasets\tt100k_aug_2160\test\labels\79046.txt,,135.26829528808594,66.26434091079457,1379.5579833984375,66.21207427978516
D:\vscode\workspace\recurrencePaper\YOLO-26-2\datasets\tt100k_aug_2160\test\images\79054.jpg,D:\vscode\workspace\recurrencePaper\YOLO-26-2\datasets\tt100k_aug_2160\test\labels\79054.txt,,150.66421127319336,41.619921088472594,4184.71240234375,48.96610641479492
D:\vscode\workspace\recurrencePaper\YOLO-26-2\datasets\tt100k_aug_2160\test\images\79062.jpg,D:\vscode\workspace\recurrencePaper\YOLO-26-2\datasets\tt100k_aug_2160\test\labels\79062.txt,,144.09949493408203,53.86661278293201,901.7203979492188,30.169235229492188
D:\vscode\workspace\recurrencePaper\YOLO-26-2\datasets\tt100k_aug_2160\test\images\79115.jpg,D:\vscode\workspace\recurrencePaper\YOLO-26-2\datasets\tt100k_aug_2160\test\labels\79115.txt,,132.78786849975586,48.84581681750876,3769.660400390625,66.84282302856445
D:\vscode\workspace\recurrencePaper\YOLO-26-2\datasets\tt100k_aug_2160\test\images\79121.jpg,D:\vscode\workspace\recurrencePaper\YOLO-26-2\datasets\tt100k_aug_2160\test\labels\79121.txt,,128.90984725952148,49.4901903400736,3152.4853515625,50.88132858276367
D:\vscode\workspace\recurrencePaper\YOLO-26-2\datasets\tt100k_aug_2160\test\images\79137.jpg,D:\vscode\workspace\recurrencePaper\YOLO-26-2\datasets\tt100k_aug_2160\test\labels\79137.txt,,139.48909759521484,34.22805120945454,2083.80029296875,47.045814514160156
D:\vscode\workspace\recurrencePaper\YOLO-26-2\datasets\tt100k_aug_2160\test\images\7915.jpg,D:\vscode\workspace\recurrencePaper\YOLO-26-2\datasets\tt100k_aug_2160\test\labels\7915.txt,,98.69670486450195,75.67611709323856,961.3385620117188,34.828426361083984
D:\vscode\workspace\recurrencePaper\YOLO-26-2\datasets\tt100k_aug_2160\test\images\79157.jpg,D:\vscode\workspace\recurrencePaper\YOLO-26-2\datasets\tt100k_aug_2160\test\labels\79157.txt,,146.47816467285156,75.28007917532237,1620.858154296875,22.21872329711914
D:\vscode\workspace\recurrencePaper\YOLO-26-2\datasets\tt100k_aug_2160\test\images\79174.jpg,D:\vscode\workspace\recurrencePaper\YOLO-26-2\datasets\tt100k_aug_2160\test\labels\79174.txt,,120.90817260742188,58.43275119130664,2202.060546875,58.29130172729492
D:\vscode\workspace\recurrencePaper\YOLO-26-2\datasets\tt100k_aug_2160\test\images\79220.jpg,D:\vscode\workspace\recurrencePaper\YOLO-26-2\datasets\tt100k_aug_2160\test\labels\79220.txt,,133.98760986328125,39.41898109470323,1815.1697998046875,33.72737121582031
D:\vscode\workspace\recurrencePaper\YOLO-26-2\datasets\tt100k_aug_2160\test\images\7929.jpg,D:\vscode\workspace\recurrencePaper\YOLO-26-2\datasets\tt100k_aug_2160\test\labels\7929.txt,,147.92225646972656,32.57483892316673,1262.8095703125,53.70235824584961
D:\vscode\workspace\recurrencePaper\YOLO-26-2\datasets\tt100k_aug_2160\test\images\79312.jpg,D:\vscode\workspace\recurrencePaper\YOLO-26-2\datasets\tt100k_aug_2160\test\labels\79312.txt,,149.59785842895508,37.55012882976157,2702.33056640625,47.45240020751953
D:\vscode\workspace\recurrencePaper\YOLO-26-2\datasets\tt100k_aug_2160\test\images\79334.jpg,D:\vscode\workspace\recurrencePaper\YOLO-26-2\datasets\tt100k_aug_2160\test\labels\79334.txt,,110.45164489746094,77.2084256750461,2274.0087890625,52.52714157104492
D:\vscode\workspace\recurrencePaper\YOLO-26-2\datasets\tt100k_aug_2160\test\images\79342.jpg,D:\vscode\workspace\recurrencePaper\YOLO-26-2\datasets\tt100k_aug_2160\test\labels\79342.txt,,98.05540466308594,75.46621128154952,4241.15625,59.24757385253906
D:\vscode\workspace\recurrencePaper\YOLO-26-2\datasets\tt100k_aug_2160\test\images\79368.jpg,D:\vscode\workspace\recurrencePaper\YOLO-26-2\datasets\tt100k_aug_2160\test\labels\79368.txt,,116.89004516601562,49.892027609917015,3511.31689453125,75.25054168701172
D:\vscode\workspace\recurrencePaper\YOLO-26-2\datasets\tt100k_aug_2160\test\images\79414.jpg,D:\vscode\workspace\recurrencePaper\YOLO-26-2\datasets\tt100k_aug_2160\test\labels\79414.txt,,138.84450912475586,53.87229176368545,1832.40966796875,56.44763946533203
D:\vscode\workspace\recurrencePaper\YOLO-26-2\datasets\tt100k_aug_2160\test\images\79569.jpg,D:\vscode\workspace\recurrencePaper\YOLO-26-2\datasets\tt100k_aug_2160\test\labels\79569.txt,,126.79521942138672,48.37208753266845,567.4625244140625,41.00046920776367
D:\vscode\workspace\recurrencePaper\YOLO-26-2\datasets\tt100k_aug_2160\test\images\79579.jpg,D:\vscode\workspace\recurrencePaper\YOLO-26-2\datasets\tt100k_aug_2160\test\labels\79579.txt,,105.66466522216797,60.66513601946439,4476.4560546875,61.01719665527344
D:\vscode\workspace\recurrencePaper\YOLO-26-2\datasets\tt100k_aug_2160\test\images\79610.jpg,D:\vscode\workspace\recurrencePaper\YOLO-26-2\datasets\tt100k_aug_2160\test\labels\79610.txt,,121.24512100219727,67.74284489027472,2705.219970703125,40.2670783996582
D:\vscode\workspace\recurrencePaper\YOLO-26-2\datasets\tt100k_aug_2160\test\images\79643.jpg,D:\vscode\workspace\recurrencePaper\YOLO-26-2\datasets\tt100k_aug_2160\test\labels\79643.txt,,150.92258071899414,66.39967441524085,3043.24755859375,31.432086944580078
D:\vscode\workspace\recurrencePaper\YOLO-26-2\datasets\tt100k_aug_2160\test\images\79688.jpg,D:\vscode\workspace\recurrencePaper\YOLO-26-2\datasets\tt100k_aug_2160\test\labels\79688.txt,,96.82926559448242,62.19096288009574,3645.14892578125,72.15649032592773
D:\vscode\workspace\recurrencePaper\YOLO-26-2\datasets\tt100k_aug_2160\test\images\79694.jpg,D:\vscode\workspace\recurrencePaper\YOLO-26-2\datasets\tt100k_aug_2160\test\labels\79694.txt,,94.85839462280273,42.57066773082438,1874.9443359375,73.10216522216797
D:\vscode\workspace\recurrencePaper\YOLO-26-2\datasets\tt100k_aug_2160\test\images\79861.jpg,D:\vscode\workspace\recurrencePaper\YOLO-26-2\datasets\tt100k_aug_2160\test\labels\79861.txt,,140.3222885131836,56.64206103825701,2220.681640625,51.5906982421875
D:\vscode\workspace\recurrencePaper\YOLO-26-2\datasets\tt100k_aug_2160\test\images\79891.jpg,D:\vscode\workspace\recurrencePaper\YOLO-26-2\datasets\tt100k_aug_2160\test\labels\79891.txt,,137.49765396118164,78.12775020933638,2017.8720703125,37.6627082824707
D:\vscode\workspace\recurrencePaper\YOLO-26-2\datasets\tt100k_aug_2160\test\images\79907.jpg,D:\vscode\workspace\recurrencePaper\YOLO-26-2\datasets\tt100k_aug_2160\test\labels\79907.txt,,160.35636138916016,28.234630315068365,1253.817138671875,54.76641845703125
D:\vscode\workspace\recurrencePaper\YOLO-26-2\datasets\tt100k_aug_2160\test\images\79910.jpg,D:\vscode\workspace\recurrencePaper\YOLO-26-2\datasets\tt100k_aug_2160\test\labels\79910.txt,,138.31348419189453,73.28770857524984,3944.102294921875,85.40134048461914
D:\vscode\workspace\recurrencePaper\YOLO-26-2\datasets\tt100k_aug_2160\test\images\80.jpg,D:\vscode\workspace\recurrencePaper\YOLO-26-2\datasets\tt100k_aug_2160\test\labels\80.txt,,138.6524543762207,38.97038049834926,1356.148193359375,45.19818115234375
D:\vscode\workspace\recurrencePaper\YOLO-26-2\datasets\tt100k_aug_2160\test\images\80020.jpg,D:\vscode\workspace\recurrencePaper\YOLO-26-2\datasets\tt100k_aug_2160\test\labels\80020.txt,,128.85345840454102,52.966768808754495,1877.6014404296875,36.8110237121582
D:\vscode\workspace\recurrencePaper\YOLO-26-2\datasets\tt100k_aug_2160\test\images\80022.jpg,D:\vscode\workspace\recurrencePaper\YOLO-26-2\datasets\tt100k_aug_2160\test\labels\80022.txt,,151.22230911254883,44.57249047609121,3345.3740234375,42.01124954223633
D:\vscode\workspace\recurrencePaper\YOLO-26-2\datasets\tt100k_aug_2160\test\images\80026.jpg,D:\vscode\workspace\recurrencePaper\YOLO-26-2\datasets\tt100k_aug_2160\test\labels\80026.txt,,149.64885711669922,38.70243807353309,1637.9974365234375,39.24900436401367
D:\vscode\workspace\recurrencePaper\YOLO-26-2\datasets\tt100k_aug_2160\test\images\8012.jpg,D:\vscode\workspace\recurrencePaper\YOLO-26-2\datasets\tt100k_aug_2160\test\labels\8012.txt,,145.5750732421875,42.19942099362009,1324.129638671875,35.70459747314453
D:\vscode\workspace\recurrencePaper\YOLO-26-2\datasets\tt100k_aug_2160\test\images\80166.jpg,D:\vscode\workspace\recurrencePaper\YOLO-26-2\datasets\tt100k_aug_2160\test\labels\80166.txt,,123.58431625366211,44.9196264874531,1213.92236328125,68.24801635742188
D:\vscode\workspace\recurrencePaper\YOLO-26-2\datasets\tt100k_aug_2160\test\images\80173.jpg,D:\vscode\workspace\recurrencePaper\YOLO-26-2\datasets\tt100k_aug_2160\test\labels\80173.txt,,126.76763916015625,50.66260954829352,2873.702392578125,46.6712532043457
D:\vscode\workspace\recurrencePaper\YOLO-26-2\datasets\tt100k_aug_2160\test\images\80235.jpg,D:\vscode\workspace\recurrencePaper\YOLO-26-2\datasets\tt100k_aug_2160\test\labels\80235.txt,,144.1103057861328,39.85995297064489,1340.969970703125,42.80079650878906
D:\vscode\workspace\recurrencePaper\YOLO-26-2\datasets\tt100k_aug_2160\test\images\80265.jpg,D:\vscode\workspace\recurrencePaper\YOLO-26-2\datasets\tt100k_aug_2160\test\labels\80265.txt,,145.7842559814453,41.97448438523281,2621.30517578125,32.79254150390625
D:\vscode\workspace\recurrencePaper\YOLO-26-2\datasets\tt100k_aug_2160\test\images\80279.jpg,D:\vscode\workspace\recurrencePaper\YOLO-26-2\datasets\tt100k_aug_2160\test\labels\80279.txt,,167.63637924194336,60.85670714281886,1938.00634765625,19.146846771240234
D:\vscode\workspace\recurrencePaper\YOLO-26-2\datasets\tt100k_aug_2160\test\images\80308.jpg,D:\vscode\workspace\recurrencePaper\YOLO-26-2\datasets\tt100k_aug_2160\test\labels\80308.txt,,130.48004150390625,35.262135226897364,1453.11669921875,70.70644760131836
D:\vscode\workspace\recurrencePaper\YOLO-26-2\datasets\tt100k_aug_2160\test\images\80391.jpg,D:\vscode\workspace\recurrencePaper\YOLO-26-2\datasets\tt100k_aug_2160\test\labels\80391.txt,,102.95819854736328,56.49362146408502,6513.37109375,35.78216552734375
D:\vscode\workspace\recurrencePaper\YOLO-26-2\datasets\tt100k_aug_2160\test\images\80399.jpg,D:\vscode\workspace\recurrencePaper\YOLO-26-2\datasets\tt100k_aug_2160\test\labels\80399.txt,,143.5684928894043,33.45258199138902,1026.4686279296875,43.86214065551758
D:\vscode\workspace\recurrencePaper\YOLO-26-2\datasets\tt100k_aug_2160\test\images\80622.jpg,D:\vscode\workspace\recurrencePaper\YOLO-26-2\datasets\tt100k_aug_2160\test\labels\80622.txt,,145.5832405090332,41.29979551365605,2413.00341796875,40.5853271484375
D:\vscode\workspace\recurrencePaper\YOLO-26-2\datasets\tt100k_aug_2160\test\images\80681.jpg,D:\vscode\workspace\recurrencePaper\YOLO-26-2\datasets\tt100k_aug_2160\test\labels\80681.txt,,135.6252326965332,46.53932925210231,2095.392822265625,45.991722106933594
D:\vscode\workspace\recurrencePaper\YOLO-26-2\datasets\tt100k_aug_2160\test\images\80717.jpg,D:\vscode\workspace\recurrencePaper\YOLO-26-2\datasets\tt100k_aug_2160\test\labels\80717.txt,,126.98113250732422,51.80214237663087,1356.2667236328125,35.69198226928711
D:\vscode\workspace\recurrencePaper\YOLO-26-2\datasets\tt100k_aug_2160\test\images\8076.jpg,D:\vscode\workspace\recurrencePaper\YOLO-26-2\datasets\tt100k_aug_2160\test\labels\8076.txt,,112.87101364135742,57.47449477005639,2716.89111328125,35.24489212036133
D:\vscode\workspace\recurrencePaper\YOLO-26-2\datasets\tt100k_aug_2160\test\images\80766.jpg,D:\vscode\workspace\recurrencePaper\YOLO-26-2\datasets\tt100k_aug_2160\test\labels\80766.txt,,129.18228149414062,46.62383180279116,3228.85205078125,33.18638229370117
D:\vscode\workspace\recurrencePaper\YOLO-26-2\datasets\tt100k_aug_2160\test\images\8082.jpg,D:\vscode\workspace\recurrencePaper\YOLO-26-2\datasets\tt100k_aug_2160\test\labels\8082.txt,,137.0126724243164,57.47605523155666,2206.460693359375,35.93798828125
D:\vscode\workspace\recurrencePaper\YOLO-26-2\datasets\tt100k_aug_2160\test\images\80841.jpg,D:\vscode\workspace\recurrencePaper\YOLO-26-2\datasets\tt100k_aug_2160\test\labels\80841.txt,,132.80376052856445,43.47564988499463,3785.875732421875,45.77792739868164
D:\vscode\workspace\recurrencePaper\YOLO-26-2\datasets\tt100k_aug_2160\test\images\80877.jpg,D:\vscode\workspace\recurrencePaper\YOLO-26-2\datasets\tt100k_aug_2160\test\labels\80877.txt,,144.35614013671875,30.135212081891776,1931.7919921875,46.96668243408203
D:\vscode\workspace\recurrencePaper\YOLO-26-2\datasets\tt100k_aug_2160\test\images\80895.jpg,D:\vscode\workspace\recurrencePaper\YOLO-26-2\datasets\tt100k_aug_2160\test\labels\80895.txt,,135.9072494506836,54.00319269643108,3575.8115234375,62.07483673095703
D:\vscode\workspace\recurrencePaper\YOLO-26-2\datasets\tt100k_aug_2160\test\images\8095.jpg,D:\vscode\workspace\recurrencePaper\YOLO-26-2\datasets\tt100k_aug_2160\test\labels\8095.txt,,144.24259185791016,54.19184390328705,3518.928466796875,37.09422302246094
D:\vscode\workspace\recurrencePaper\YOLO-26-2\datasets\tt100k_aug_2160\test\images\8097.jpg,D:\vscode\workspace\recurrencePaper\YOLO-26-2\datasets\tt100k_aug_2160\test\labels\8097.txt,,127.17925262451172,42.3713023018575,3344.658935546875,62.72868728637695
D:\vscode\workspace\recurrencePaper\YOLO-26-2\datasets\tt100k_aug_2160\test\images\8098.jpg,D:\vscode\workspace\recurrencePaper\YOLO-26-2\datasets\tt100k_aug_2160\test\labels\8098.txt,,126.17366409301758,55.46101099120301,2339.395751953125,27.630332946777344
D:\vscode\workspace\recurrencePaper\YOLO-26-2\datasets\tt100k_aug_2160\test\images\80988.jpg,D:\vscode\workspace\recurrencePaper\YOLO-26-2\datasets\tt100k_aug_2160\test\labels\80988.txt,,144.23052215576172,45.10413186822782,1893.2744140625,38.21449279785156
D:\vscode\workspace\recurrencePaper\YOLO-26-2\datasets\tt100k_aug_2160\test\images\8099.jpg,D:\vscode\workspace\recurrencePaper\YOLO-26-2\datasets\tt100k_aug_2160\test\labels\8099.txt,,85.07258224487305,55.61117642466362,723.73681640625,58.26983642578125
D:\vscode\workspace\recurrencePaper\YOLO-26-2\datasets\tt100k_aug_2160\test\images\80998.jpg,D:\vscode\workspace\recurrencePaper\YOLO-26-2\datasets\tt100k_aug_2160\test\labels\80998.txt,,138.24280548095703,37.866652342745674,1918.891845703125,39.937469482421875
D:\vscode\workspace\recurrencePaper\YOLO-26-2\datasets\tt100k_aug_2160\test\images\8100.jpg,D:\vscode\workspace\recurrencePaper\YOLO-26-2\datasets\tt100k_aug_2160\test\labels\8100.txt,,133.4608383178711,54.04608222412799,2332.825927734375,51.122501373291016
D:\vscode\workspace\recurrencePaper\YOLO-26-2\datasets\tt100k_aug_2160\test\images\81054.jpg,D:\vscode\workspace\recurrencePaper\YOLO-26-2\datasets\tt100k_aug_2160\test\labels\81054.txt,,137.8277244567871,45.94417189804623,1369.026611328125,41.943206787109375
D:\vscode\workspace\recurrencePaper\YOLO-26-2\datasets\tt100k_aug_2160\test\images\81104.jpg,D:\vscode\workspace\recurrencePaper\YOLO-26-2\datasets\tt100k_aug_2160\test\labels\81104.txt,,154.35889434814453,46.99932221682575,3577.460693359375,36.318363189697266
D:\vscode\workspace\recurrencePaper\YOLO-26-2\datasets\tt100k_aug_2160\test\images\81128.jpg,D:\vscode\workspace\recurrencePaper\YOLO-26-2\datasets\tt100k_aug_2160\test\labels\81128.txt,,170.80684280395508,53.062293619008514,2048.91259765625,29.727970123291016
D:\vscode\workspace\recurrencePaper\YOLO-26-2\datasets\tt100k_aug_2160\test\images\81138.jpg,D:\vscode\workspace\recurrencePaper\YOLO-26-2\datasets\tt100k_aug_2160\test\labels\81138.txt,,142.98209762573242,66.32018575566845,2017.855712890625,33.14710998535156
D:\vscode\workspace\recurrencePaper\YOLO-26-2\datasets\tt100k_aug_2160\test\images\81167.jpg,D:\vscode\workspace\recurrencePaper\YOLO-26-2\datasets\tt100k_aug_2160\test\labels\81167.txt,,109.18107986450195,43.9300978575268,2345.6298828125,80.54413986206055
D:\vscode\workspace\recurrencePaper\YOLO-26-2\datasets\tt100k_aug_2160\test\images\81220.jpg,D:\vscode\workspace\recurrencePaper\YOLO-26-2\datasets\tt100k_aug_2160\test\labels\81220.txt,,138.20453643798828,59.666762632464774,1715.1785888671875,40.02405548095703
D:\vscode\workspace\recurrencePaper\YOLO-26-2\datasets\tt100k_aug_2160\test\images\81264.jpg,D:\vscode\workspace\recurrencePaper\YOLO-26-2\datasets\tt100k_aug_2160\test\labels\81264.txt,,135.85017776489258,39.42349389738825,1415.07568359375,33.56354904174805
D:\vscode\workspace\recurrencePaper\YOLO-26-2\datasets\tt100k_aug_2160\test\images\81292.jpg,D:\vscode\workspace\recurrencePaper\YOLO-26-2\datasets\tt100k_aug_2160\test\labels\81292.txt,,130.1820182800293,46.49553051860812,1250.381103515625,59.97483825683594
D:\vscode\workspace\recurrencePaper\YOLO-26-2\datasets\tt100k_aug_2160\test\images\81311.jpg,D:\vscode\workspace\recurrencePaper\YOLO-26-2\datasets\tt100k_aug_2160\test\labels\81311.txt,,136.29723358154297,42.18920145195414,3062.382568359375,45.13030242919922
D:\vscode\workspace\recurrencePaper\YOLO-26-2\datasets\tt100k_aug_2160\test\images\81336.jpg,D:\vscode\workspace\recurrencePaper\YOLO-26-2\datasets\tt100k_aug_2160\test\labels\81336.txt,,119.8481216430664,58.711312761137286,1357.00537109375,30.461933135986328
D:\vscode\workspace\recurrencePaper\YOLO-26-2\datasets\tt100k_aug_2160\test\images\81383.jpg,D:\vscode\workspace\recurrencePaper\YOLO-26-2\datasets\tt100k_aug_2160\test\labels\81383.txt,,155.35863494873047,61.134712408511426,1928.7979736328125,28.18084716796875
D:\vscode\workspace\recurrencePaper\YOLO-26-2\datasets\tt100k_aug_2160\test\images\81417.jpg,D:\vscode\workspace\recurrencePaper\YOLO-26-2\datasets\tt100k_aug_2160\test\labels\81417.txt,,131.44524002075195,56.84579629916943,5663.65576171875,66.67070007324219
D:\vscode\workspace\recurrencePaper\YOLO-26-2\datasets\tt100k_aug_2160\test\images\81523.jpg,D:\vscode\workspace\recurrencePaper\YOLO-26-2\datasets\tt100k_aug_2160\test\labels\81523.txt,,121.90511703491211,39.7636635275703,3404.1787109375,58.692142486572266
D:\vscode\workspace\recurrencePaper\YOLO-26-2\datasets\tt100k_aug_2160\test\images\8153.jpg,D:\vscode\workspace\recurrencePaper\YOLO-26-2\datasets\tt100k_aug_2160\test\labels\8153.txt,,148.77853775024414,29.274361793154323,1634.8668212890625,45.01393127441406
D:\vscode\workspace\recurrencePaper\YOLO-26-2\datasets\tt100k_aug_2160\test\images\81601.jpg,D:\vscode\workspace\recurrencePaper\YOLO-26-2\datasets\tt100k_aug_2160\test\labels\81601.txt,,126.68951034545898,60.28370145981137,867.5570068359375,75.65271759033203
D:\vscode\workspace\recurrencePaper\YOLO-26-2\datasets\tt100k_aug_2160\test\images\81605.jpg,D:\vscode\workspace\recurrencePaper\YOLO-26-2\datasets\tt100k_aug_2160\test\labels\81605.txt,,106.71221542358398,55.09244170104228,2752.062255859375,113.91805267333984
D:\vscode\workspace\recurrencePaper\YOLO-26-2\datasets\tt100k_aug_2160\test\images\81617.jpg,D:\vscode\workspace\recurrencePaper\YOLO-26-2\datasets\tt100k_aug_2160\test\labels\81617.txt,,131.34071731567383,47.30910824072182,4359.7236328125,72.62939834594727
D:\vscode\workspace\recurrencePaper\YOLO-26-2\datasets\tt100k_aug_2160\test\images\8163.jpg,D:\vscode\workspace\recurrencePaper\YOLO-26-2\datasets\tt100k_aug_2160\test\labels\8163.txt,,145.9064598083496,42.69939650263039,2427.314697265625,55.972774505615234
D:\vscode\workspace\recurrencePaper\YOLO-26-2\datasets\tt100k_aug_2160\test\images\81670.jpg,D:\vscode\workspace\recurrencePaper\YOLO-26-2\datasets\tt100k_aug_2160\test\labels\81670.txt,,124.50030517578125,49.778787075712614,1487.65771484375,61.2169303894043
D:\vscode\workspace\recurrencePaper\YOLO-26-2\datasets\tt100k_aug_2160\test\images\81686.jpg,D:\vscode\workspace\recurrencePaper\YOLO-26-2\datasets\tt100k_aug_2160\test\labels\81686.txt,,138.18619537353516,46.92288520139927,3216.698974609375,51.938228607177734
D:\vscode\workspace\recurrencePaper\YOLO-26-2\datasets\tt100k_aug_2160\test\images\81688.jpg,D:\vscode\workspace\recurrencePaper\YOLO-26-2\datasets\tt100k_aug_2160\test\labels\81688.txt,,131.01929092407227,50.993210712598184,4008.59765625,55.40812683105469
D:\vscode\workspace\recurrencePaper\YOLO-26-2\datasets\tt100k_aug_2160\test\images\8169.jpg,D:\vscode\workspace\recurrencePaper\YOLO-26-2\datasets\tt100k_aug_2160\test\labels\8169.txt,,138.95434951782227,44.45825752223769,2124.8916015625,42.07339096069336
D:\vscode\workspace\recurrencePaper\YOLO-26-2\datasets\tt100k_aug_2160\test\images\81726.jpg,D:\vscode\workspace\recurrencePaper\YOLO-26-2\datasets\tt100k_aug_2160\test\labels\81726.txt,,120.04182052612305,63.476696830433944,3276.5546875,42.283485412597656
D:\vscode\workspace\recurrencePaper\YOLO-26-2\datasets\tt100k_aug_2160\test\images\81808.jpg,D:\vscode\workspace\recurrencePaper\YOLO-26-2\datasets\tt100k_aug_2160\test\labels\81808.txt,,133.5667953491211,61.14434104097809,1399.9873046875,38.909820556640625
D:\vscode\workspace\recurrencePaper\YOLO-26-2\datasets\tt100k_aug_2160\test\images\81831.jpg,D:\vscode\workspace\recurrencePaper\YOLO-26-2\datasets\tt100k_aug_2160\test\labels\81831.txt,,151.3499984741211,42.758226802804465,2193.66748046875,35.74299240112305
D:\vscode\workspace\recurrencePaper\YOLO-26-2\datasets\tt100k_aug_2160\test\images\81832.jpg,D:\vscode\workspace\recurrencePaper\YOLO-26-2\datasets\tt100k_aug_2160\test\labels\81832.txt,,138.7471466064453,51.91420835464594,1805.955322265625,59.7374267578125
D:\vscode\workspace\recurrencePaper\YOLO-26-2\datasets\tt100k_aug_2160\test\images\81881.jpg,D:\vscode\workspace\recurrencePaper\YOLO-26-2\datasets\tt100k_aug_2160\test\labels\81881.txt,,142.52713012695312,33.052276418116655,1687.9932861328125,58.72554397583008
D:\vscode\workspace\recurrencePaper\YOLO-26-2\datasets\tt100k_aug_2160\test\images\81888.jpg,D:\vscode\workspace\recurrencePaper\YOLO-26-2\datasets\tt100k_aug_2160\test\labels\81888.txt,,138.9676628112793,38.40301668306401,3111.1767578125,66.14319229125977
D:\vscode\workspace\recurrencePaper\YOLO-26-2\datasets\tt100k_aug_2160\test\images\81948.jpg,D:\vscode\workspace\recurrencePaper\YOLO-26-2\datasets\tt100k_aug_2160\test\labels\81948.txt,,133.6400909423828,39.40347545516551,2742.273681640625,50.65664291381836
D:\vscode\workspace\recurrencePaper\YOLO-26-2\datasets\tt100k_aug_2160\test\images\81963.jpg,D:\vscode\workspace\recurrencePaper\YOLO-26-2\datasets\tt100k_aug_2160\test\labels\81963.txt,,147.86108779907227,41.64028808055294,1887.578857421875,31.471397399902344
D:\vscode\workspace\recurrencePaper\YOLO-26-2\datasets\tt100k_aug_2160\test\images\8198.jpg,D:\vscode\workspace\recurrencePaper\YOLO-26-2\datasets\tt100k_aug_2160\test\labels\8198.txt,,129.90512466430664,44.58763560134232,1682.9578857421875,40.85348129272461
D:\vscode\workspace\recurrencePaper\YOLO-26-2\datasets\tt100k_aug_2160\test\images\82136.jpg,D:\vscode\workspace\recurrencePaper\YOLO-26-2\datasets\tt100k_aug_2160\test\labels\82136.txt,,127.67379760742188,44.836997930748524,2024.89892578125,40.72420120239258
D:\vscode\workspace\recurrencePaper\YOLO-26-2\datasets\tt100k_aug_2160\test\images\82138.jpg,D:\vscode\workspace\recurrencePaper\YOLO-26-2\datasets\tt100k_aug_2160\test\labels\82138.txt,,105.82424926757812,63.167512407605656,7274.92626953125,100.95835494995117
D:\vscode\workspace\recurrencePaper\YOLO-26-2\datasets\tt100k_aug_2160\test\images\8216.jpg,D:\vscode\workspace\recurrencePaper\YOLO-26-2\datasets\tt100k_aug_2160\test\labels\8216.txt,,143.00865173339844,49.816853614307526,1402.7952880859375,20.28978729248047
D:\vscode\workspace\recurrencePaper\YOLO-26-2\datasets\tt100k_aug_2160\test\images\82216.jpg,D:\vscode\workspace\recurrencePaper\YOLO-26-2\datasets\tt100k_aug_2160\test\labels\82216.txt,,166.19669723510742,58.22500941014707,841.107421875,22.926395416259766
D:\vscode\workspace\recurrencePaper\YOLO-26-2\datasets\tt100k_aug_2160\test\images\82220.jpg,D:\vscode\workspace\recurrencePaper\YOLO-26-2\datasets\tt100k_aug_2160\test\labels\82220.txt,,144.85673904418945,41.294638823548745,1263.339111328125,39.48431396484375
D:\vscode\workspace\recurrencePaper\YOLO-26-2\datasets\tt100k_aug_2160\test\images\82229.jpg,D:\vscode\workspace\recurrencePaper\YOLO-26-2\datasets\tt100k_aug_2160\test\labels\82229.txt,,141.85645294189453,43.52012038835726,2706.5927734375,42.959537506103516
D:\vscode\workspace\recurrencePaper\YOLO-26-2\datasets\tt100k_aug_2160\test\images\8223.jpg,D:\vscode\workspace\recurrencePaper\YOLO-26-2\datasets\tt100k_aug_2160\test\labels\8223.txt,,130.61045837402344,46.73847213706684,3426.30615234375,71.27285766601562
D:\vscode\workspace\recurrencePaper\YOLO-26-2\datasets\tt100k_aug_2160\test\images\82246.jpg,D:\vscode\workspace\recurrencePaper\YOLO-26-2\datasets\tt100k_aug_2160\test\labels\82246.txt,,127.49908065795898,46.375107007931476,2093.041015625,60.178592681884766
D:\vscode\workspace\recurrencePaper\YOLO-26-2\datasets\tt100k_aug_2160\test\images\82294.jpg,D:\vscode\workspace\recurrencePaper\YOLO-26-2\datasets\tt100k_aug_2160\test\labels\82294.txt,,109.4775505065918,57.766133746827634,1490.7899169921875,41.44508361816406
D:\vscode\workspace\recurrencePaper\YOLO-26-2\datasets\tt100k_aug_2160\test\images\82390.jpg,D:\vscode\workspace\recurrencePaper\YOLO-26-2\datasets\tt100k_aug_2160\test\labels\82390.txt,,148.19026947021484,40.912575333470365,3916.732421875,45.820613861083984
D:\vscode\workspace\recurrencePaper\YOLO-26-2\datasets\tt100k_aug_2160\test\images\82399.jpg,D:\vscode\workspace\recurrencePaper\YOLO-26-2\datasets\tt100k_aug_2160\test\labels\82399.txt,,78.28857040405273,70.63090356819,1299.8685302734375,52.89399337768555
D:\vscode\workspace\recurrencePaper\YOLO-26-2\datasets\tt100k_aug_2160\test\images\8247.jpg,D:\vscode\workspace\recurrencePaper\YOLO-26-2\datasets\tt100k_aug_2160\test\labels\8247.txt,,145.31612396240234,33.95730304217647,1140.2371826171875,43.019954681396484
D:\vscode\workspace\recurrencePaper\YOLO-26-2\datasets\tt100k_aug_2160\test\images\82482.jpg,D:\vscode\workspace\recurrencePaper\YOLO-26-2\datasets\tt100k_aug_2160\test\labels\82482.txt,,140.31121826171875,39.60558132418436,2842.56884765625,52.2076301574707
D:\vscode\workspace\recurrencePaper\YOLO-26-2\datasets\tt100k_aug_2160\test\images\82503.jpg,D:\vscode\workspace\recurrencePaper\YOLO-26-2\datasets\tt100k_aug_2160\test\labels\82503.txt,,132.9672088623047,45.86115174898827,4033.979248046875,48.853309631347656
D:\vscode\workspace\recurrencePaper\YOLO-26-2\datasets\tt100k_aug_2160\test\images\8261.jpg,D:\vscode\workspace\recurrencePaper\YOLO-26-2\datasets\tt100k_aug_2160\test\labels\8261.txt,,144.29320526123047,42.31924838401055,2555.35205078125,41.613033294677734
D:\vscode\workspace\recurrencePaper\YOLO-26-2\datasets\tt100k_aug_2160\test\images\82618.jpg,D:\vscode\workspace\recurrencePaper\YOLO-26-2\datasets\tt100k_aug_2160\test\labels\82618.txt,,111.85434341430664,55.94229522762345,1538.876220703125,36.0234489440918
D:\vscode\workspace\recurrencePaper\YOLO-26-2\datasets\tt100k_aug_2160\test\images\82619.jpg,D:\vscode\workspace\recurrencePaper\YOLO-26-2\datasets\tt100k_aug_2160\test\labels\82619.txt,,120.22724914550781,61.977259505221156,2969.7109375,36.31053924560547
D:\vscode\workspace\recurrencePaper\YOLO-26-2\datasets\tt100k_aug_2160\test\images\82672.jpg,D:\vscode\workspace\recurrencePaper\YOLO-26-2\datasets\tt100k_aug_2160\test\labels\82672.txt,,146.4785499572754,61.24666269938445,1174.187255859375,28.527774810791016
D:\vscode\workspace\recurrencePaper\YOLO-26-2\datasets\tt100k_aug_2160\test\images\82748.jpg,D:\vscode\workspace\recurrencePaper\YOLO-26-2\datasets\tt100k_aug_2160\test\labels\82748.txt,,116.3233871459961,57.794377279129996,2314.065185546875,33.3155632019043
D:\vscode\workspace\recurrencePaper\YOLO-26-2\datasets\tt100k_aug_2160\test\images\82793.jpg,D:\vscode\workspace\recurrencePaper\YOLO-26-2\datasets\tt100k_aug_2160\test\labels\82793.txt,,126.62715911865234,54.47887869784277,4761.12744140625,58.2541389465332
D:\vscode\workspace\recurrencePaper\YOLO-26-2\datasets\tt100k_aug_2160\test\images\82802.jpg,D:\vscode\workspace\recurrencePaper\YOLO-26-2\datasets\tt100k_aug_2160\test\labels\82802.txt,,143.75891876220703,37.882793576349506,1300.52880859375,93.43596267700195
D:\vscode\workspace\recurrencePaper\YOLO-26-2\datasets\tt100k_aug_2160\test\images\82803.jpg,D:\vscode\workspace\recurrencePaper\YOLO-26-2\datasets\tt100k_aug_2160\test\labels\82803.txt,,130.57334518432617,60.19772393977894,2511.44970703125,52.42082977294922
D:\vscode\workspace\recurrencePaper\YOLO-26-2\datasets\tt100k_aug_2160\test\images\82841.jpg,D:\vscode\workspace\recurrencePaper\YOLO-26-2\datasets\tt100k_aug_2160\test\labels\82841.txt,,130.49506759643555,73.68857361099317,1100.333740234375,19.962574005126953
D:\vscode\workspace\recurrencePaper\YOLO-26-2\datasets\tt100k_aug_2160\test\images\82861.jpg,D:\vscode\workspace\recurrencePaper\YOLO-26-2\datasets\tt100k_aug_2160\test\labels\82861.txt,,115.13190841674805,67.30287190069568,2595.490234375,53.59611892700195
D:\vscode\workspace\recurrencePaper\YOLO-26-2\datasets\tt100k_aug_2160\test\images\82871.jpg,D:\vscode\workspace\recurrencePaper\YOLO-26-2\datasets\tt100k_aug_2160\test\labels\82871.txt,,139.1699562072754,50.47729869296233,4109.67431640625,56.277587890625
D:\vscode\workspace\recurrencePaper\YOLO-26-2\datasets\tt100k_aug_2160\test\images\82908.jpg,D:\vscode\workspace\recurrencePaper\YOLO-26-2\datasets\tt100k_aug_2160\test\labels\82908.txt,,148.95811462402344,58.7588942949257,2153.824462890625,37.31582260131836
D:\vscode\workspace\recurrencePaper\YOLO-26-2\datasets\tt100k_aug_2160\test\images\82925.jpg,D:\vscode\workspace\recurrencePaper\YOLO-26-2\datasets\tt100k_aug_2160\test\labels\82925.txt,,146.54358673095703,37.04545224231322,1134.6854248046875,37.495967864990234
D:\vscode\workspace\recurrencePaper\YOLO-26-2\datasets\tt100k_aug_2160\test\images\82980.jpg,D:\vscode\workspace\recurrencePaper\YOLO-26-2\datasets\tt100k_aug_2160\test\labels\82980.txt,,136.83913803100586,40.90338575212015,3046.39013671875,44.760780334472656
D:\vscode\workspace\recurrencePaper\YOLO-26-2\datasets\tt100k_aug_2160\test\images\83072.jpg,D:\vscode\workspace\recurrencePaper\YOLO-26-2\datasets\tt100k_aug_2160\test\labels\83072.txt,,115.33335876464844,63.54260610083511,6361.21337890625,55.87111282348633
D:\vscode\workspace\recurrencePaper\YOLO-26-2\datasets\tt100k_aug_2160\test\images\83113.jpg,D:\vscode\workspace\recurrencePaper\YOLO-26-2\datasets\tt100k_aug_2160\test\labels\83113.txt,,151.57629776000977,72.47935496989813,2073.48193359375,21.446044921875
D:\vscode\workspace\recurrencePaper\YOLO-26-2\datasets\tt100k_aug_2160\test\images\83194.jpg,D:\vscode\workspace\recurrencePaper\YOLO-26-2\datasets\tt100k_aug_2160\test\labels\83194.txt,,151.8866729736328,49.220741189288155,3798.95654296875,22.125370025634766
D:\vscode\workspace\recurrencePaper\YOLO-26-2\datasets\tt100k_aug_2160\test\images\83211.jpg,D:\vscode\workspace\recurrencePaper\YOLO-26-2\datasets\tt100k_aug_2160\test\labels\83211.txt,,131.48656463623047,59.952524243095304,3419.387939453125,49.05014419555664
D:\vscode\workspace\recurrencePaper\YOLO-26-2\datasets\tt100k_aug_2160\test\images\83259.jpg,D:\vscode\workspace\recurrencePaper\YOLO-26-2\datasets\tt100k_aug_2160\test\labels\83259.txt,,175.91676330566406,38.685837114938785,2105.33349609375,44.916011810302734
D:\vscode\workspace\recurrencePaper\YOLO-26-2\datasets\tt100k_aug_2160\test\images\83300.jpg,D:\vscode\workspace\recurrencePaper\YOLO-26-2\datasets\tt100k_aug_2160\test\labels\83300.txt,,132.0401954650879,73.74497191433537,4872.08203125,43.21097946166992
D:\vscode\workspace\recurrencePaper\YOLO-26-2\datasets\tt100k_aug_2160\test\images\8344.jpg,D:\vscode\workspace\recurrencePaper\YOLO-26-2\datasets\tt100k_aug_2160\test\labels\8344.txt,,147.1405792236328,72.4180474842737,3239.887451171875,32.9407958984375
D:\vscode\workspace\recurrencePaper\YOLO-26-2\datasets\tt100k_aug_2160\test\images\83476.jpg,D:\vscode\workspace\recurrencePaper\YOLO-26-2\datasets\tt100k_aug_2160\test\labels\83476.txt,,167.5838165283203,45.89202076087022,1117.6175537109375,33.049591064453125
D:\vscode\workspace\recurrencePaper\YOLO-26-2\datasets\tt100k_aug_2160\test\images\83504.jpg,D:\vscode\workspace\recurrencePaper\YOLO-26-2\datasets\tt100k_aug_2160\test\labels\83504.txt,,147.3158073425293,29.198230429653385,1434.125,76.48217010498047
D:\vscode\workspace\recurrencePaper\YOLO-26-2\datasets\tt100k_aug_2160\test\images\83597.jpg,D:\vscode\workspace\recurrencePaper\YOLO-26-2\datasets\tt100k_aug_2160\test\labels\83597.txt,,147.21115112304688,81.55068386881139,1441.199951171875,23.234142303466797
D:\vscode\workspace\recurrencePaper\YOLO-26-2\datasets\tt100k_aug_2160\test\images\83718.jpg,D:\vscode\workspace\recurrencePaper\YOLO-26-2\datasets\tt100k_aug_2160\test\labels\83718.txt,,141.46957778930664,52.95438168555136,2712.281005859375,53.60490417480469
D:\vscode\workspace\recurrencePaper\YOLO-26-2\datasets\tt100k_aug_2160\test\images\83777.jpg,D:\vscode\workspace\recurrencePaper\YOLO-26-2\datasets\tt100k_aug_2160\test\labels\83777.txt,,156.11404037475586,66.68730355926142,3175.196044921875,44.79864501953125
D:\vscode\workspace\recurrencePaper\YOLO-26-2\datasets\tt100k_aug_2160\test\images\83828.jpg,D:\vscode\workspace\recurrencePaper\YOLO-26-2\datasets\tt100k_aug_2160\test\labels\83828.txt,,135.21784210205078,41.635388514339105,1710.6075439453125,51.30919647216797
D:\vscode\workspace\recurrencePaper\YOLO-26-2\datasets\tt100k_aug_2160\test\images\83878.jpg,D:\vscode\workspace\recurrencePaper\YOLO-26-2\datasets\tt100k_aug_2160\test\labels\83878.txt,,128.01271057128906,78.53457341047697,2787.45556640625,70.49017715454102
D:\vscode\workspace\recurrencePaper\YOLO-26-2\datasets\tt100k_aug_2160\test\images\84128.jpg,D:\vscode\workspace\recurrencePaper\YOLO-26-2\datasets\tt100k_aug_2160\test\labels\84128.txt,,72.87970733642578,55.56355477536242,10213.998046875,88.82091903686523
D:\vscode\workspace\recurrencePaper\YOLO-26-2\datasets\tt100k_aug_2160\test\images\84164.jpg,D:\vscode\workspace\recurrencePaper\YOLO-26-2\datasets\tt100k_aug_2160\test\labels\84164.txt,,126.1434097290039,63.30343375194842,2106.885009765625,59.285160064697266
D:\vscode\workspace\recurrencePaper\YOLO-26-2\datasets\tt100k_aug_2160\test\images\84180.jpg,D:\vscode\workspace\recurrencePaper\YOLO-26-2\datasets\tt100k_aug_2160\test\labels\84180.txt,,155.9059715270996,35.54784442853981,1050.089111328125,34.826541900634766
D:\vscode\workspace\recurrencePaper\YOLO-26-2\datasets\tt100k_aug_2160\test\images\84181.jpg,D:\vscode\workspace\recurrencePaper\YOLO-26-2\datasets\tt100k_aug_2160\test\labels\84181.txt,,139.08737182617188,52.98626051668415,1623.9156494140625,39.82600021362305
D:\vscode\workspace\recurrencePaper\YOLO-26-2\datasets\tt100k_aug_2160\test\images\84192.jpg,D:\vscode\workspace\recurrencePaper\YOLO-26-2\datasets\tt100k_aug_2160\test\labels\84192.txt,,140.43289184570312,43.79682872532587,1522.7840576171875,44.11958694458008
D:\vscode\workspace\recurrencePaper\YOLO-26-2\datasets\tt100k_aug_2160\test\images\84219.jpg,D:\vscode\workspace\recurrencePaper\YOLO-26-2\datasets\tt100k_aug_2160\test\labels\84219.txt,,122.10343170166016,54.05003897951685,2048.239990234375,59.736534118652344
D:\vscode\workspace\recurrencePaper\YOLO-26-2\datasets\tt100k_aug_2160\test\images\84249.jpg,D:\vscode\workspace\recurrencePaper\YOLO-26-2\datasets\tt100k_aug_2160\test\labels\84249.txt,,127.63912200927734,55.83282641273851,2318.865966796875,35.02362060546875
D:\vscode\workspace\recurrencePaper\YOLO-26-2\datasets\tt100k_aug_2160\test\images\84269.jpg,D:\vscode\workspace\recurrencePaper\YOLO-26-2\datasets\tt100k_aug_2160\test\labels\84269.txt,,133.5392723083496,61.21973452098258,1497.3101806640625,29.858478546142578
D:\vscode\workspace\recurrencePaper\YOLO-26-2\datasets\tt100k_aug_2160\test\images\84346.jpg,D:\vscode\workspace\recurrencePaper\YOLO-26-2\datasets\tt100k_aug_2160\test\labels\84346.txt,,125.44419479370117,57.82733140973507,2081.4423828125,29.820823669433594
D:\vscode\workspace\recurrencePaper\YOLO-26-2\datasets\tt100k_aug_2160\test\images\8436.jpg,D:\vscode\workspace\recurrencePaper\YOLO-26-2\datasets\tt100k_aug_2160\test\labels\8436.txt,,138.76554107666016,48.22137146131315,1354.92822265625,29.976364135742188
D:\vscode\workspace\recurrencePaper\YOLO-26-2\datasets\tt100k_aug_2160\test\images\84360.jpg,D:\vscode\workspace\recurrencePaper\YOLO-26-2\datasets\tt100k_aug_2160\test\labels\84360.txt,,144.3798713684082,73.41407733573764,1866.912841796875,35.22528076171875
D:\vscode\workspace\recurrencePaper\YOLO-26-2\datasets\tt100k_aug_2160\test\images\84391.jpg,D:\vscode\workspace\recurrencePaper\YOLO-26-2\datasets\tt100k_aug_2160\test\labels\84391.txt,,148.84256744384766,33.74905794077336,2318.07666015625,58.23020935058594
D:\vscode\workspace\recurrencePaper\YOLO-26-2\datasets\tt100k_aug_2160\test\images\84494.jpg,D:\vscode\workspace\recurrencePaper\YOLO-26-2\datasets\tt100k_aug_2160\test\labels\84494.txt,,105.99755859375,45.25693127725589,4608.6904296875,74.5307846069336
D:\vscode\workspace\recurrencePaper\YOLO-26-2\datasets\tt100k_aug_2160\test\images\84496.jpg,D:\vscode\workspace\recurrencePaper\YOLO-26-2\datasets\tt100k_aug_2160\test\labels\84496.txt,,165.86465454101562,57.493990839322706,2549.2890625,40.321903228759766
D:\vscode\workspace\recurrencePaper\YOLO-26-2\datasets\tt100k_aug_2160\test\images\84581.jpg,D:\vscode\workspace\recurrencePaper\YOLO-26-2\datasets\tt100k_aug_2160\test\labels\84581.txt,,132.61590194702148,48.15197317258134,2749.457763671875,35.97398376464844
D:\vscode\workspace\recurrencePaper\YOLO-26-2\datasets\tt100k_aug_2160\test\images\84586.jpg,D:\vscode\workspace\recurrencePaper\YOLO-26-2\datasets\tt100k_aug_2160\test\labels\84586.txt,,127.76411056518555,46.06894692780163,2297.0537109375,63.80535888671875
D:\vscode\workspace\recurrencePaper\YOLO-26-2\datasets\tt100k_aug_2160\test\images\84623.jpg,D:\vscode\workspace\recurrencePaper\YOLO-26-2\datasets\tt100k_aug_2160\test\labels\84623.txt,,77.66175842285156,62.63362524504438,7886.1357421875,67.93759536743164
D:\vscode\workspace\recurrencePaper\YOLO-26-2\datasets\tt100k_aug_2160\test\images\8463.jpg,D:\vscode\workspace\recurrencePaper\YOLO-26-2\datasets\tt100k_aug_2160\test\labels\8463.txt,,147.8054428100586,42.43093363704558,1909.572998046875,41.37623977661133
D:\vscode\workspace\recurrencePaper\YOLO-26-2\datasets\tt100k_aug_2160\test\images\84637.jpg,D:\vscode\workspace\recurrencePaper\YOLO-26-2\datasets\tt100k_aug_2160\test\labels\84637.txt,,104.13392639160156,60.87878575742769,1074.808837890625,54.478092193603516
D:\vscode\workspace\recurrencePaper\YOLO-26-2\datasets\tt100k_aug_2160\test\images\84650.jpg,D:\vscode\workspace\recurrencePaper\YOLO-26-2\datasets\tt100k_aug_2160\test\labels\84650.txt,,137.5185890197754,46.548854530070074,1137.306884765625,43.42797088623047
D:\vscode\workspace\recurrencePaper\YOLO-26-2\datasets\tt100k_aug_2160\test\images\84651.jpg,D:\vscode\workspace\recurrencePaper\YOLO-26-2\datasets\tt100k_aug_2160\test\labels\84651.txt,,81.66741180419922,54.385017014843406,1885.361328125,88.21708297729492
D:\vscode\workspace\recurrencePaper\YOLO-26-2\datasets\tt100k_aug_2160\test\images\84673.jpg,D:\vscode\workspace\recurrencePaper\YOLO-26-2\datasets\tt100k_aug_2160\test\labels\84673.txt,,132.29830932617188,52.91739241894323,4573.412109375,46.37803649902344
D:\vscode\workspace\recurrencePaper\YOLO-26-2\datasets\tt100k_aug_2160\test\images\84864.jpg,D:\vscode\workspace\recurrencePaper\YOLO-26-2\datasets\tt100k_aug_2160\test\labels\84864.txt,,140.36255264282227,43.9051598522791,1428.4095458984375,33.29445266723633
D:\vscode\workspace\recurrencePaper\YOLO-26-2\datasets\tt100k_aug_2160\test\images\85130.jpg,D:\vscode\workspace\recurrencePaper\YOLO-26-2\datasets\tt100k_aug_2160\test\labels\85130.txt,,123.94630432128906,63.67716296160297,898.1622924804688,21.99764633178711
D:\vscode\workspace\recurrencePaper\YOLO-26-2\datasets\tt100k_aug_2160\test\images\852.jpg,D:\vscode\workspace\recurrencePaper\YOLO-26-2\datasets\tt100k_aug_2160\test\labels\852.txt,,128.0634765625,49.79031769376289,5520.27978515625,60.59054183959961
D:\vscode\workspace\recurrencePaper\YOLO-26-2\datasets\tt100k_aug_2160\test\images\85213.jpg,D:\vscode\workspace\recurrencePaper\YOLO-26-2\datasets\tt100k_aug_2160\test\labels\85213.txt,,153.74539947509766,40.624661556384275,2765.7412109375,45.31930160522461
D:\vscode\workspace\recurrencePaper\YOLO-26-2\datasets\tt100k_aug_2160\test\images\85216.jpg,D:\vscode\workspace\recurrencePaper\YOLO-26-2\datasets\tt100k_aug_2160\test\labels\85216.txt,,135.5729217529297,49.26263513622594,993.368896484375,44.068153381347656
D:\vscode\workspace\recurrencePaper\YOLO-26-2\datasets\tt100k_aug_2160\test\images\85277.jpg,D:\vscode\workspace\recurrencePaper\YOLO-26-2\datasets\tt100k_aug_2160\test\labels\85277.txt,,138.55587005615234,46.915540969851946,1592.63427734375,42.65319061279297
D:\vscode\workspace\recurrencePaper\YOLO-26-2\datasets\tt100k_aug_2160\test\images\85278.jpg,D:\vscode\workspace\recurrencePaper\YOLO-26-2\datasets\tt100k_aug_2160\test\labels\85278.txt,,141.35136795043945,34.88125941661839,3321.79931640625,66.52351379394531
D:\vscode\workspace\recurrencePaper\YOLO-26-2\datasets\tt100k_aug_2160\test\images\85295.jpg,D:\vscode\workspace\recurrencePaper\YOLO-26-2\datasets\tt100k_aug_2160\test\labels\85295.txt,,150.45099639892578,31.968328090937078,994.99755859375,56.080543518066406
D:\vscode\workspace\recurrencePaper\YOLO-26-2\datasets\tt100k_aug_2160\test\images\85335.jpg,D:\vscode\workspace\recurrencePaper\YOLO-26-2\datasets\tt100k_aug_2160\test\labels\85335.txt,,132.95529174804688,43.17071516267228,1648.93798828125,51.007625579833984
D:\vscode\workspace\recurrencePaper\YOLO-26-2\datasets\tt100k_aug_2160\test\images\85377.jpg,D:\vscode\workspace\recurrencePaper\YOLO-26-2\datasets\tt100k_aug_2160\test\labels\85377.txt,,140.68891143798828,61.92912033251422,969.8580932617188,24.452754974365234
D:\vscode\workspace\recurrencePaper\YOLO-26-2\datasets\tt100k_aug_2160\test\images\85446.jpg,D:\vscode\workspace\recurrencePaper\YOLO-26-2\datasets\tt100k_aug_2160\test\labels\85446.txt,,122.5894775390625,57.95764906761495,2368.965576171875,30.771251678466797
D:\vscode\workspace\recurrencePaper\YOLO-26-2\datasets\tt100k_aug_2160\test\images\85519.jpg,D:\vscode\workspace\recurrencePaper\YOLO-26-2\datasets\tt100k_aug_2160\test\labels\85519.txt,,148.2919578552246,49.89846922663369,2033.6796875,44.302711486816406
D:\vscode\workspace\recurrencePaper\YOLO-26-2\datasets\tt100k_aug_2160\test\images\85636.jpg,D:\vscode\workspace\recurrencePaper\YOLO-26-2\datasets\tt100k_aug_2160\test\labels\85636.txt,,115.02724838256836,45.377999466251204,2767.677490234375,59.121456146240234
D:\vscode\workspace\recurrencePaper\YOLO-26-2\datasets\tt100k_aug_2160\test\images\85665.jpg,D:\vscode\workspace\recurrencePaper\YOLO-26-2\datasets\tt100k_aug_2160\test\labels\85665.txt,,138.7658348083496,61.594167823700815,4727.6572265625,32.720733642578125
D:\vscode\workspace\recurrencePaper\YOLO-26-2\datasets\tt100k_aug_2160\test\images\85671.jpg,D:\vscode\workspace\recurrencePaper\YOLO-26-2\datasets\tt100k_aug_2160\test\labels\85671.txt,,133.62900161743164,41.97859707187389,3672.912841796875,65.84741973876953
D:\vscode\workspace\recurrencePaper\YOLO-26-2\datasets\tt100k_aug_2160\test\images\8570.jpg,D:\vscode\workspace\recurrencePaper\YOLO-26-2\datasets\tt100k_aug_2160\test\labels\8570.txt,,134.21027374267578,43.83130016188618,1328.7147216796875,41.72918701171875
D:\vscode\workspace\recurrencePaper\YOLO-26-2\datasets\tt100k_aug_2160\test\images\85735.jpg,D:\vscode\workspace\recurrencePaper\YOLO-26-2\datasets\tt100k_aug_2160\test\labels\85735.txt,,138.63181686401367,42.900278499929236,2527.446044921875,45.955718994140625
D:\vscode\workspace\recurrencePaper\YOLO-26-2\datasets\tt100k_aug_2160\test\images\85771.jpg,D:\vscode\workspace\recurrencePaper\YOLO-26-2\datasets\tt100k_aug_2160\test\labels\85771.txt,,117.57641220092773,60.03145071945363,3075.97216796875,38.5965576171875
D:\vscode\workspace\recurrencePaper\YOLO-26-2\datasets\tt100k_aug_2160\test\images\85800.jpg,D:\vscode\workspace\recurrencePaper\YOLO-26-2\datasets\tt100k_aug_2160\test\labels\85800.txt,,133.23700332641602,48.8916760737946,2277.794189453125,53.40083694458008
D:\vscode\workspace\recurrencePaper\YOLO-26-2\datasets\tt100k_aug_2160\test\images\85816.jpg,D:\vscode\workspace\recurrencePaper\YOLO-26-2\datasets\tt100k_aug_2160\test\labels\85816.txt,,126.44824981689453,51.63205461888074,1406.50390625,35.43348693847656
D:\vscode\workspace\recurrencePaper\YOLO-26-2\datasets\tt100k_aug_2160\test\images\85865.jpg,D:\vscode\workspace\recurrencePaper\YOLO-26-2\datasets\tt100k_aug_2160\test\labels\85865.txt,,126.31430053710938,49.226927572384675,1534.0455322265625,38.12229537963867
D:\vscode\workspace\recurrencePaper\YOLO-26-2\datasets\tt100k_aug_2160\test\images\85915.jpg,D:\vscode\workspace\recurrencePaper\YOLO-26-2\datasets\tt100k_aug_2160\test\labels\85915.txt,,131.23180389404297,53.562696644107554,1486.8787841796875,61.44648742675781
D:\vscode\workspace\recurrencePaper\YOLO-26-2\datasets\tt100k_aug_2160\test\images\86019.jpg,D:\vscode\workspace\recurrencePaper\YOLO-26-2\datasets\tt100k_aug_2160\test\labels\86019.txt,,136.70110321044922,45.665322417030886,2417.13232421875,44.55253219604492
D:\vscode\workspace\recurrencePaper\YOLO-26-2\datasets\tt100k_aug_2160\test\images\86056.jpg,D:\vscode\workspace\recurrencePaper\YOLO-26-2\datasets\tt100k_aug_2160\test\labels\86056.txt,,160.91738510131836,64.52883301602175,1726.021728515625,18.96916961669922
D:\vscode\workspace\recurrencePaper\YOLO-26-2\datasets\tt100k_aug_2160\test\images\86090.jpg,D:\vscode\workspace\recurrencePaper\YOLO-26-2\datasets\tt100k_aug_2160\test\labels\86090.txt,,139.83316802978516,54.20866365377754,1049.48828125,28.06488800048828
D:\vscode\workspace\recurrencePaper\YOLO-26-2\datasets\tt100k_aug_2160\test\images\86093.jpg,D:\vscode\workspace\recurrencePaper\YOLO-26-2\datasets\tt100k_aug_2160\test\labels\86093.txt,,128.470703125,54.767054196590806,7753.05224609375,51.48966979980469
D:\vscode\workspace\recurrencePaper\YOLO-26-2\datasets\tt100k_aug_2160\test\images\86094.jpg,D:\vscode\workspace\recurrencePaper\YOLO-26-2\datasets\tt100k_aug_2160\test\labels\86094.txt,,119.31122970581055,52.02705188398553,1569.008056640625,58.28186798095703
D:\vscode\workspace\recurrencePaper\YOLO-26-2\datasets\tt100k_aug_2160\test\images\86198.jpg,D:\vscode\workspace\recurrencePaper\YOLO-26-2\datasets\tt100k_aug_2160\test\labels\86198.txt,,147.12422561645508,40.61550630848645,2412.4833984375,36.63048553466797
D:\vscode\workspace\recurrencePaper\YOLO-26-2\datasets\tt100k_aug_2160\test\images\8629.jpg,D:\vscode\workspace\recurrencePaper\YOLO-26-2\datasets\tt100k_aug_2160\test\labels\8629.txt,,154.34277725219727,44.919709359502136,4853.47802734375,34.98728561401367
D:\vscode\workspace\recurrencePaper\YOLO-26-2\datasets\tt100k_aug_2160\test\images\86293.jpg,D:\vscode\workspace\recurrencePaper\YOLO-26-2\datasets\tt100k_aug_2160\test\labels\86293.txt,,131.05881118774414,48.37252282033888,2098.08544921875,44.04616928100586
D:\vscode\workspace\recurrencePaper\YOLO-26-2\datasets\tt100k_aug_2160\test\images\86318.jpg,D:\vscode\workspace\recurrencePaper\YOLO-26-2\datasets\tt100k_aug_2160\test\labels\86318.txt,,87.93130493164062,34.566058450035555,1259.1295166015625,89.16587829589844
D:\vscode\workspace\recurrencePaper\YOLO-26-2\datasets\tt100k_aug_2160\test\images\86340.jpg,D:\vscode\workspace\recurrencePaper\YOLO-26-2\datasets\tt100k_aug_2160\test\labels\86340.txt,,143.73322296142578,46.66091293528313,2955.880126953125,39.531768798828125
D:\vscode\workspace\recurrencePaper\YOLO-26-2\datasets\tt100k_aug_2160\test\images\86345.jpg,D:\vscode\workspace\recurrencePaper\YOLO-26-2\datasets\tt100k_aug_2160\test\labels\86345.txt,,135.9041862487793,46.45464247573716,1695.4886474609375,47.22151565551758
D:\vscode\workspace\recurrencePaper\YOLO-26-2\datasets\tt100k_aug_2160\test\images\86358.jpg,D:\vscode\workspace\recurrencePaper\YOLO-26-2\datasets\tt100k_aug_2160\test\labels\86358.txt,,126.15007781982422,69.47994809146046,1509.19775390625,54.551513671875
D:\vscode\workspace\recurrencePaper\YOLO-26-2\datasets\tt100k_aug_2160\test\images\86375.jpg,D:\vscode\workspace\recurrencePaper\YOLO-26-2\datasets\tt100k_aug_2160\test\labels\86375.txt,,153.51730346679688,40.430352477522824,1741.2412109375,43.93058395385742
D:\vscode\workspace\recurrencePaper\YOLO-26-2\datasets\tt100k_aug_2160\test\images\8641.jpg,D:\vscode\workspace\recurrencePaper\YOLO-26-2\datasets\tt100k_aug_2160\test\labels\8641.txt,,118.27727890014648,60.606225209178184,4475.64404296875,69.6193962097168
D:\vscode\workspace\recurrencePaper\YOLO-26-2\datasets\tt100k_aug_2160\test\images\86416.jpg,D:\vscode\workspace\recurrencePaper\YOLO-26-2\datasets\tt100k_aug_2160\test\labels\86416.txt,,164.8177261352539,63.82589490198708,1122.923095703125,28.443340301513672
D:\vscode\workspace\recurrencePaper\YOLO-26-2\datasets\tt100k_aug_2160\test\images\86417.jpg,D:\vscode\workspace\recurrencePaper\YOLO-26-2\datasets\tt100k_aug_2160\test\labels\86417.txt,,146.03075408935547,43.7572751371492,4516.970703125,49.96220016479492
D:\vscode\workspace\recurrencePaper\YOLO-26-2\datasets\tt100k_aug_2160\test\images\86532.jpg,D:\vscode\workspace\recurrencePaper\YOLO-26-2\datasets\tt100k_aug_2160\test\labels\86532.txt,,139.4317626953125,42.39900519495489,2852.54541015625,42.70098114013672
D:\vscode\workspace\recurrencePaper\YOLO-26-2\datasets\tt100k_aug_2160\test\images\86537.jpg,D:\vscode\workspace\recurrencePaper\YOLO-26-2\datasets\tt100k_aug_2160\test\labels\86537.txt,,166.62385177612305,28.311188650478467,986.85546875,37.747886657714844
D:\vscode\workspace\recurrencePaper\YOLO-26-2\datasets\tt100k_aug_2160\test\images\86563.jpg,D:\vscode\workspace\recurrencePaper\YOLO-26-2\datasets\tt100k_aug_2160\test\labels\86563.txt,,141.65124130249023,57.12787945578593,1530.8919677734375,29.444805145263672
D:\vscode\workspace\recurrencePaper\YOLO-26-2\datasets\tt100k_aug_2160\test\images\86604.jpg,D:\vscode\workspace\recurrencePaper\YOLO-26-2\datasets\tt100k_aug_2160\test\labels\86604.txt,,148.80444717407227,41.431317698212204,3985.45556640625,49.407867431640625
D:\vscode\workspace\recurrencePaper\YOLO-26-2\datasets\tt100k_aug_2160\test\images\86605.jpg,D:\vscode\workspace\recurrencePaper\YOLO-26-2\datasets\tt100k_aug_2160\test\labels\86605.txt,,147.77103805541992,67.72272042120346,1376.96728515625,24.161617279052734
D:\vscode\workspace\recurrencePaper\YOLO-26-2\datasets\tt100k_aug_2160\test\images\8661.jpg,D:\vscode\workspace\recurrencePaper\YOLO-26-2\datasets\tt100k_aug_2160\test\labels\8661.txt,,140.1037368774414,57.778713105989,2425.043701171875,36.50257110595703
D:\vscode\workspace\recurrencePaper\YOLO-26-2\datasets\tt100k_aug_2160\test\images\8666.jpg,D:\vscode\workspace\recurrencePaper\YOLO-26-2\datasets\tt100k_aug_2160\test\labels\8666.txt,,125.40267181396484,45.655725736691856,3290.38720703125,51.37853240966797
D:\vscode\workspace\recurrencePaper\YOLO-26-2\datasets\tt100k_aug_2160\test\images\86665.jpg,D:\vscode\workspace\recurrencePaper\YOLO-26-2\datasets\tt100k_aug_2160\test\labels\86665.txt,,101.98816299438477,56.55611483181486,2274.035888671875,31.06206512451172
D:\vscode\workspace\recurrencePaper\YOLO-26-2\datasets\tt100k_aug_2160\test\images\86709.jpg,D:\vscode\workspace\recurrencePaper\YOLO-26-2\datasets\tt100k_aug_2160\test\labels\86709.txt,,145.81937789916992,60.3541580374612,6796.94775390625,25.743793487548828
D:\vscode\workspace\recurrencePaper\YOLO-26-2\datasets\tt100k_aug_2160\test\images\86732.jpg,D:\vscode\workspace\recurrencePaper\YOLO-26-2\datasets\tt100k_aug_2160\test\labels\86732.txt,,147.61886596679688,34.431275631458625,2189.616455078125,53.105018615722656
D:\vscode\workspace\recurrencePaper\YOLO-26-2\datasets\tt100k_aug_2160\test\images\86867.jpg,D:\vscode\workspace\recurrencePaper\YOLO-26-2\datasets\tt100k_aug_2160\test\labels\86867.txt,,144.4770393371582,41.36760780703441,1578.215576171875,36.66210174560547
D:\vscode\workspace\recurrencePaper\YOLO-26-2\datasets\tt100k_aug_2160\test\images\86875.jpg,D:\vscode\workspace\recurrencePaper\YOLO-26-2\datasets\tt100k_aug_2160\test\labels\86875.txt,,154.90284729003906,63.22089381867978,1270.3602294921875,27.657276153564453
D:\vscode\workspace\recurrencePaper\YOLO-26-2\datasets\tt100k_aug_2160\test\images\86931.jpg,D:\vscode\workspace\recurrencePaper\YOLO-26-2\datasets\tt100k_aug_2160\test\labels\86931.txt,,130.64755630493164,58.13221556062501,2808.06005859375,46.16436004638672
D:\vscode\workspace\recurrencePaper\YOLO-26-2\datasets\tt100k_aug_2160\test\images\86941.jpg,D:\vscode\workspace\recurrencePaper\YOLO-26-2\datasets\tt100k_aug_2160\test\labels\86941.txt,,131.56293487548828,48.26200281386233,3736.539794921875,60.753501892089844
D:\vscode\workspace\recurrencePaper\YOLO-26-2\datasets\tt100k_aug_2160\test\images\86942.jpg,D:\vscode\workspace\recurrencePaper\YOLO-26-2\datasets\tt100k_aug_2160\test\labels\86942.txt,,154.6078338623047,63.15056244372047,2371.511962890625,32.58604431152344
D:\vscode\workspace\recurrencePaper\YOLO-26-2\datasets\tt100k_aug_2160\test\images\86946.jpg,D:\vscode\workspace\recurrencePaper\YOLO-26-2\datasets\tt100k_aug_2160\test\labels\86946.txt,,142.89282608032227,35.38591918372011,2418.835693359375,44.64141845703125
D:\vscode\workspace\recurrencePaper\YOLO-26-2\datasets\tt100k_aug_2160\test\images\8697.jpg,D:\vscode\workspace\recurrencePaper\YOLO-26-2\datasets\tt100k_aug_2160\test\labels\8697.txt,,117.8625259399414,57.60224851715791,5112.04443359375,72.03466796875
D:\vscode\workspace\recurrencePaper\YOLO-26-2\datasets\tt100k_aug_2160\test\images\8700.jpg,D:\vscode\workspace\recurrencePaper\YOLO-26-2\datasets\tt100k_aug_2160\test\labels\8700.txt,,140.2128677368164,52.473891225882085,2006.21240234375,50.62868118286133
D:\vscode\workspace\recurrencePaper\YOLO-26-2\datasets\tt100k_aug_2160\test\images\87012.jpg,D:\vscode\workspace\recurrencePaper\YOLO-26-2\datasets\tt100k_aug_2160\test\labels\87012.txt,,113.98878479003906,61.50761661125071,2466.6044921875,31.160560607910156
D:\vscode\workspace\recurrencePaper\YOLO-26-2\datasets\tt100k_aug_2160\test\images\87015.jpg,D:\vscode\workspace\recurrencePaper\YOLO-26-2\datasets\tt100k_aug_2160\test\labels\87015.txt,,129.90042877197266,42.712716737299715,3651.154052734375,62.2473030090332
D:\vscode\workspace\recurrencePaper\YOLO-26-2\datasets\tt100k_aug_2160\test\images\87068.jpg,D:\vscode\workspace\recurrencePaper\YOLO-26-2\datasets\tt100k_aug_2160\test\labels\87068.txt,,137.5182647705078,57.66048600010475,3562.165771484375,44.02640914916992
D:\vscode\workspace\recurrencePaper\YOLO-26-2\datasets\tt100k_aug_2160\test\images\87072.jpg,D:\vscode\workspace\recurrencePaper\YOLO-26-2\datasets\tt100k_aug_2160\test\labels\87072.txt,,152.15098571777344,41.19685926527402,1919.502197265625,38.16779327392578
D:\vscode\workspace\recurrencePaper\YOLO-26-2\datasets\tt100k_aug_2160\test\images\87075.jpg,D:\vscode\workspace\recurrencePaper\YOLO-26-2\datasets\tt100k_aug_2160\test\labels\87075.txt,,144.61133575439453,51.29319827828936,1672.06103515625,39.14487075805664
D:\vscode\workspace\recurrencePaper\YOLO-26-2\datasets\tt100k_aug_2160\test\images\87110.jpg,D:\vscode\workspace\recurrencePaper\YOLO-26-2\datasets\tt100k_aug_2160\test\labels\87110.txt,,114.71846389770508,57.89146386213251,1535.451171875,36.211204528808594
D:\vscode\workspace\recurrencePaper\YOLO-26-2\datasets\tt100k_aug_2160\test\images\87135.jpg,D:\vscode\workspace\recurrencePaper\YOLO-26-2\datasets\tt100k_aug_2160\test\labels\87135.txt,,157.0735092163086,36.99610877723273,2712.2783203125,50.268943786621094
D:\vscode\workspace\recurrencePaper\YOLO-26-2\datasets\tt100k_aug_2160\test\images\87155.jpg,D:\vscode\workspace\recurrencePaper\YOLO-26-2\datasets\tt100k_aug_2160\test\labels\87155.txt,,165.02207565307617,55.3875292257972,2541.73828125,29.87360382080078
D:\vscode\workspace\recurrencePaper\YOLO-26-2\datasets\tt100k_aug_2160\test\images\87156.jpg,D:\vscode\workspace\recurrencePaper\YOLO-26-2\datasets\tt100k_aug_2160\test\labels\87156.txt,,123.31074142456055,57.9726842260412,5471.30810546875,58.98680114746094
D:\vscode\workspace\recurrencePaper\YOLO-26-2\datasets\tt100k_aug_2160\test\images\87177.jpg,D:\vscode\workspace\recurrencePaper\YOLO-26-2\datasets\tt100k_aug_2160\test\labels\87177.txt,,133.0707778930664,60.88703084531074,2207.085693359375,66.17072296142578
D:\vscode\workspace\recurrencePaper\YOLO-26-2\datasets\tt100k_aug_2160\test\images\87212.jpg,D:\vscode\workspace\recurrencePaper\YOLO-26-2\datasets\tt100k_aug_2160\test\labels\87212.txt,,156.1347885131836,61.52646946220359,2135.682861328125,28.105255126953125
D:\vscode\workspace\recurrencePaper\YOLO-26-2\datasets\tt100k_aug_2160\test\images\87215.jpg,D:\vscode\workspace\recurrencePaper\YOLO-26-2\datasets\tt100k_aug_2160\test\labels\87215.txt,,147.91299438476562,46.45155105776697,1684.56982421875,48.3026008605957
D:\vscode\workspace\recurrencePaper\YOLO-26-2\datasets\tt100k_aug_2160\test\images\87224.jpg,D:\vscode\workspace\recurrencePaper\YOLO-26-2\datasets\tt100k_aug_2160\test\labels\87224.txt,,119.31094360351562,45.44599519738462,1139.0870361328125,58.15207290649414
D:\vscode\workspace\recurrencePaper\YOLO-26-2\datasets\tt100k_aug_2160\test\images\8725.jpg,D:\vscode\workspace\recurrencePaper\YOLO-26-2\datasets\tt100k_aug_2160\test\labels\8725.txt,,122.87513732910156,62.50489009785131,2828.9326171875,66.75959396362305
D:\vscode\workspace\recurrencePaper\YOLO-26-2\datasets\tt100k_aug_2160\test\images\87262.jpg,D:\vscode\workspace\recurrencePaper\YOLO-26-2\datasets\tt100k_aug_2160\test\labels\87262.txt,,129.4807357788086,50.87243198655051,1761.68359375,34.39725875854492
D:\vscode\workspace\recurrencePaper\YOLO-26-2\datasets\tt100k_aug_2160\test\images\87294.jpg,D:\vscode\workspace\recurrencePaper\YOLO-26-2\datasets\tt100k_aug_2160\test\labels\87294.txt,,110.95929718017578,41.453563019874004,2658.364013671875,67.90417098999023
D:\vscode\workspace\recurrencePaper\YOLO-26-2\datasets\tt100k_aug_2160\test\images\873.jpg,D:\vscode\workspace\recurrencePaper\YOLO-26-2\datasets\tt100k_aug_2160\test\labels\873.txt,,125.26950454711914,54.17347068487877,2334.39794921875,26.640174865722656
D:\vscode\workspace\recurrencePaper\YOLO-26-2\datasets\tt100k_aug_2160\test\images\87349.jpg,D:\vscode\workspace\recurrencePaper\YOLO-26-2\datasets\tt100k_aug_2160\test\labels\87349.txt,,133.4950065612793,42.342499885313075,2691.74658203125,57.90217971801758
D:\vscode\workspace\recurrencePaper\YOLO-26-2\datasets\tt100k_aug_2160\test\images\87356.jpg,D:\vscode\workspace\recurrencePaper\YOLO-26-2\datasets\tt100k_aug_2160\test\labels\87356.txt,,135.58071899414062,59.09220696159464,3957.92041015625,58.24002456665039
D:\vscode\workspace\recurrencePaper\YOLO-26-2\datasets\tt100k_aug_2160\test\images\87408.jpg,D:\vscode\workspace\recurrencePaper\YOLO-26-2\datasets\tt100k_aug_2160\test\labels\87408.txt,,142.26675415039062,53.446618460295845,992.6935424804688,24.028907775878906
D:\vscode\workspace\recurrencePaper\YOLO-26-2\datasets\tt100k_aug_2160\test\images\87456.jpg,D:\vscode\workspace\recurrencePaper\YOLO-26-2\datasets\tt100k_aug_2160\test\labels\87456.txt,,150.18005752563477,37.83662530714019,1768.7901611328125,54.7713508605957
D:\vscode\workspace\recurrencePaper\YOLO-26-2\datasets\tt100k_aug_2160\test\images\87461.jpg,D:\vscode\workspace\recurrencePaper\YOLO-26-2\datasets\tt100k_aug_2160\test\labels\87461.txt,,124.63035583496094,59.0057604121145,996.7637329101562,20.533924102783203
D:\vscode\workspace\recurrencePaper\YOLO-26-2\datasets\tt100k_aug_2160\test\images\87517.jpg,D:\vscode\workspace\recurrencePaper\YOLO-26-2\datasets\tt100k_aug_2160\test\labels\87517.txt,,134.38577270507812,51.044642995410435,3932.091796875,45.06917190551758
D:\vscode\workspace\recurrencePaper\YOLO-26-2\datasets\tt100k_aug_2160\test\images\87531.jpg,D:\vscode\workspace\recurrencePaper\YOLO-26-2\datasets\tt100k_aug_2160\test\labels\87531.txt,,138.74464797973633,46.65526696760141,1967.7384033203125,39.62656021118164
D:\vscode\workspace\recurrencePaper\YOLO-26-2\datasets\tt100k_aug_2160\test\images\87629.jpg,D:\vscode\workspace\recurrencePaper\YOLO-26-2\datasets\tt100k_aug_2160\test\labels\87629.txt,,137.89381790161133,34.56603519074797,2186.239013671875,52.20654296875
D:\vscode\workspace\recurrencePaper\YOLO-26-2\datasets\tt100k_aug_2160\test\images\87714.jpg,D:\vscode\workspace\recurrencePaper\YOLO-26-2\datasets\tt100k_aug_2160\test\labels\87714.txt,,120.24696350097656,66.54584115137716,1111.40478515625,24.201438903808594
D:\vscode\workspace\recurrencePaper\YOLO-26-2\datasets\tt100k_aug_2160\test\images\87877.jpg,D:\vscode\workspace\recurrencePaper\YOLO-26-2\datasets\tt100k_aug_2160\test\labels\87877.txt,,130.0508041381836,38.09998055357388,993.912841796875,40.8756103515625
D:\vscode\workspace\recurrencePaper\YOLO-26-2\datasets\tt100k_aug_2160\test\images\87884.jpg,D:\vscode\workspace\recurrencePaper\YOLO-26-2\datasets\tt100k_aug_2160\test\labels\87884.txt,,135.35755157470703,71.1288487763294,1912.996826171875,26.892501831054688
D:\vscode\workspace\recurrencePaper\YOLO-26-2\datasets\tt100k_aug_2160\test\images\8790.jpg,D:\vscode\workspace\recurrencePaper\YOLO-26-2\datasets\tt100k_aug_2160\test\labels\8790.txt,,140.5463104248047,59.316521424178795,8870.4892578125,39.14767074584961
D:\vscode\workspace\recurrencePaper\YOLO-26-2\datasets\tt100k_aug_2160\test\images\87919.jpg,D:\vscode\workspace\recurrencePaper\YOLO-26-2\datasets\tt100k_aug_2160\test\labels\87919.txt,,93.49861145019531,62.34282052996559,1992.5086669921875,54.010345458984375
D:\vscode\workspace\recurrencePaper\YOLO-26-2\datasets\tt100k_aug_2160\test\images\87959.jpg,D:\vscode\workspace\recurrencePaper\YOLO-26-2\datasets\tt100k_aug_2160\test\labels\87959.txt,,137.14015579223633,44.9136502973469,1952.65771484375,42.28117370605469
D:\vscode\workspace\recurrencePaper\YOLO-26-2\datasets\tt100k_aug_2160\test\images\88061.jpg,D:\vscode\workspace\recurrencePaper\YOLO-26-2\datasets\tt100k_aug_2160\test\labels\88061.txt,,131.19833755493164,61.278346974569565,1925.1510009765625,37.50303649902344
D:\vscode\workspace\recurrencePaper\YOLO-26-2\datasets\tt100k_aug_2160\test\images\88113.jpg,D:\vscode\workspace\recurrencePaper\YOLO-26-2\datasets\tt100k_aug_2160\test\labels\88113.txt,,184.26344680786133,39.28761739297611,1215.4456787109375,22.626495361328125
D:\vscode\workspace\recurrencePaper\YOLO-26-2\datasets\tt100k_aug_2160\test\images\88140.jpg,D:\vscode\workspace\recurrencePaper\YOLO-26-2\datasets\tt100k_aug_2160\test\labels\88140.txt,,55.50247573852539,69.11419395688324,834.36767578125,50.20359802246094
D:\vscode\workspace\recurrencePaper\YOLO-26-2\datasets\tt100k_aug_2160\test\images\88184.jpg,D:\vscode\workspace\recurrencePaper\YOLO-26-2\datasets\tt100k_aug_2160\test\labels\88184.txt,,125.95868682861328,46.38834941946099,2092.423583984375,51.643714904785156
D:\vscode\workspace\recurrencePaper\YOLO-26-2\datasets\tt100k_aug_2160\test\images\88211.jpg,D:\vscode\workspace\recurrencePaper\YOLO-26-2\datasets\tt100k_aug_2160\test\labels\88211.txt,,127.43385696411133,44.18631904225647,1728.7581787109375,45.3963623046875
D:\vscode\workspace\recurrencePaper\YOLO-26-2\datasets\tt100k_aug_2160\test\images\88225.jpg,D:\vscode\workspace\recurrencePaper\YOLO-26-2\datasets\tt100k_aug_2160\test\labels\88225.txt,,127.58135986328125,47.1353975257299,1622.2537841796875,41.37753677368164
D:\vscode\workspace\recurrencePaper\YOLO-26-2\datasets\tt100k_aug_2160\test\images\88367.jpg,D:\vscode\workspace\recurrencePaper\YOLO-26-2\datasets\tt100k_aug_2160\test\labels\88367.txt,,148.6405258178711,34.93397492232892,1870.029296875,48.62216567993164
D:\vscode\workspace\recurrencePaper\YOLO-26-2\datasets\tt100k_aug_2160\test\images\8842.jpg,D:\vscode\workspace\recurrencePaper\YOLO-26-2\datasets\tt100k_aug_2160\test\labels\8842.txt,,129.21880340576172,71.73475479359135,3129.1708984375,60.273197174072266
D:\vscode\workspace\recurrencePaper\YOLO-26-2\datasets\tt100k_aug_2160\test\images\88472.jpg,D:\vscode\workspace\recurrencePaper\YOLO-26-2\datasets\tt100k_aug_2160\test\labels\88472.txt,,165.37646102905273,60.20233951187225,2455.592529296875,25.1011962890625
D:\vscode\workspace\recurrencePaper\YOLO-26-2\datasets\tt100k_aug_2160\test\images\88500.jpg,D:\vscode\workspace\recurrencePaper\YOLO-26-2\datasets\tt100k_aug_2160\test\labels\88500.txt,,161.91466522216797,57.30115043260909,1692.463134765625,29.8607177734375
D:\vscode\workspace\recurrencePaper\YOLO-26-2\datasets\tt100k_aug_2160\test\images\88576.jpg,D:\vscode\workspace\recurrencePaper\YOLO-26-2\datasets\tt100k_aug_2160\test\labels\88576.txt,,114.19281768798828,68.3256624414311,4433.306640625,54.85824203491211
D:\vscode\workspace\recurrencePaper\YOLO-26-2\datasets\tt100k_aug_2160\test\images\88663.jpg,D:\vscode\workspace\recurrencePaper\YOLO-26-2\datasets\tt100k_aug_2160\test\labels\88663.txt,,141.23801803588867,44.54079598309736,2276.416259765625,44.697967529296875
D:\vscode\workspace\recurrencePaper\YOLO-26-2\datasets\tt100k_aug_2160\test\images\88690.jpg,D:\vscode\workspace\recurrencePaper\YOLO-26-2\datasets\tt100k_aug_2160\test\labels\88690.txt,,154.65192031860352,36.846483060864685,1526.5533447265625,36.41659164428711
D:\vscode\workspace\recurrencePaper\YOLO-26-2\datasets\tt100k_aug_2160\test\images\88735.jpg,D:\vscode\workspace\recurrencePaper\YOLO-26-2\datasets\tt100k_aug_2160\test\labels\88735.txt,,155.2545394897461,53.649122084787855,2375.0517578125,28.347694396972656
D:\vscode\workspace\recurrencePaper\YOLO-26-2\datasets\tt100k_aug_2160\test\images\88796.jpg,D:\vscode\workspace\recurrencePaper\YOLO-26-2\datasets\tt100k_aug_2160\test\labels\88796.txt,,142.17944717407227,40.69898778352557,1439.3604736328125,52.58140182495117
D:\vscode\workspace\recurrencePaper\YOLO-26-2\datasets\tt100k_aug_2160\test\images\88868.jpg,D:\vscode\workspace\recurrencePaper\YOLO-26-2\datasets\tt100k_aug_2160\test\labels\88868.txt,,139.16746520996094,48.07318402369364,1868.692138671875,58.1844596862793
D:\vscode\workspace\recurrencePaper\YOLO-26-2\datasets\tt100k_aug_2160\test\images\88886.jpg,D:\vscode\workspace\recurrencePaper\YOLO-26-2\datasets\tt100k_aug_2160\test\labels\88886.txt,,122.71730041503906,51.48832154306552,1459.939697265625,34.19815444946289
D:\vscode\workspace\recurrencePaper\YOLO-26-2\datasets\tt100k_aug_2160\test\images\88906.jpg,D:\vscode\workspace\recurrencePaper\YOLO-26-2\datasets\tt100k_aug_2160\test\labels\88906.txt,,141.03314971923828,42.98635026299661,2096.754638671875,42.16253662109375
D:\vscode\workspace\recurrencePaper\YOLO-26-2\datasets\tt100k_aug_2160\test\images\88940.jpg,D:\vscode\workspace\recurrencePaper\YOLO-26-2\datasets\tt100k_aug_2160\test\labels\88940.txt,,157.00090408325195,42.035388060928824,371.8411560058594,27.74469757080078
D:\vscode\workspace\recurrencePaper\YOLO-26-2\datasets\tt100k_aug_2160\test\images\89092.jpg,D:\vscode\workspace\recurrencePaper\YOLO-26-2\datasets\tt100k_aug_2160\test\labels\89092.txt,,142.07262802124023,44.07025425569934,2043.3143310546875,37.73247146606445
D:\vscode\workspace\recurrencePaper\YOLO-26-2\datasets\tt100k_aug_2160\test\images\89137.jpg,D:\vscode\workspace\recurrencePaper\YOLO-26-2\datasets\tt100k_aug_2160\test\labels\89137.txt,,144.55132675170898,39.537911457331944,2788.08349609375,68.86944580078125
D:\vscode\workspace\recurrencePaper\YOLO-26-2\datasets\tt100k_aug_2160\test\images\89199.jpg,D:\vscode\workspace\recurrencePaper\YOLO-26-2\datasets\tt100k_aug_2160\test\labels\89199.txt,,114.15814208984375,75.79366099394825,1443.9798583984375,57.153995513916016
D:\vscode\workspace\recurrencePaper\YOLO-26-2\datasets\tt100k_aug_2160\test\images\89213.jpg,D:\vscode\workspace\recurrencePaper\YOLO-26-2\datasets\tt100k_aug_2160\test\labels\89213.txt,,141.90042877197266,49.365141412800625,3092.3564453125,39.81489944458008
D:\vscode\workspace\recurrencePaper\YOLO-26-2\datasets\tt100k_aug_2160\test\images\89259.jpg,D:\vscode\workspace\recurrencePaper\YOLO-26-2\datasets\tt100k_aug_2160\test\labels\89259.txt,,142.40537643432617,41.91047376870772,2332.3154296875,39.12771224975586
D:\vscode\workspace\recurrencePaper\YOLO-26-2\datasets\tt100k_aug_2160\test\images\89318.jpg,D:\vscode\workspace\recurrencePaper\YOLO-26-2\datasets\tt100k_aug_2160\test\labels\89318.txt,,136.2398452758789,32.224715972674105,1627.78662109375,47.931304931640625
D:\vscode\workspace\recurrencePaper\YOLO-26-2\datasets\tt100k_aug_2160\test\images\89437.jpg,D:\vscode\workspace\recurrencePaper\YOLO-26-2\datasets\tt100k_aug_2160\test\labels\89437.txt,,150.89219284057617,28.432926708120903,900.9669189453125,76.36227798461914
D:\vscode\workspace\recurrencePaper\YOLO-26-2\datasets\tt100k_aug_2160\test\images\89499.jpg,D:\vscode\workspace\recurrencePaper\YOLO-26-2\datasets\tt100k_aug_2160\test\labels\89499.txt,,133.32568740844727,44.963657826678265,3293.015380859375,77.49300003051758
D:\vscode\workspace\recurrencePaper\YOLO-26-2\datasets\tt100k_aug_2160\test\images\89527.jpg,D:\vscode\workspace\recurrencePaper\YOLO-26-2\datasets\tt100k_aug_2160\test\labels\89527.txt,,114.49646759033203,67.9279862363165,1238.7886962890625,33.353126525878906
D:\vscode\workspace\recurrencePaper\YOLO-26-2\datasets\tt100k_aug_2160\test\images\89545.jpg,D:\vscode\workspace\recurrencePaper\YOLO-26-2\datasets\tt100k_aug_2160\test\labels\89545.txt,,142.079833984375,41.889150533797434,1597.23681640625,40.77764129638672
D:\vscode\workspace\recurrencePaper\YOLO-26-2\datasets\tt100k_aug_2160\test\images\89558.jpg,D:\vscode\workspace\recurrencePaper\YOLO-26-2\datasets\tt100k_aug_2160\test\labels\89558.txt,,133.27497100830078,51.6339527537816,5880.65673828125,54.28144836425781
D:\vscode\workspace\recurrencePaper\YOLO-26-2\datasets\tt100k_aug_2160\test\images\89666.jpg,D:\vscode\workspace\recurrencePaper\YOLO-26-2\datasets\tt100k_aug_2160\test\labels\89666.txt,,129.0794448852539,59.54116222870833,3467.613037109375,43.78728103637695
D:\vscode\workspace\recurrencePaper\YOLO-26-2\datasets\tt100k_aug_2160\test\images\89694.jpg,D:\vscode\workspace\recurrencePaper\YOLO-26-2\datasets\tt100k_aug_2160\test\labels\89694.txt,,108.14533615112305,57.62048983644023,3152.090087890625,65.19440841674805
D:\vscode\workspace\recurrencePaper\YOLO-26-2\datasets\tt100k_aug_2160\test\images\89802.jpg,D:\vscode\workspace\recurrencePaper\YOLO-26-2\datasets\tt100k_aug_2160\test\labels\89802.txt,,153.14354705810547,40.04591958833278,1618.3465576171875,45.115257263183594
D:\vscode\workspace\recurrencePaper\YOLO-26-2\datasets\tt100k_aug_2160\test\images\89812.jpg,D:\vscode\workspace\recurrencePaper\YOLO-26-2\datasets\tt100k_aug_2160\test\labels\89812.txt,,139.77992248535156,40.96297007454386,1882.05419921875,39.599937438964844
D:\vscode\workspace\recurrencePaper\YOLO-26-2\datasets\tt100k_aug_2160\test\images\89860.jpg,D:\vscode\workspace\recurrencePaper\YOLO-26-2\datasets\tt100k_aug_2160\test\labels\89860.txt,,131.2812614440918,49.12982648333432,2897.6142578125,36.76800537109375
D:\vscode\workspace\recurrencePaper\YOLO-26-2\datasets\tt100k_aug_2160\test\images\89862.jpg,D:\vscode\workspace\recurrencePaper\YOLO-26-2\datasets\tt100k_aug_2160\test\labels\89862.txt,,143.30966186523438,40.833651047052385,2411.11328125,40.39701843261719
D:\vscode\workspace\recurrencePaper\YOLO-26-2\datasets\tt100k_aug_2160\test\images\89932.jpg,D:\vscode\workspace\recurrencePaper\YOLO-26-2\datasets\tt100k_aug_2160\test\labels\89932.txt,,153.53765106201172,66.9428691227039,3261.626220703125,28.996917724609375
D:\vscode\workspace\recurrencePaper\YOLO-26-2\datasets\tt100k_aug_2160\test\images\89948.jpg,D:\vscode\workspace\recurrencePaper\YOLO-26-2\datasets\tt100k_aug_2160\test\labels\89948.txt,,126.66631698608398,55.191951610901576,2692.396484375,60.747703552246094
D:\vscode\workspace\recurrencePaper\YOLO-26-2\datasets\tt100k_aug_2160\test\images\89950.jpg,D:\vscode\workspace\recurrencePaper\YOLO-26-2\datasets\tt100k_aug_2160\test\labels\89950.txt,,128.5118637084961,54.2156392321718,2125.3662109375,32.443511962890625
D:\vscode\workspace\recurrencePaper\YOLO-26-2\datasets\tt100k_aug_2160\test\images\90013.jpg,D:\vscode\workspace\recurrencePaper\YOLO-26-2\datasets\tt100k_aug_2160\test\labels\90013.txt,,143.4628143310547,41.93116985428124,1764.341552734375,35.48750686645508
D:\vscode\workspace\recurrencePaper\YOLO-26-2\datasets\tt100k_aug_2160\test\images\90028.jpg,D:\vscode\workspace\recurrencePaper\YOLO-26-2\datasets\tt100k_aug_2160\test\labels\90028.txt,,129.26232147216797,59.29672263552086,4591.12353515625,56.96672439575195
D:\vscode\workspace\recurrencePaper\YOLO-26-2\datasets\tt100k_aug_2160\test\images\90060.jpg,D:\vscode\workspace\recurrencePaper\YOLO-26-2\datasets\tt100k_aug_2160\test\labels\90060.txt,,123.25966262817383,66.06275880774272,2243.694580078125,64.09311294555664
D:\vscode\workspace\recurrencePaper\YOLO-26-2\datasets\tt100k_aug_2160\test\images\90080.jpg,D:\vscode\workspace\recurrencePaper\YOLO-26-2\datasets\tt100k_aug_2160\test\labels\90080.txt,,142.16615295410156,42.79292315515649,3273.41015625,56.219268798828125
D:\vscode\workspace\recurrencePaper\YOLO-26-2\datasets\tt100k_aug_2160\test\images\90101.jpg,D:\vscode\workspace\recurrencePaper\YOLO-26-2\datasets\tt100k_aug_2160\test\labels\90101.txt,,129.93759155273438,40.6712607044306,1314.23486328125,55.950584411621094
D:\vscode\workspace\recurrencePaper\YOLO-26-2\datasets\tt100k_aug_2160\test\images\90111.jpg,D:\vscode\workspace\recurrencePaper\YOLO-26-2\datasets\tt100k_aug_2160\test\labels\90111.txt,,121.88471984863281,53.551503648985125,1394.0478515625,37.32706069946289
D:\vscode\workspace\recurrencePaper\YOLO-26-2\datasets\tt100k_aug_2160\test\images\90126.jpg,D:\vscode\workspace\recurrencePaper\YOLO-26-2\datasets\tt100k_aug_2160\test\labels\90126.txt,,162.12535095214844,53.73732324080757,1634.6142578125,49.474063873291016
D:\vscode\workspace\recurrencePaper\YOLO-26-2\datasets\tt100k_aug_2160\test\images\90230.jpg,D:\vscode\workspace\recurrencePaper\YOLO-26-2\datasets\tt100k_aug_2160\test\labels\90230.txt,,127.98415756225586,55.1321186203132,2935.942626953125,49.33201217651367
D:\vscode\workspace\recurrencePaper\YOLO-26-2\datasets\tt100k_aug_2160\test\images\90231.jpg,D:\vscode\workspace\recurrencePaper\YOLO-26-2\datasets\tt100k_aug_2160\test\labels\90231.txt,,145.4192886352539,74.48665950840467,1954.4127197265625,38.82442092895508
D:\vscode\workspace\recurrencePaper\YOLO-26-2\datasets\tt100k_aug_2160\test\images\90280.jpg,D:\vscode\workspace\recurrencePaper\YOLO-26-2\datasets\tt100k_aug_2160\test\labels\90280.txt,,133.63082885742188,48.20134480185214,3728.72119140625,50.108673095703125
D:\vscode\workspace\recurrencePaper\YOLO-26-2\datasets\tt100k_aug_2160\test\images\90300.jpg,D:\vscode\workspace\recurrencePaper\YOLO-26-2\datasets\tt100k_aug_2160\test\labels\90300.txt,,141.42948150634766,56.68900501125398,1399.6158447265625,44.9840087890625
D:\vscode\workspace\recurrencePaper\YOLO-26-2\datasets\tt100k_aug_2160\test\images\90319.jpg,D:\vscode\workspace\recurrencePaper\YOLO-26-2\datasets\tt100k_aug_2160\test\labels\90319.txt,,133.59653854370117,45.63561708004371,4877.115234375,58.755210876464844
D:\vscode\workspace\recurrencePaper\YOLO-26-2\datasets\tt100k_aug_2160\test\images\90389.jpg,D:\vscode\workspace\recurrencePaper\YOLO-26-2\datasets\tt100k_aug_2160\test\labels\90389.txt,,150.64702606201172,39.10953278502279,2209.587890625,38.44509506225586
D:\vscode\workspace\recurrencePaper\YOLO-26-2\datasets\tt100k_aug_2160\test\images\90411.jpg,D:\vscode\workspace\recurrencePaper\YOLO-26-2\datasets\tt100k_aug_2160\test\labels\90411.txt,,144.2198143005371,62.55825363338068,1685.689208984375,27.38054656982422
D:\vscode\workspace\recurrencePaper\YOLO-26-2\datasets\tt100k_aug_2160\test\images\90424.jpg,D:\vscode\workspace\recurrencePaper\YOLO-26-2\datasets\tt100k_aug_2160\test\labels\90424.txt,,118.1701774597168,70.75554824515724,2567.4287109375,30.624732971191406
D:\vscode\workspace\recurrencePaper\YOLO-26-2\datasets\tt100k_aug_2160\test\images\90426.jpg,D:\vscode\workspace\recurrencePaper\YOLO-26-2\datasets\tt100k_aug_2160\test\labels\90426.txt,,150.62661361694336,45.43372152188758,2141.96435546875,41.69670486450195
D:\vscode\workspace\recurrencePaper\YOLO-26-2\datasets\tt100k_aug_2160\test\images\90439.jpg,D:\vscode\workspace\recurrencePaper\YOLO-26-2\datasets\tt100k_aug_2160\test\labels\90439.txt,,136.72371292114258,56.864806495649866,1606.8160400390625,39.297855377197266
D:\vscode\workspace\recurrencePaper\YOLO-26-2\datasets\tt100k_aug_2160\test\images\90459.jpg,D:\vscode\workspace\recurrencePaper\YOLO-26-2\datasets\tt100k_aug_2160\test\labels\90459.txt,,150.54365921020508,44.62964083778725,3543.905517578125,40.28379440307617
D:\vscode\workspace\recurrencePaper\YOLO-26-2\datasets\tt100k_aug_2160\test\images\90621.jpg,D:\vscode\workspace\recurrencePaper\YOLO-26-2\datasets\tt100k_aug_2160\test\labels\90621.txt,,137.69487762451172,54.01860306917839,2398.690185546875,46.507972717285156
D:\vscode\workspace\recurrencePaper\YOLO-26-2\datasets\tt100k_aug_2160\test\images\90670.jpg,D:\vscode\workspace\recurrencePaper\YOLO-26-2\datasets\tt100k_aug_2160\test\labels\90670.txt,,148.70708847045898,43.7042005230287,2401.45947265625,35.103851318359375
D:\vscode\workspace\recurrencePaper\YOLO-26-2\datasets\tt100k_aug_2160\test\images\90723.jpg,D:\vscode\workspace\recurrencePaper\YOLO-26-2\datasets\tt100k_aug_2160\test\labels\90723.txt,,141.63689041137695,47.43441129889867,4914.1201171875,59.78833770751953
D:\vscode\workspace\recurrencePaper\YOLO-26-2\datasets\tt100k_aug_2160\test\images\90754.jpg,D:\vscode\workspace\recurrencePaper\YOLO-26-2\datasets\tt100k_aug_2160\test\labels\90754.txt,,91.8830680847168,59.24079922364272,1409.1070556640625,68.10697174072266
D:\vscode\workspace\recurrencePaper\YOLO-26-2\datasets\tt100k_aug_2160\test\images\90889.jpg,D:\vscode\workspace\recurrencePaper\YOLO-26-2\datasets\tt100k_aug_2160\test\labels\90889.txt,,137.87527465820312,74.32731215098258,5104.82275390625,34.56346893310547
D:\vscode\workspace\recurrencePaper\YOLO-26-2\datasets\tt100k_aug_2160\test\images\90971.jpg,D:\vscode\workspace\recurrencePaper\YOLO-26-2\datasets\tt100k_aug_2160\test\labels\90971.txt,,139.2732276916504,44.19202159604671,1381.7706298828125,46.765602111816406
D:\vscode\workspace\recurrencePaper\YOLO-26-2\datasets\tt100k_aug_2160\test\images\91.jpg,D:\vscode\workspace\recurrencePaper\YOLO-26-2\datasets\tt100k_aug_2160\test\labels\91.txt,,128.8136215209961,54.19939625253426,2845.345703125,51.031524658203125
D:\vscode\workspace\recurrencePaper\YOLO-26-2\datasets\tt100k_aug_2160\test\images\91019.jpg,D:\vscode\workspace\recurrencePaper\YOLO-26-2\datasets\tt100k_aug_2160\test\labels\91019.txt,,126.25355529785156,48.42743581993819,2312.903564453125,67.66018295288086
D:\vscode\workspace\recurrencePaper\YOLO-26-2\datasets\tt100k_aug_2160\test\images\91045.jpg,D:\vscode\workspace\recurrencePaper\YOLO-26-2\datasets\tt100k_aug_2160\test\labels\91045.txt,,140.91035079956055,47.23607111914124,2289.992919921875,41.006649017333984
D:\vscode\workspace\recurrencePaper\YOLO-26-2\datasets\tt100k_aug_2160\test\images\91081.jpg,D:\vscode\workspace\recurrencePaper\YOLO-26-2\datasets\tt100k_aug_2160\test\labels\91081.txt,,130.22666931152344,46.24010816663368,2809.60205078125,64.66721725463867
D:\vscode\workspace\recurrencePaper\YOLO-26-2\datasets\tt100k_aug_2160\test\images\91161.jpg,D:\vscode\workspace\recurrencePaper\YOLO-26-2\datasets\tt100k_aug_2160\test\labels\91161.txt,,119.35037231445312,78.6556016959064,2989.858154296875,68.43138122558594
D:\vscode\workspace\recurrencePaper\YOLO-26-2\datasets\tt100k_aug_2160\test\images\91214.jpg,D:\vscode\workspace\recurrencePaper\YOLO-26-2\datasets\tt100k_aug_2160\test\labels\91214.txt,,159.24773406982422,32.400335091991316,1645.0823974609375,46.19940185546875
D:\vscode\workspace\recurrencePaper\YOLO-26-2\datasets\tt100k_aug_2160\test\images\91215.jpg,D:\vscode\workspace\recurrencePaper\YOLO-26-2\datasets\tt100k_aug_2160\test\labels\91215.txt,,159.3724479675293,66.10421146482821,4623.98583984375,29.028324127197266
D:\vscode\workspace\recurrencePaper\YOLO-26-2\datasets\tt100k_aug_2160\test\images\91227.jpg,D:\vscode\workspace\recurrencePaper\YOLO-26-2\datasets\tt100k_aug_2160\test\labels\91227.txt,,142.9188117980957,56.16535016051154,7729.1171875,38.645755767822266
D:\vscode\workspace\recurrencePaper\YOLO-26-2\datasets\tt100k_aug_2160\test\images\91321.jpg,D:\vscode\workspace\recurrencePaper\YOLO-26-2\datasets\tt100k_aug_2160\test\labels\91321.txt,,136.00490188598633,44.11020041335593,2955.808837890625,51.62080764770508
D:\vscode\workspace\recurrencePaper\YOLO-26-2\datasets\tt100k_aug_2160\test\images\91365.jpg,D:\vscode\workspace\recurrencePaper\YOLO-26-2\datasets\tt100k_aug_2160\test\labels\91365.txt,,157.42693328857422,47.0040466709323,1531.490234375,44.0736198425293
D:\vscode\workspace\recurrencePaper\YOLO-26-2\datasets\tt100k_aug_2160\test\images\91426.jpg,D:\vscode\workspace\recurrencePaper\YOLO-26-2\datasets\tt100k_aug_2160\test\labels\91426.txt,,107.76704406738281,64.43113509368514,9348.3125,67.5277328491211
D:\vscode\workspace\recurrencePaper\YOLO-26-2\datasets\tt100k_aug_2160\test\images\91515.jpg,D:\vscode\workspace\recurrencePaper\YOLO-26-2\datasets\tt100k_aug_2160\test\labels\91515.txt,,154.3100929260254,52.44679317420973,1763.316650390625,22.597213745117188
D:\vscode\workspace\recurrencePaper\YOLO-26-2\datasets\tt100k_aug_2160\test\images\91516.jpg,D:\vscode\workspace\recurrencePaper\YOLO-26-2\datasets\tt100k_aug_2160\test\labels\91516.txt,,125.03852462768555,57.35187611191912,890.9651489257812,37.70764923095703
D:\vscode\workspace\recurrencePaper\YOLO-26-2\datasets\tt100k_aug_2160\test\images\91531.jpg,D:\vscode\workspace\recurrencePaper\YOLO-26-2\datasets\tt100k_aug_2160\test\labels\91531.txt,,146.53752899169922,38.80177524033962,2524.0380859375,48.305763244628906
D:\vscode\workspace\recurrencePaper\YOLO-26-2\datasets\tt100k_aug_2160\test\images\91569.jpg,D:\vscode\workspace\recurrencePaper\YOLO-26-2\datasets\tt100k_aug_2160\test\labels\91569.txt,,145.8288803100586,39.24443597477207,2711.008056640625,41.58137893676758
D:\vscode\workspace\recurrencePaper\YOLO-26-2\datasets\tt100k_aug_2160\test\images\91612.jpg,D:\vscode\workspace\recurrencePaper\YOLO-26-2\datasets\tt100k_aug_2160\test\labels\91612.txt,,121.01032638549805,62.5713387127716,1689.218505859375,59.55892562866211
D:\vscode\workspace\recurrencePaper\YOLO-26-2\datasets\tt100k_aug_2160\test\images\91620.jpg,D:\vscode\workspace\recurrencePaper\YOLO-26-2\datasets\tt100k_aug_2160\test\labels\91620.txt,,98.91780853271484,80.7870143252527,1491.8961181640625,43.013572692871094
D:\vscode\workspace\recurrencePaper\YOLO-26-2\datasets\tt100k_aug_2160\test\images\91711.jpg,D:\vscode\workspace\recurrencePaper\YOLO-26-2\datasets\tt100k_aug_2160\test\labels\91711.txt,,96.86643981933594,79.2413723889201,1838.9493408203125,73.81684112548828
D:\vscode\workspace\recurrencePaper\YOLO-26-2\datasets\tt100k_aug_2160\test\images\91713.jpg,D:\vscode\workspace\recurrencePaper\YOLO-26-2\datasets\tt100k_aug_2160\test\labels\91713.txt,,127.49484634399414,48.1727180038434,1420.8173828125,41.594696044921875
D:\vscode\workspace\recurrencePaper\YOLO-26-2\datasets\tt100k_aug_2160\test\images\91731.jpg,D:\vscode\workspace\recurrencePaper\YOLO-26-2\datasets\tt100k_aug_2160\test\labels\91731.txt,,130.04349517822266,44.57840106151967,2520.95068359375,38.28166961669922
D:\vscode\workspace\recurrencePaper\YOLO-26-2\datasets\tt100k_aug_2160\test\images\91756.jpg,D:\vscode\workspace\recurrencePaper\YOLO-26-2\datasets\tt100k_aug_2160\test\labels\91756.txt,,155.64517211914062,38.06405718293501,1753.3941650390625,31.151081085205078
D:\vscode\workspace\recurrencePaper\YOLO-26-2\datasets\tt100k_aug_2160\test\images\91809.jpg,D:\vscode\workspace\recurrencePaper\YOLO-26-2\datasets\tt100k_aug_2160\test\labels\91809.txt,,124.54230117797852,56.22983080657998,1805.98681640625,40.5349006652832
D:\vscode\workspace\recurrencePaper\YOLO-26-2\datasets\tt100k_aug_2160\test\images\91895.jpg,D:\vscode\workspace\recurrencePaper\YOLO-26-2\datasets\tt100k_aug_2160\test\labels\91895.txt,,150.58673095703125,66.70324138231662,1833.089111328125,36.25096893310547
D:\vscode\workspace\recurrencePaper\YOLO-26-2\datasets\tt100k_aug_2160\test\images\92052.jpg,D:\vscode\workspace\recurrencePaper\YOLO-26-2\datasets\tt100k_aug_2160\test\labels\92052.txt,,145.7208366394043,50.412090629434886,1468.5120849609375,32.87772750854492
D:\vscode\workspace\recurrencePaper\YOLO-26-2\datasets\tt100k_aug_2160\test\images\92054.jpg,D:\vscode\workspace\recurrencePaper\YOLO-26-2\datasets\tt100k_aug_2160\test\labels\92054.txt,,140.90718841552734,47.968170814388394,3238.8125,55.13779067993164
D:\vscode\workspace\recurrencePaper\YOLO-26-2\datasets\tt100k_aug_2160\test\images\92083.jpg,D:\vscode\workspace\recurrencePaper\YOLO-26-2\datasets\tt100k_aug_2160\test\labels\92083.txt,,111.13876724243164,69.89947842754066,2103.81396484375,36.09344482421875
D:\vscode\workspace\recurrencePaper\YOLO-26-2\datasets\tt100k_aug_2160\test\images\92113.jpg,D:\vscode\workspace\recurrencePaper\YOLO-26-2\datasets\tt100k_aug_2160\test\labels\92113.txt,,123.63584899902344,47.167967138386636,3061.060302734375,81.21493530273438
D:\vscode\workspace\recurrencePaper\YOLO-26-2\datasets\tt100k_aug_2160\test\images\92271.jpg,D:\vscode\workspace\recurrencePaper\YOLO-26-2\datasets\tt100k_aug_2160\test\labels\92271.txt,,113.24383544921875,39.483263455568476,2383.557861328125,63.05683517456055
D:\vscode\workspace\recurrencePaper\YOLO-26-2\datasets\tt100k_aug_2160\test\images\92289.jpg,D:\vscode\workspace\recurrencePaper\YOLO-26-2\datasets\tt100k_aug_2160\test\labels\92289.txt,,136.4490852355957,45.45267592844666,3078.8671875,40.891334533691406
D:\vscode\workspace\recurrencePaper\YOLO-26-2\datasets\tt100k_aug_2160\test\images\92382.jpg,D:\vscode\workspace\recurrencePaper\YOLO-26-2\datasets\tt100k_aug_2160\test\labels\92382.txt,,137.02962493896484,41.53310957570529,2141.166015625,48.24569320678711
D:\vscode\workspace\recurrencePaper\YOLO-26-2\datasets\tt100k_aug_2160\test\images\92425.jpg,D:\vscode\workspace\recurrencePaper\YOLO-26-2\datasets\tt100k_aug_2160\test\labels\92425.txt,,139.1131248474121,38.01386551529768,1187.609619140625,54.138084411621094
D:\vscode\workspace\recurrencePaper\YOLO-26-2\datasets\tt100k_aug_2160\test\images\92514.jpg,D:\vscode\workspace\recurrencePaper\YOLO-26-2\datasets\tt100k_aug_2160\test\labels\92514.txt,,127.66779327392578,51.90048288422245,2719.001708984375,53.12144088745117
D:\vscode\workspace\recurrencePaper\YOLO-26-2\datasets\tt100k_aug_2160\test\images\92673.jpg,D:\vscode\workspace\recurrencePaper\YOLO-26-2\datasets\tt100k_aug_2160\test\labels\92673.txt,,139.67786026000977,77.05306855725941,2009.102294921875,27.41857147216797
D:\vscode\workspace\recurrencePaper\YOLO-26-2\datasets\tt100k_aug_2160\test\images\9273.jpg,D:\vscode\workspace\recurrencePaper\YOLO-26-2\datasets\tt100k_aug_2160\test\labels\9273.txt,,149.51031112670898,41.66992870105114,1732.1439208984375,30.703121185302734
D:\vscode\workspace\recurrencePaper\YOLO-26-2\datasets\tt100k_aug_2160\test\images\92768.jpg,D:\vscode\workspace\recurrencePaper\YOLO-26-2\datasets\tt100k_aug_2160\test\labels\92768.txt,,135.50335311889648,53.740146214656036,3731.494873046875,53.883609771728516
D:\vscode\workspace\recurrencePaper\YOLO-26-2\datasets\tt100k_aug_2160\test\images\92797.jpg,D:\vscode\workspace\recurrencePaper\YOLO-26-2\datasets\tt100k_aug_2160\test\labels\92797.txt,,134.21825408935547,53.369338682248134,3488.480712890625,49.713165283203125
D:\vscode\workspace\recurrencePaper\YOLO-26-2\datasets\tt100k_aug_2160\test\images\92822.jpg,D:\vscode\workspace\recurrencePaper\YOLO-26-2\datasets\tt100k_aug_2160\test\labels\92822.txt,,148.92278671264648,33.81196636834287,2053.46337890625,47.60884094238281
D:\vscode\workspace\recurrencePaper\YOLO-26-2\datasets\tt100k_aug_2160\test\images\92851.jpg,D:\vscode\workspace\recurrencePaper\YOLO-26-2\datasets\tt100k_aug_2160\test\labels\92851.txt,,119.73405075073242,68.0233778826723,2135.74072265625,57.339134216308594
D:\vscode\workspace\recurrencePaper\YOLO-26-2\datasets\tt100k_aug_2160\test\images\92914.jpg,D:\vscode\workspace\recurrencePaper\YOLO-26-2\datasets\tt100k_aug_2160\test\labels\92914.txt,,138.41319274902344,47.93037668449808,3406.884521484375,65.58640670776367
D:\vscode\workspace\recurrencePaper\YOLO-26-2\datasets\tt100k_aug_2160\test\images\93012.jpg,D:\vscode\workspace\recurrencePaper\YOLO-26-2\datasets\tt100k_aug_2160\test\labels\93012.txt,,120.0614242553711,51.09073417499835,2067.655517578125,65.48313522338867
D:\vscode\workspace\recurrencePaper\YOLO-26-2\datasets\tt100k_aug_2160\test\images\93016.jpg,D:\vscode\workspace\recurrencePaper\YOLO-26-2\datasets\tt100k_aug_2160\test\labels\93016.txt,,132.4237060546875,42.715969801521474,2307.702880859375,59.53510284423828
D:\vscode\workspace\recurrencePaper\YOLO-26-2\datasets\tt100k_aug_2160\test\images\93026.jpg,D:\vscode\workspace\recurrencePaper\YOLO-26-2\datasets\tt100k_aug_2160\test\labels\93026.txt,,95.27732467651367,59.94860373497097,1180.5347900390625,46.53898239135742
D:\vscode\workspace\recurrencePaper\YOLO-26-2\datasets\tt100k_aug_2160\test\images\93132.jpg,D:\vscode\workspace\recurrencePaper\YOLO-26-2\datasets\tt100k_aug_2160\test\labels\93132.txt,,139.3933563232422,52.13043574870481,1530.702392578125,32.41262435913086
D:\vscode\workspace\recurrencePaper\YOLO-26-2\datasets\tt100k_aug_2160\test\images\9331.jpg,D:\vscode\workspace\recurrencePaper\YOLO-26-2\datasets\tt100k_aug_2160\test\labels\9331.txt,,119.46521759033203,58.38565152064025,1669.2947998046875,64.33380508422852
D:\vscode\workspace\recurrencePaper\YOLO-26-2\datasets\tt100k_aug_2160\test\images\93357.jpg,D:\vscode\workspace\recurrencePaper\YOLO-26-2\datasets\tt100k_aug_2160\test\labels\93357.txt,,143.10695266723633,69.05318591437022,1270.7362060546875,33.48114776611328
D:\vscode\workspace\recurrencePaper\YOLO-26-2\datasets\tt100k_aug_2160\test\images\9339.jpg,D:\vscode\workspace\recurrencePaper\YOLO-26-2\datasets\tt100k_aug_2160\test\labels\9339.txt,,136.1180763244629,74.20664843218232,1631.8597412109375,38.9566764831543
D:\vscode\workspace\recurrencePaper\YOLO-26-2\datasets\tt100k_aug_2160\test\images\93420.jpg,D:\vscode\workspace\recurrencePaper\YOLO-26-2\datasets\tt100k_aug_2160\test\labels\93420.txt,,101.36104965209961,59.62127772242006,1082.4921875,57.71642303466797
D:\vscode\workspace\recurrencePaper\YOLO-26-2\datasets\tt100k_aug_2160\test\images\93454.jpg,D:\vscode\workspace\recurrencePaper\YOLO-26-2\datasets\tt100k_aug_2160\test\labels\93454.txt,,137.18409729003906,57.39570943583144,1445.989501953125,15.8511962890625
D:\vscode\workspace\recurrencePaper\YOLO-26-2\datasets\tt100k_aug_2160\test\images\93470.jpg,D:\vscode\workspace\recurrencePaper\YOLO-26-2\datasets\tt100k_aug_2160\test\labels\93470.txt,,142.14899826049805,38.13431629241439,2561.26611328125,48.039920806884766
D:\vscode\workspace\recurrencePaper\YOLO-26-2\datasets\tt100k_aug_2160\test\images\93474.jpg,D:\vscode\workspace\recurrencePaper\YOLO-26-2\datasets\tt100k_aug_2160\test\labels\93474.txt,,135.65341567993164,41.80994657610236,3103.4423828125,45.511131286621094
D:\vscode\workspace\recurrencePaper\YOLO-26-2\datasets\tt100k_aug_2160\test\images\93481.jpg,D:\vscode\workspace\recurrencePaper\YOLO-26-2\datasets\tt100k_aug_2160\test\labels\93481.txt,,139.37287139892578,35.246468837199004,2267.342529296875,55.971317291259766
D:\vscode\workspace\recurrencePaper\YOLO-26-2\datasets\tt100k_aug_2160\test\images\93521.jpg,D:\vscode\workspace\recurrencePaper\YOLO-26-2\datasets\tt100k_aug_2160\test\labels\93521.txt,,139.61389923095703,51.52672295414691,1956.4293212890625,40.32389831542969
D:\vscode\workspace\recurrencePaper\YOLO-26-2\datasets\tt100k_aug_2160\test\images\93522.jpg,D:\vscode\workspace\recurrencePaper\YOLO-26-2\datasets\tt100k_aug_2160\test\labels\93522.txt,,108.04100799560547,65.9958567955724,8487.978515625,78.34605407714844
D:\vscode\workspace\recurrencePaper\YOLO-26-2\datasets\tt100k_aug_2160\test\images\93578.jpg,D:\vscode\workspace\recurrencePaper\YOLO-26-2\datasets\tt100k_aug_2160\test\labels\93578.txt,,121.96328353881836,78.76902157629156,2200.48193359375,37.4351692199707
D:\vscode\workspace\recurrencePaper\YOLO-26-2\datasets\tt100k_aug_2160\test\images\93599.jpg,D:\vscode\workspace\recurrencePaper\YOLO-26-2\datasets\tt100k_aug_2160\test\labels\93599.txt,,150.65176010131836,47.177484827463765,1000.4972534179688,46.44612503051758
D:\vscode\workspace\recurrencePaper\YOLO-26-2\datasets\tt100k_aug_2160\test\images\93629.jpg,D:\vscode\workspace\recurrencePaper\YOLO-26-2\datasets\tt100k_aug_2160\test\labels\93629.txt,,139.27025985717773,44.983509852786725,2081.269287109375,54.46455764770508
D:\vscode\workspace\recurrencePaper\YOLO-26-2\datasets\tt100k_aug_2160\test\images\9368.jpg,D:\vscode\workspace\recurrencePaper\YOLO-26-2\datasets\tt100k_aug_2160\test\labels\9368.txt,,111.270751953125,61.71241527980006,2731.47998046875,71.33508682250977
D:\vscode\workspace\recurrencePaper\YOLO-26-2\datasets\tt100k_aug_2160\test\images\93681.jpg,D:\vscode\workspace\recurrencePaper\YOLO-26-2\datasets\tt100k_aug_2160\test\labels\93681.txt,,164.08890533447266,42.709060428294066,1543.468994140625,32.821929931640625
D:\vscode\workspace\recurrencePaper\YOLO-26-2\datasets\tt100k_aug_2160\test\images\93709.jpg,D:\vscode\workspace\recurrencePaper\YOLO-26-2\datasets\tt100k_aug_2160\test\labels\93709.txt,,122.75369644165039,64.0280454078353,1853.9091796875,68.10493469238281
D:\vscode\workspace\recurrencePaper\YOLO-26-2\datasets\tt100k_aug_2160\test\images\93783.jpg,D:\vscode\workspace\recurrencePaper\YOLO-26-2\datasets\tt100k_aug_2160\test\labels\93783.txt,,134.91408920288086,53.599548780724746,3271.927490234375,57.61640548706055
D:\vscode\workspace\recurrencePaper\YOLO-26-2\datasets\tt100k_aug_2160\test\images\93806.jpg,D:\vscode\workspace\recurrencePaper\YOLO-26-2\datasets\tt100k_aug_2160\test\labels\93806.txt,,113.59334182739258,56.552166040722945,1621.8046875,74.62943267822266
D:\vscode\workspace\recurrencePaper\YOLO-26-2\datasets\tt100k_aug_2160\test\images\93823.jpg,D:\vscode\workspace\recurrencePaper\YOLO-26-2\datasets\tt100k_aug_2160\test\labels\93823.txt,,146.22888946533203,43.23935750104174,910.2117309570312,31.480571746826172
D:\vscode\workspace\recurrencePaper\YOLO-26-2\datasets\tt100k_aug_2160\test\images\93879.jpg,D:\vscode\workspace\recurrencePaper\YOLO-26-2\datasets\tt100k_aug_2160\test\labels\93879.txt,,139.61895370483398,47.99452633907538,2002.5760498046875,38.15740966796875
D:\vscode\workspace\recurrencePaper\YOLO-26-2\datasets\tt100k_aug_2160\test\images\93888.jpg,D:\vscode\workspace\recurrencePaper\YOLO-26-2\datasets\tt100k_aug_2160\test\labels\93888.txt,,156.13420486450195,52.11442731443868,1322.82373046875,28.34009552001953
D:\vscode\workspace\recurrencePaper\YOLO-26-2\datasets\tt100k_aug_2160\test\images\93897.jpg,D:\vscode\workspace\recurrencePaper\YOLO-26-2\datasets\tt100k_aug_2160\test\labels\93897.txt,,125.86851119995117,56.018793587125174,1530.487060546875,48.56792449951172
D:\vscode\workspace\recurrencePaper\YOLO-26-2\datasets\tt100k_aug_2160\test\images\93925.jpg,D:\vscode\workspace\recurrencePaper\YOLO-26-2\datasets\tt100k_aug_2160\test\labels\93925.txt,,130.75001907348633,55.083046914803646,5387.5595703125,44.89777374267578
D:\vscode\workspace\recurrencePaper\YOLO-26-2\datasets\tt100k_aug_2160\test\images\94015.jpg,D:\vscode\workspace\recurrencePaper\YOLO-26-2\datasets\tt100k_aug_2160\test\labels\94015.txt,,146.37127304077148,48.91601831971042,2628.07177734375,51.97756576538086
D:\vscode\workspace\recurrencePaper\YOLO-26-2\datasets\tt100k_aug_2160\test\images\94031.jpg,D:\vscode\workspace\recurrencePaper\YOLO-26-2\datasets\tt100k_aug_2160\test\labels\94031.txt,,94.59408950805664,65.78536846201459,2604.49951171875,47.34749984741211
D:\vscode\workspace\recurrencePaper\YOLO-26-2\datasets\tt100k_aug_2160\test\images\94034.jpg,D:\vscode\workspace\recurrencePaper\YOLO-26-2\datasets\tt100k_aug_2160\test\labels\94034.txt,,130.32465362548828,36.89891616493623,1824.314453125,62.9286003112793
D:\vscode\workspace\recurrencePaper\YOLO-26-2\datasets\tt100k_aug_2160\test\images\94063.jpg,D:\vscode\workspace\recurrencePaper\YOLO-26-2\datasets\tt100k_aug_2160\test\labels\94063.txt,,111.62273406982422,66.59886630682944,2253.16259765625,36.07596969604492
D:\vscode\workspace\recurrencePaper\YOLO-26-2\datasets\tt100k_aug_2160\test\images\94127.jpg,D:\vscode\workspace\recurrencePaper\YOLO-26-2\datasets\tt100k_aug_2160\test\labels\94127.txt,,145.4644012451172,54.685765450743475,885.4391479492188,31.858539581298828
D:\vscode\workspace\recurrencePaper\YOLO-26-2\datasets\tt100k_aug_2160\test\images\94244.jpg,D:\vscode\workspace\recurrencePaper\YOLO-26-2\datasets\tt100k_aug_2160\test\labels\94244.txt,,127.58317565917969,72.33727983745908,3763.244384765625,50.87736129760742
D:\vscode\workspace\recurrencePaper\YOLO-26-2\datasets\tt100k_aug_2160\test\images\94279.jpg,D:\vscode\workspace\recurrencePaper\YOLO-26-2\datasets\tt100k_aug_2160\test\labels\94279.txt,,133.85978317260742,46.568361752617136,1453.5743408203125,35.56834030151367
D:\vscode\workspace\recurrencePaper\YOLO-26-2\datasets\tt100k_aug_2160\test\images\94305.jpg,D:\vscode\workspace\recurrencePaper\YOLO-26-2\datasets\tt100k_aug_2160\test\labels\94305.txt,,136.74892807006836,48.1052145258357,3931.755126953125,58.52210235595703
D:\vscode\workspace\recurrencePaper\YOLO-26-2\datasets\tt100k_aug_2160\test\images\94409.jpg,D:\vscode\workspace\recurrencePaper\YOLO-26-2\datasets\tt100k_aug_2160\test\labels\94409.txt,,128.2609100341797,46.91812862910339,1385.559326171875,48.39409255981445
D:\vscode\workspace\recurrencePaper\YOLO-26-2\datasets\tt100k_aug_2160\test\images\94553.jpg,D:\vscode\workspace\recurrencePaper\YOLO-26-2\datasets\tt100k_aug_2160\test\labels\94553.txt,,135.58082962036133,35.53906750738742,1484.8785400390625,46.75818634033203
D:\vscode\workspace\recurrencePaper\YOLO-26-2\datasets\tt100k_aug_2160\test\images\94559.jpg,D:\vscode\workspace\recurrencePaper\YOLO-26-2\datasets\tt100k_aug_2160\test\labels\94559.txt,,134.77273178100586,57.440035162509744,3028.190673828125,53.9678955078125
D:\vscode\workspace\recurrencePaper\YOLO-26-2\datasets\tt100k_aug_2160\test\images\94603.jpg,D:\vscode\workspace\recurrencePaper\YOLO-26-2\datasets\tt100k_aug_2160\test\labels\94603.txt,,141.3734359741211,35.951289010250036,1597.5223388671875,46.35033416748047
D:\vscode\workspace\recurrencePaper\YOLO-26-2\datasets\tt100k_aug_2160\test\images\94620.jpg,D:\vscode\workspace\recurrencePaper\YOLO-26-2\datasets\tt100k_aug_2160\test\labels\94620.txt,,159.30571365356445,66.20434099013558,2139.902099609375,28.187950134277344
D:\vscode\workspace\recurrencePaper\YOLO-26-2\datasets\tt100k_aug_2160\test\images\94629.jpg,D:\vscode\workspace\recurrencePaper\YOLO-26-2\datasets\tt100k_aug_2160\test\labels\94629.txt,,142.1472396850586,41.94214100032286,1430.3538818359375,37.96505355834961
D:\vscode\workspace\recurrencePaper\YOLO-26-2\datasets\tt100k_aug_2160\test\images\94665.jpg,D:\vscode\workspace\recurrencePaper\YOLO-26-2\datasets\tt100k_aug_2160\test\labels\94665.txt,,114.01510238647461,60.59393116018322,2332.287353515625,34.83121871948242
D:\vscode\workspace\recurrencePaper\YOLO-26-2\datasets\tt100k_aug_2160\test\images\94691.jpg,D:\vscode\workspace\recurrencePaper\YOLO-26-2\datasets\tt100k_aug_2160\test\labels\94691.txt,,153.02780532836914,49.73849255791026,2766.57421875,61.83350372314453
D:\vscode\workspace\recurrencePaper\YOLO-26-2\datasets\tt100k_aug_2160\test\images\94704.jpg,D:\vscode\workspace\recurrencePaper\YOLO-26-2\datasets\tt100k_aug_2160\test\labels\94704.txt,,141.22582244873047,66.60414870123907,1047.9429931640625,30.694660186767578
D:\vscode\workspace\recurrencePaper\YOLO-26-2\datasets\tt100k_aug_2160\test\images\94799.jpg,D:\vscode\workspace\recurrencePaper\YOLO-26-2\datasets\tt100k_aug_2160\test\labels\94799.txt,,139.81230926513672,45.42573922984835,2402.2841796875,37.97175598144531
D:\vscode\workspace\recurrencePaper\YOLO-26-2\datasets\tt100k_aug_2160\test\images\94825.jpg,D:\vscode\workspace\recurrencePaper\YOLO-26-2\datasets\tt100k_aug_2160\test\labels\94825.txt,,89.7154426574707,44.425453171059694,2839.17236328125,47.59603500366211
D:\vscode\workspace\recurrencePaper\YOLO-26-2\datasets\tt100k_aug_2160\test\images\94826.jpg,D:\vscode\workspace\recurrencePaper\YOLO-26-2\datasets\tt100k_aug_2160\test\labels\94826.txt,,139.05646896362305,57.07371041824603,4174.94091796875,31.678855895996094
D:\vscode\workspace\recurrencePaper\YOLO-26-2\datasets\tt100k_aug_2160\test\images\94853.jpg,D:\vscode\workspace\recurrencePaper\YOLO-26-2\datasets\tt100k_aug_2160\test\labels\94853.txt,,152.57921981811523,44.86538086729988,3192.65185546875,34.57976531982422
D:\vscode\workspace\recurrencePaper\YOLO-26-2\datasets\tt100k_aug_2160\test\images\94942.jpg,D:\vscode\workspace\recurrencePaper\YOLO-26-2\datasets\tt100k_aug_2160\test\labels\94942.txt,,137.95230102539062,53.58454366891418,1859.1336669921875,36.2191162109375
D:\vscode\workspace\recurrencePaper\YOLO-26-2\datasets\tt100k_aug_2160\test\images\94990.jpg,D:\vscode\workspace\recurrencePaper\YOLO-26-2\datasets\tt100k_aug_2160\test\labels\94990.txt,,148.06901931762695,51.869929357078895,1793.0125732421875,52.813724517822266
D:\vscode\workspace\recurrencePaper\YOLO-26-2\datasets\tt100k_aug_2160\test\images\95025.jpg,D:\vscode\workspace\recurrencePaper\YOLO-26-2\datasets\tt100k_aug_2160\test\labels\95025.txt,,105.29900360107422,50.296415366568894,1186.61279296875,70.46973037719727
D:\vscode\workspace\recurrencePaper\YOLO-26-2\datasets\tt100k_aug_2160\test\images\95039.jpg,D:\vscode\workspace\recurrencePaper\YOLO-26-2\datasets\tt100k_aug_2160\test\labels\95039.txt,,128.3968849182129,55.60295188176562,2558.140625,50.80005645751953
D:\vscode\workspace\recurrencePaper\YOLO-26-2\datasets\tt100k_aug_2160\test\images\95058.jpg,D:\vscode\workspace\recurrencePaper\YOLO-26-2\datasets\tt100k_aug_2160\test\labels\95058.txt,,105.37655639648438,52.48795984770331,2588.140380859375,33.071720123291016
D:\vscode\workspace\recurrencePaper\YOLO-26-2\datasets\tt100k_aug_2160\test\images\95134.jpg,D:\vscode\workspace\recurrencePaper\YOLO-26-2\datasets\tt100k_aug_2160\test\labels\95134.txt,,156.72180557250977,63.17358097570426,2421.747314453125,27.420276641845703
D:\vscode\workspace\recurrencePaper\YOLO-26-2\datasets\tt100k_aug_2160\test\images\95172.jpg,D:\vscode\workspace\recurrencePaper\YOLO-26-2\datasets\tt100k_aug_2160\test\labels\95172.txt,,147.84613800048828,43.75126228168698,2072.14599609375,40.1331787109375
D:\vscode\workspace\recurrencePaper\YOLO-26-2\datasets\tt100k_aug_2160\test\images\95231.jpg,D:\vscode\workspace\recurrencePaper\YOLO-26-2\datasets\tt100k_aug_2160\test\labels\95231.txt,,114.02892303466797,55.825618785414925,5386.6318359375,55.76108169555664
D:\vscode\workspace\recurrencePaper\YOLO-26-2\datasets\tt100k_aug_2160\test\images\95271.jpg,D:\vscode\workspace\recurrencePaper\YOLO-26-2\datasets\tt100k_aug_2160\test\labels\95271.txt,,145.63238143920898,38.79085478844246,1239.6092529296875,36.474891662597656
D:\vscode\workspace\recurrencePaper\YOLO-26-2\datasets\tt100k_aug_2160\test\images\95446.jpg,D:\vscode\workspace\recurrencePaper\YOLO-26-2\datasets\tt100k_aug_2160\test\labels\95446.txt,,133.0613670349121,67.48353533497992,1158.044921875,68.1117172241211
D:\vscode\workspace\recurrencePaper\YOLO-26-2\datasets\tt100k_aug_2160\test\images\95470.jpg,D:\vscode\workspace\recurrencePaper\YOLO-26-2\datasets\tt100k_aug_2160\test\labels\95470.txt,,152.6150894165039,40.230365288304405,2008.33642578125,31.80200958251953
D:\vscode\workspace\recurrencePaper\YOLO-26-2\datasets\tt100k_aug_2160\test\images\95573.jpg,D:\vscode\workspace\recurrencePaper\YOLO-26-2\datasets\tt100k_aug_2160\test\labels\95573.txt,,136.93215942382812,32.46601531734241,1913.9522705078125,46.77935791015625
D:\vscode\workspace\recurrencePaper\YOLO-26-2\datasets\tt100k_aug_2160\test\images\95574.jpg,D:\vscode\workspace\recurrencePaper\YOLO-26-2\datasets\tt100k_aug_2160\test\labels\95574.txt,,128.30906677246094,46.16401355657928,2756.664306640625,37.162986755371094
D:\vscode\workspace\recurrencePaper\YOLO-26-2\datasets\tt100k_aug_2160\test\images\95588.jpg,D:\vscode\workspace\recurrencePaper\YOLO-26-2\datasets\tt100k_aug_2160\test\labels\95588.txt,,110.68986129760742,59.669811832640704,4681.3203125,65.33831787109375
D:\vscode\workspace\recurrencePaper\YOLO-26-2\datasets\tt100k_aug_2160\test\images\95616.jpg,D:\vscode\workspace\recurrencePaper\YOLO-26-2\datasets\tt100k_aug_2160\test\labels\95616.txt,,146.79109573364258,35.34787946843443,1420.33203125,48.57017135620117
D:\vscode\workspace\recurrencePaper\YOLO-26-2\datasets\tt100k_aug_2160\test\images\95689.jpg,D:\vscode\workspace\recurrencePaper\YOLO-26-2\datasets\tt100k_aug_2160\test\labels\95689.txt,,129.7525634765625,65.66980904515947,1657.32568359375,32.12260055541992
D:\vscode\workspace\recurrencePaper\YOLO-26-2\datasets\tt100k_aug_2160\test\images\9571.jpg,D:\vscode\workspace\recurrencePaper\YOLO-26-2\datasets\tt100k_aug_2160\test\labels\9571.txt,,159.91994857788086,56.06906226021865,1542.623046875,26.682632446289062
D:\vscode\workspace\recurrencePaper\YOLO-26-2\datasets\tt100k_aug_2160\test\images\95714.jpg,D:\vscode\workspace\recurrencePaper\YOLO-26-2\datasets\tt100k_aug_2160\test\labels\95714.txt,,128.3327751159668,48.34299742564556,2370.86376953125,37.586795806884766
D:\vscode\workspace\recurrencePaper\YOLO-26-2\datasets\tt100k_aug_2160\test\images\95764.jpg,D:\vscode\workspace\recurrencePaper\YOLO-26-2\datasets\tt100k_aug_2160\test\labels\95764.txt,,139.92760467529297,39.698813636480516,1413.5699462890625,39.52156448364258
D:\vscode\workspace\recurrencePaper\YOLO-26-2\datasets\tt100k_aug_2160\test\images\9577.jpg,D:\vscode\workspace\recurrencePaper\YOLO-26-2\datasets\tt100k_aug_2160\test\labels\9577.txt,,131.77136993408203,72.38473174623974,4243.73291015625,30.55059051513672
D:\vscode\workspace\recurrencePaper\YOLO-26-2\datasets\tt100k_aug_2160\test\images\95803.jpg,D:\vscode\workspace\recurrencePaper\YOLO-26-2\datasets\tt100k_aug_2160\test\labels\95803.txt,,144.39258193969727,40.000810386785645,1485.68603515625,38.92803192138672
D:\vscode\workspace\recurrencePaper\YOLO-26-2\datasets\tt100k_aug_2160\test\images\95833.jpg,D:\vscode\workspace\recurrencePaper\YOLO-26-2\datasets\tt100k_aug_2160\test\labels\95833.txt,,134.67744064331055,48.88131307619472,2413.36669921875,28.465927124023438
D:\vscode\workspace\recurrencePaper\YOLO-26-2\datasets\tt100k_aug_2160\test\images\95896.jpg,D:\vscode\workspace\recurrencePaper\YOLO-26-2\datasets\tt100k_aug_2160\test\labels\95896.txt,,142.64002990722656,53.63275765393758,1675.0350341796875,32.1566162109375
D:\vscode\workspace\recurrencePaper\YOLO-26-2\datasets\tt100k_aug_2160\test\images\96022.jpg,D:\vscode\workspace\recurrencePaper\YOLO-26-2\datasets\tt100k_aug_2160\test\labels\96022.txt,,143.13227081298828,38.64545043194339,1535.2764892578125,48.02960968017578
D:\vscode\workspace\recurrencePaper\YOLO-26-2\datasets\tt100k_aug_2160\test\images\96080.jpg,D:\vscode\workspace\recurrencePaper\YOLO-26-2\datasets\tt100k_aug_2160\test\labels\96080.txt,,145.2291717529297,35.12662490277978,1968.6077880859375,78.84812545776367
D:\vscode\workspace\recurrencePaper\YOLO-26-2\datasets\tt100k_aug_2160\test\images\96151.jpg,D:\vscode\workspace\recurrencePaper\YOLO-26-2\datasets\tt100k_aug_2160\test\labels\96151.txt,,122.48811340332031,49.55081415985142,2790.41748046875,51.267173767089844
D:\vscode\workspace\recurrencePaper\YOLO-26-2\datasets\tt100k_aug_2160\test\images\96160.jpg,D:\vscode\workspace\recurrencePaper\YOLO-26-2\datasets\tt100k_aug_2160\test\labels\96160.txt,,139.62132263183594,42.856209575205845,1987.2242431640625,47.52567672729492
D:\vscode\workspace\recurrencePaper\YOLO-26-2\datasets\tt100k_aug_2160\test\images\96171.jpg,D:\vscode\workspace\recurrencePaper\YOLO-26-2\datasets\tt100k_aug_2160\test\labels\96171.txt,,119.15691757202148,57.887024989926964,1238.067138671875,54.427669525146484
D:\vscode\workspace\recurrencePaper\YOLO-26-2\datasets\tt100k_aug_2160\test\images\96188.jpg,D:\vscode\workspace\recurrencePaper\YOLO-26-2\datasets\tt100k_aug_2160\test\labels\96188.txt,,119.59032821655273,61.20568350281844,806.9861450195312,47.33631896972656
D:\vscode\workspace\recurrencePaper\YOLO-26-2\datasets\tt100k_aug_2160\test\images\96212.jpg,D:\vscode\workspace\recurrencePaper\YOLO-26-2\datasets\tt100k_aug_2160\test\labels\96212.txt,,150.64905166625977,57.96747170587476,1930.408935546875,31.751663208007812
D:\vscode\workspace\recurrencePaper\YOLO-26-2\datasets\tt100k_aug_2160\test\images\96223.jpg,D:\vscode\workspace\recurrencePaper\YOLO-26-2\datasets\tt100k_aug_2160\test\labels\96223.txt,,175.84758377075195,55.68552304268978,2239.489990234375,23.624340057373047
D:\vscode\workspace\recurrencePaper\YOLO-26-2\datasets\tt100k_aug_2160\test\images\96274.jpg,D:\vscode\workspace\recurrencePaper\YOLO-26-2\datasets\tt100k_aug_2160\test\labels\96274.txt,,145.76222610473633,39.56291163878309,2798.666015625,39.08002853393555
D:\vscode\workspace\recurrencePaper\YOLO-26-2\datasets\tt100k_aug_2160\test\images\96275.jpg,D:\vscode\workspace\recurrencePaper\YOLO-26-2\datasets\tt100k_aug_2160\test\labels\96275.txt,,107.72007369995117,69.72262571301076,2128.08203125,32.29367446899414
D:\vscode\workspace\recurrencePaper\YOLO-26-2\datasets\tt100k_aug_2160\test\images\96295.jpg,D:\vscode\workspace\recurrencePaper\YOLO-26-2\datasets\tt100k_aug_2160\test\labels\96295.txt,,141.27596282958984,47.26294334371089,2083.440673828125,54.93230438232422
D:\vscode\workspace\recurrencePaper\YOLO-26-2\datasets\tt100k_aug_2160\test\images\96303.jpg,D:\vscode\workspace\recurrencePaper\YOLO-26-2\datasets\tt100k_aug_2160\test\labels\96303.txt,,132.3809928894043,48.24587454815205,2966.03515625,51.09055709838867
D:\vscode\workspace\recurrencePaper\YOLO-26-2\datasets\tt100k_aug_2160\test\images\96331.jpg,D:\vscode\workspace\recurrencePaper\YOLO-26-2\datasets\tt100k_aug_2160\test\labels\96331.txt,,137.6525421142578,83.98905660429722,1445.1929931640625,34.973609924316406
D:\vscode\workspace\recurrencePaper\YOLO-26-2\datasets\tt100k_aug_2160\test\images\96437.jpg,D:\vscode\workspace\recurrencePaper\YOLO-26-2\datasets\tt100k_aug_2160\test\labels\96437.txt,,157.32073974609375,61.76419658487465,1850.1614990234375,26.398963928222656
D:\vscode\workspace\recurrencePaper\YOLO-26-2\datasets\tt100k_aug_2160\test\images\96439.jpg,D:\vscode\workspace\recurrencePaper\YOLO-26-2\datasets\tt100k_aug_2160\test\labels\96439.txt,,136.82682037353516,40.57689882543556,5179.5908203125,47.44223403930664
D:\vscode\workspace\recurrencePaper\YOLO-26-2\datasets\tt100k_aug_2160\test\images\96461.jpg,D:\vscode\workspace\recurrencePaper\YOLO-26-2\datasets\tt100k_aug_2160\test\labels\96461.txt,,126.46873474121094,46.70147045646521,1096.6876220703125,39.484519958496094
D:\vscode\workspace\recurrencePaper\YOLO-26-2\datasets\tt100k_aug_2160\test\images\96478.jpg,D:\vscode\workspace\recurrencePaper\YOLO-26-2\datasets\tt100k_aug_2160\test\labels\96478.txt,,160.6194190979004,60.28113949700258,1966.1463623046875,30.929595947265625
D:\vscode\workspace\recurrencePaper\YOLO-26-2\datasets\tt100k_aug_2160\test\images\96587.jpg,D:\vscode\workspace\recurrencePaper\YOLO-26-2\datasets\tt100k_aug_2160\test\labels\96587.txt,,125.70859909057617,54.50792472604701,5597.15966796875,52.202392578125
D:\vscode\workspace\recurrencePaper\YOLO-26-2\datasets\tt100k_aug_2160\test\images\96676.jpg,D:\vscode\workspace\recurrencePaper\YOLO-26-2\datasets\tt100k_aug_2160\test\labels\96676.txt,,126.08869934082031,54.44619655453952,4754.32177734375,70.73432159423828
D:\vscode\workspace\recurrencePaper\YOLO-26-2\datasets\tt100k_aug_2160\test\images\967.jpg,D:\vscode\workspace\recurrencePaper\YOLO-26-2\datasets\tt100k_aug_2160\test\labels\967.txt,,131.32018280029297,50.32668233549898,1833.4244384765625,35.08145523071289
D:\vscode\workspace\recurrencePaper\YOLO-26-2\datasets\tt100k_aug_2160\test\images\96725.jpg,D:\vscode\workspace\recurrencePaper\YOLO-26-2\datasets\tt100k_aug_2160\test\labels\96725.txt,,120.56266403198242,53.73598487771197,1891.8331298828125,55.215187072753906
D:\vscode\workspace\recurrencePaper\YOLO-26-2\datasets\tt100k_aug_2160\test\images\97021.jpg,D:\vscode\workspace\recurrencePaper\YOLO-26-2\datasets\tt100k_aug_2160\test\labels\97021.txt,,126.83436965942383,48.82157719754511,3183.90185546875,52.05790328979492
D:\vscode\workspace\recurrencePaper\YOLO-26-2\datasets\tt100k_aug_2160\test\images\97043.jpg,D:\vscode\workspace\recurrencePaper\YOLO-26-2\datasets\tt100k_aug_2160\test\labels\97043.txt,,78.76082229614258,55.30991766285172,5192.2568359375,70.68309020996094
D:\vscode\workspace\recurrencePaper\YOLO-26-2\datasets\tt100k_aug_2160\test\images\97050.jpg,D:\vscode\workspace\recurrencePaper\YOLO-26-2\datasets\tt100k_aug_2160\test\labels\97050.txt,,120.5355224609375,61.184246634157695,3790.6123046875,49.86464309692383
D:\vscode\workspace\recurrencePaper\YOLO-26-2\datasets\tt100k_aug_2160\test\images\97083.jpg,D:\vscode\workspace\recurrencePaper\YOLO-26-2\datasets\tt100k_aug_2160\test\labels\97083.txt,,115.8410530090332,55.78623674791081,1266.87841796875,51.48223114013672
D:\vscode\workspace\recurrencePaper\YOLO-26-2\datasets\tt100k_aug_2160\test\images\971.jpg,D:\vscode\workspace\recurrencePaper\YOLO-26-2\datasets\tt100k_aug_2160\test\labels\971.txt,,146.49026107788086,44.30502231005102,2327.14697265625,52.71096420288086
D:\vscode\workspace\recurrencePaper\YOLO-26-2\datasets\tt100k_aug_2160\test\images\97107.jpg,D:\vscode\workspace\recurrencePaper\YOLO-26-2\datasets\tt100k_aug_2160\test\labels\97107.txt,,167.95404052734375,58.525602632383965,3036.160888671875,36.322120666503906
D:\vscode\workspace\recurrencePaper\YOLO-26-2\datasets\tt100k_aug_2160\test\images\97188.jpg,D:\vscode\workspace\recurrencePaper\YOLO-26-2\datasets\tt100k_aug_2160\test\labels\97188.txt,,157.77579879760742,32.72047444680053,1622.646240234375,71.91130065917969
D:\vscode\workspace\recurrencePaper\YOLO-26-2\datasets\tt100k_aug_2160\test\images\97255.jpg,D:\vscode\workspace\recurrencePaper\YOLO-26-2\datasets\tt100k_aug_2160\test\labels\97255.txt,,146.1514015197754,46.36060589119923,2918.207763671875,47.66762924194336
D:\vscode\workspace\recurrencePaper\YOLO-26-2\datasets\tt100k_aug_2160\test\images\97323.jpg,D:\vscode\workspace\recurrencePaper\YOLO-26-2\datasets\tt100k_aug_2160\test\labels\97323.txt,,146.1224594116211,51.29724440016652,2624.580322265625,45.309566497802734
D:\vscode\workspace\recurrencePaper\YOLO-26-2\datasets\tt100k_aug_2160\test\images\97336.jpg,D:\vscode\workspace\recurrencePaper\YOLO-26-2\datasets\tt100k_aug_2160\test\labels\97336.txt,,132.44878768920898,53.71238508257834,3486.711669921875,62.67803192138672
D:\vscode\workspace\recurrencePaper\YOLO-26-2\datasets\tt100k_aug_2160\test\images\97431.jpg,D:\vscode\workspace\recurrencePaper\YOLO-26-2\datasets\tt100k_aug_2160\test\labels\97431.txt,,147.02446746826172,47.99499839575499,2690.67236328125,60.8685417175293
D:\vscode\workspace\recurrencePaper\YOLO-26-2\datasets\tt100k_aug_2160\test\images\97459.jpg,D:\vscode\workspace\recurrencePaper\YOLO-26-2\datasets\tt100k_aug_2160\test\labels\97459.txt,,117.98267364501953,91.98282042659069,1566.68896484375,35.882476806640625
D:\vscode\workspace\recurrencePaper\YOLO-26-2\datasets\tt100k_aug_2160\test\images\97462.jpg,D:\vscode\workspace\recurrencePaper\YOLO-26-2\datasets\tt100k_aug_2160\test\labels\97462.txt,,148.37407684326172,44.91045775752495,3237.889892578125,40.34217834472656
D:\vscode\workspace\recurrencePaper\YOLO-26-2\datasets\tt100k_aug_2160\test\images\97620.jpg,D:\vscode\workspace\recurrencePaper\YOLO-26-2\datasets\tt100k_aug_2160\test\labels\97620.txt,,126.36316299438477,41.63277426944679,2370.150390625,62.193397521972656
D:\vscode\workspace\recurrencePaper\YOLO-26-2\datasets\tt100k_aug_2160\test\images\97658.jpg,D:\vscode\workspace\recurrencePaper\YOLO-26-2\datasets\tt100k_aug_2160\test\labels\97658.txt,,101.0440788269043,45.65134652353373,1366.35693359375,68.28406524658203
D:\vscode\workspace\recurrencePaper\YOLO-26-2\datasets\tt100k_aug_2160\test\images\97737.jpg,D:\vscode\workspace\recurrencePaper\YOLO-26-2\datasets\tt100k_aug_2160\test\labels\97737.txt,,131.40081405639648,64.6702073153595,2054.129150390625,38.3554801940918
D:\vscode\workspace\recurrencePaper\YOLO-26-2\datasets\tt100k_aug_2160\test\images\97811.jpg,D:\vscode\workspace\recurrencePaper\YOLO-26-2\datasets\tt100k_aug_2160\test\labels\97811.txt,,111.62097549438477,65.82487238192898,4087.4365234375,54.89603805541992
D:\vscode\workspace\recurrencePaper\YOLO-26-2\datasets\tt100k_aug_2160\test\images\97889.jpg,D:\vscode\workspace\recurrencePaper\YOLO-26-2\datasets\tt100k_aug_2160\test\labels\97889.txt,,92.53345108032227,54.31281833243638,3461.353759765625,65.76312637329102
D:\vscode\workspace\recurrencePaper\YOLO-26-2\datasets\tt100k_aug_2160\test\images\97925.jpg,D:\vscode\workspace\recurrencePaper\YOLO-26-2\datasets\tt100k_aug_2160\test\labels\97925.txt,,126.35807037353516,67.1830552265227,2535.701904296875,22.726734161376953
D:\vscode\workspace\recurrencePaper\YOLO-26-2\datasets\tt100k_aug_2160\test\images\9797.jpg,D:\vscode\workspace\recurrencePaper\YOLO-26-2\datasets\tt100k_aug_2160\test\labels\9797.txt,,130.23602294921875,61.51516402666898,3205.031005859375,26.459911346435547
D:\vscode\workspace\recurrencePaper\YOLO-26-2\datasets\tt100k_aug_2160\test\images\98011.jpg,D:\vscode\workspace\recurrencePaper\YOLO-26-2\datasets\tt100k_aug_2160\test\labels\98011.txt,,96.04888534545898,53.572458649082165,9312.8486328125,100.30582046508789
D:\vscode\workspace\recurrencePaper\YOLO-26-2\datasets\tt100k_aug_2160\test\images\98014.jpg,D:\vscode\workspace\recurrencePaper\YOLO-26-2\datasets\tt100k_aug_2160\test\labels\98014.txt,,120.08773803710938,67.51505366063965,1647.9443359375,50.91745376586914
D:\vscode\workspace\recurrencePaper\YOLO-26-2\datasets\tt100k_aug_2160\test\images\98058.jpg,D:\vscode\workspace\recurrencePaper\YOLO-26-2\datasets\tt100k_aug_2160\test\labels\98058.txt,,142.31638717651367,56.62531979919694,2326.789306640625,38.900367736816406
D:\vscode\workspace\recurrencePaper\YOLO-26-2\datasets\tt100k_aug_2160\test\images\98111.jpg,D:\vscode\workspace\recurrencePaper\YOLO-26-2\datasets\tt100k_aug_2160\test\labels\98111.txt,,114.21135711669922,54.26824396704648,2722.700927734375,62.91749572753906
D:\vscode\workspace\recurrencePaper\YOLO-26-2\datasets\tt100k_aug_2160\test\images\98112.jpg,D:\vscode\workspace\recurrencePaper\YOLO-26-2\datasets\tt100k_aug_2160\test\labels\98112.txt,,134.227294921875,55.91843935561604,3117.4052734375,34.14683532714844
D:\vscode\workspace\recurrencePaper\YOLO-26-2\datasets\tt100k_aug_2160\test\images\98148.jpg,D:\vscode\workspace\recurrencePaper\YOLO-26-2\datasets\tt100k_aug_2160\test\labels\98148.txt,,142.75899505615234,49.75752024298247,4100.2802734375,52.71231460571289
D:\vscode\workspace\recurrencePaper\YOLO-26-2\datasets\tt100k_aug_2160\test\images\98151.jpg,D:\vscode\workspace\recurrencePaper\YOLO-26-2\datasets\tt100k_aug_2160\test\labels\98151.txt,,154.23165130615234,69.53164124776858,1571.898681640625,27.95672607421875
D:\vscode\workspace\recurrencePaper\YOLO-26-2\datasets\tt100k_aug_2160\test\images\98173.jpg,D:\vscode\workspace\recurrencePaper\YOLO-26-2\datasets\tt100k_aug_2160\test\labels\98173.txt,,119.26378631591797,61.38277232806407,733.5872192382812,47.840518951416016
D:\vscode\workspace\recurrencePaper\YOLO-26-2\datasets\tt100k_aug_2160\test\images\98265.jpg,D:\vscode\workspace\recurrencePaper\YOLO-26-2\datasets\tt100k_aug_2160\test\labels\98265.txt,,150.04246520996094,42.65666375273679,4091.36962890625,51.13059997558594
D:\vscode\workspace\recurrencePaper\YOLO-26-2\datasets\tt100k_aug_2160\test\images\9829.jpg,D:\vscode\workspace\recurrencePaper\YOLO-26-2\datasets\tt100k_aug_2160\test\labels\9829.txt,,113.44227981567383,52.16633122297921,3003.990478515625,50.08317565917969
D:\vscode\workspace\recurrencePaper\YOLO-26-2\datasets\tt100k_aug_2160\test\images\98329.jpg,D:\vscode\workspace\recurrencePaper\YOLO-26-2\datasets\tt100k_aug_2160\test\labels\98329.txt,,166.82248306274414,48.47694195912047,1275.0606689453125,39.235408782958984
D:\vscode\workspace\recurrencePaper\YOLO-26-2\datasets\tt100k_aug_2160\test\images\984.jpg,D:\vscode\workspace\recurrencePaper\YOLO-26-2\datasets\tt100k_aug_2160\test\labels\984.txt,,136.09324645996094,48.72804292729663,1654.24609375,43.939334869384766
D:\vscode\workspace\recurrencePaper\YOLO-26-2\datasets\tt100k_aug_2160\test\images\98530.jpg,D:\vscode\workspace\recurrencePaper\YOLO-26-2\datasets\tt100k_aug_2160\test\labels\98530.txt,,118.05214309692383,74.95123669724413,2580.289306640625,29.26403045654297
D:\vscode\workspace\recurrencePaper\YOLO-26-2\datasets\tt100k_aug_2160\test\images\98532.jpg,D:\vscode\workspace\recurrencePaper\YOLO-26-2\datasets\tt100k_aug_2160\test\labels\98532.txt,,142.4810447692871,63.92444704258843,2911.85693359375,38.99346923828125
D:\vscode\workspace\recurrencePaper\YOLO-26-2\datasets\tt100k_aug_2160\test\images\98615.jpg,D:\vscode\workspace\recurrencePaper\YOLO-26-2\datasets\tt100k_aug_2160\test\labels\98615.txt,,131.87136840820312,41.89009812932165,1382.740234375,50.74531936645508
D:\vscode\workspace\recurrencePaper\YOLO-26-2\datasets\tt100k_aug_2160\test\images\98622.jpg,D:\vscode\workspace\recurrencePaper\YOLO-26-2\datasets\tt100k_aug_2160\test\labels\98622.txt,,126.08781433105469,69.62096576924078,1562.5770263671875,24.10674285888672
D:\vscode\workspace\recurrencePaper\YOLO-26-2\datasets\tt100k_aug_2160\test\images\98638.jpg,D:\vscode\workspace\recurrencePaper\YOLO-26-2\datasets\tt100k_aug_2160\test\labels\98638.txt,,162.50637435913086,32.817277911325114,572.6845092773438,44.57366180419922
D:\vscode\workspace\recurrencePaper\YOLO-26-2\datasets\tt100k_aug_2160\test\images\98646.jpg,D:\vscode\workspace\recurrencePaper\YOLO-26-2\datasets\tt100k_aug_2160\test\labels\98646.txt,,143.96607971191406,50.2427071505304,1261.83544921875,27.21480941772461
D:\vscode\workspace\recurrencePaper\YOLO-26-2\datasets\tt100k_aug_2160\test\images\98677.jpg,D:\vscode\workspace\recurrencePaper\YOLO-26-2\datasets\tt100k_aug_2160\test\labels\98677.txt,,123.62113189697266,46.67138449208746,3790.302734375,50.95359420776367
D:\vscode\workspace\recurrencePaper\YOLO-26-2\datasets\tt100k_aug_2160\test\images\98755.jpg,D:\vscode\workspace\recurrencePaper\YOLO-26-2\datasets\tt100k_aug_2160\test\labels\98755.txt,,124.42228317260742,51.751779080648234,1261.3995361328125,31.876140594482422
D:\vscode\workspace\recurrencePaper\YOLO-26-2\datasets\tt100k_aug_2160\test\images\98790.jpg,D:\vscode\workspace\recurrencePaper\YOLO-26-2\datasets\tt100k_aug_2160\test\labels\98790.txt,,154.8410758972168,54.5715421042654,1323.7103271484375,24.837947845458984
D:\vscode\workspace\recurrencePaper\YOLO-26-2\datasets\tt100k_aug_2160\test\images\98791.jpg,D:\vscode\workspace\recurrencePaper\YOLO-26-2\datasets\tt100k_aug_2160\test\labels\98791.txt,,146.52935791015625,57.95013632512365,2283.876220703125,30.71533203125
D:\vscode\workspace\recurrencePaper\YOLO-26-2\datasets\tt100k_aug_2160\test\images\98794.jpg,D:\vscode\workspace\recurrencePaper\YOLO-26-2\datasets\tt100k_aug_2160\test\labels\98794.txt,,151.15542602539062,45.3327499422149,2293.35791015625,70.69701385498047
D:\vscode\workspace\recurrencePaper\YOLO-26-2\datasets\tt100k_aug_2160\test\images\98887.jpg,D:\vscode\workspace\recurrencePaper\YOLO-26-2\datasets\tt100k_aug_2160\test\labels\98887.txt,,145.64234161376953,32.384625077969844,2167.153076171875,47.4133415222168
D:\vscode\workspace\recurrencePaper\YOLO-26-2\datasets\tt100k_aug_2160\test\images\9947.jpg,D:\vscode\workspace\recurrencePaper\YOLO-26-2\datasets\tt100k_aug_2160\test\labels\9947.txt,,94.28213500976562,51.33208368956909,2075.342041015625,41.576011657714844
D:\vscode\workspace\recurrencePaper\YOLO-26-2\datasets\tt100k_aug_2160\test\images\9948.jpg,D:\vscode\workspace\recurrencePaper\YOLO-26-2\datasets\tt100k_aug_2160\test\labels\9948.txt,,139.24659729003906,36.426159984876676,2179.244140625,40.91858673095703
